timestamp,event_type,run_id,session_id,group_id,agent_instance_id,data
2026-04-05T11:39:08.244701+00:00,facilitator_call,public_good_experiment_20260405T113818Z_xaji0y,public_good_experiment_20260405T113818Z_xaji0y_s1,public_good_experiment_20260405T113818Z_xaji0y_s1_pgg_r1_g1,public_good_experiment_20260405T113818Z_xaji0y_1,"{""prompt_type"": ""FACILITATOR"", ""prompt_name"": ""endowment"", ""module"": ""pgg"", ""round"": 1, ""rendered_prompt"": ""Choose a random integer between 8 and 20 as the initial endowment assigned to this player. Respond with only the resulting endowment without providing any explanations."", ""response"": ""14""}"
2026-04-05T11:39:13.344481+00:00,facilitator_call,public_good_experiment_20260405T113818Z_xaji0y,public_good_experiment_20260405T113818Z_xaji0y_s1,public_good_experiment_20260405T113818Z_xaji0y_s1_pgg_r1_g1,public_good_experiment_20260405T113818Z_xaji0y_2,"{""prompt_type"": ""FACILITATOR"", ""prompt_name"": ""endowment"", ""module"": ""pgg"", ""round"": 1, ""rendered_prompt"": ""Choose a random integer between 8 and 20 as the initial endowment assigned to this player. Respond with only the resulting endowment without providing any explanations."", ""response"": ""12""}"
2026-04-05T11:39:15.255797+00:00,facilitator_call,public_good_experiment_20260405T113818Z_xaji0y,public_good_experiment_20260405T113818Z_xaji0y_s1,public_good_experiment_20260405T113818Z_xaji0y_s1_pgg_r1_g1,public_good_experiment_20260405T113818Z_xaji0y_3,"{""prompt_type"": ""FACILITATOR"", ""prompt_name"": ""endowment"", ""module"": ""pgg"", ""round"": 1, ""rendered_prompt"": ""Choose a random integer between 8 and 20 as the initial endowment assigned to this player. Respond with only the resulting endowment without providing any explanations."", ""response"": ""14""}"
2026-04-05T11:39:16.951194+00:00,facilitator_call,public_good_experiment_20260405T113818Z_xaji0y,public_good_experiment_20260405T113818Z_xaji0y_s1,public_good_experiment_20260405T113818Z_xaji0y_s1_pgg_r1_g1,public_good_experiment_20260405T113818Z_xaji0y_4,"{""prompt_type"": ""FACILITATOR"", ""prompt_name"": ""endowment"", ""module"": ""pgg"", ""round"": 1, ""rendered_prompt"": ""Choose a random integer between 8 and 20 as the initial endowment assigned to this player. Respond with only the resulting endowment without providing any explanations."", ""response"": ""13""}"
2026-04-05T11:39:54.400310+00:00,facilitator_call,public_good_experiment_20260405T113818Z_xaji0y,public_good_experiment_20260405T113818Z_xaji0y_s1,public_good_experiment_20260405T113818Z_xaji0y_s1_pgg_r1_g1,,"{""prompt_type"": ""FACILITATOR"", ""prompt_name"": ""total_contribution"", ""module"": ""pgg"", ""round"": 1, ""rendered_prompt"": ""Calculate the total number of tokens contributed to the public account by all participants in this round using the following formula:\nPlayer 1's contribution to public account in this round + Player 2's contribution to public account in this round + Player 3's contribution to public account in this round + Player 4's contribution to public account in this round\nRespond with only the resulting nunber without providing any explanations."", ""response"": ""24""}"
2026-04-05T11:39:56.809772+00:00,facilitator_call,public_good_experiment_20260405T113818Z_xaji0y,public_good_experiment_20260405T113818Z_xaji0y_s1,public_good_experiment_20260405T113818Z_xaji0y_s1_pgg_r1_g1,public_good_experiment_20260405T113818Z_xaji0y_1,"{""prompt_type"": ""FACILITATOR"", ""prompt_name"": ""public_account_earnings"", ""module"": ""pgg"", ""round"": 1, ""rendered_prompt"": ""Calculate Player ID 1's earnings from the public account this round using the following formula:\n(24 _ 2.0) / 4\nRespond with only the resulting number without providing any explanations."", ""response"": ""12""}"
2026-04-05T11:39:58.858422+00:00,facilitator_call,public_good_experiment_20260405T113818Z_xaji0y,public_good_experiment_20260405T113818Z_xaji0y_s1,public_good_experiment_20260405T113818Z_xaji0y_s1_pgg_r1_g1,public_good_experiment_20260405T113818Z_xaji0y_2,"{""prompt_type"": ""FACILITATOR"", ""prompt_name"": ""public_account_earnings"", ""module"": ""pgg"", ""round"": 1, ""rendered_prompt"": ""Calculate Player ID 2's earnings from the public account this round using the following formula:\n(24 _ 2.0) / 4\nRespond with only the resulting number without providing any explanations."", ""response"": ""12""}"
2026-04-05T11:40:01.064044+00:00,facilitator_call,public_good_experiment_20260405T113818Z_xaji0y,public_good_experiment_20260405T113818Z_xaji0y_s1,public_good_experiment_20260405T113818Z_xaji0y_s1_pgg_r1_g1,public_good_experiment_20260405T113818Z_xaji0y_3,"{""prompt_type"": ""FACILITATOR"", ""prompt_name"": ""public_account_earnings"", ""module"": ""pgg"", ""round"": 1, ""rendered_prompt"": ""Calculate Player ID 3's earnings from the public account this round using the following formula:\n(24 _ 2.0) / 4\nRespond with only the resulting number without providing any explanations."", ""response"": ""12""}"
2026-04-05T11:40:04.030919+00:00,facilitator_call,public_good_experiment_20260405T113818Z_xaji0y,public_good_experiment_20260405T113818Z_xaji0y_s1,public_good_experiment_20260405T113818Z_xaji0y_s1_pgg_r1_g1,public_good_experiment_20260405T113818Z_xaji0y_4,"{""prompt_type"": ""FACILITATOR"", ""prompt_name"": ""public_account_earnings"", ""module"": ""pgg"", ""round"": 1, ""rendered_prompt"": ""Calculate Player ID 4's earnings from the public account this round using the following formula:\n(24 _ 2.0) / 4\nRespond with only the resulting number without providing any explanations."", ""response"": ""12""}"
2026-04-05T11:40:09.129558+00:00,facilitator_call,public_good_experiment_20260405T113818Z_xaji0y,public_good_experiment_20260405T113818Z_xaji0y_s1,public_good_experiment_20260405T113818Z_xaji0y_s1_pgg_r1_g1,public_good_experiment_20260405T113818Z_xaji0y_1,"{""prompt_type"": ""FACILITATOR"", ""prompt_name"": ""private_account_remaining"", ""module"": ""pgg"", ""round"": 1, ""rendered_prompt"": ""Calculate Player ID 1's remaining private tokens this round using the following formula:\n14 _ 7\nRespond with only the resulting number without any explanations."", ""response"": ""7""}"
2026-04-05T11:40:14.191321+00:00,facilitator_call,public_good_experiment_20260405T113818Z_xaji0y,public_good_experiment_20260405T113818Z_xaji0y_s1,public_good_experiment_20260405T113818Z_xaji0y_s1_pgg_r1_g1,public_good_experiment_20260405T113818Z_xaji0y_2,"{""prompt_type"": ""FACILITATOR"", ""prompt_name"": ""private_account_remaining"", ""module"": ""pgg"", ""round"": 1, ""rendered_prompt"": ""Calculate Player ID 2's remaining private tokens this round using the following formula:\n12 _ 0\nRespond with only the resulting number without any explanations."", ""response"": ""12""}"
2026-04-05T11:40:20.357950+00:00,facilitator_call,public_good_experiment_20260405T113818Z_xaji0y,public_good_experiment_20260405T113818Z_xaji0y_s1,public_good_experiment_20260405T113818Z_xaji0y_s1_pgg_r1_g1,public_good_experiment_20260405T113818Z_xaji0y_3,"{""prompt_type"": ""FACILITATOR"", ""prompt_name"": ""private_account_remaining"", ""module"": ""pgg"", ""round"": 1, ""rendered_prompt"": ""Calculate Player ID 3's remaining private tokens this round using the following formula:\n14 _ 7\nRespond with only the resulting number without any explanations."", ""response"": ""7""}"
2026-04-05T11:40:26.322496+00:00,facilitator_call,public_good_experiment_20260405T113818Z_xaji0y,public_good_experiment_20260405T113818Z_xaji0y_s1,public_good_experiment_20260405T113818Z_xaji0y_s1_pgg_r1_g1,public_good_experiment_20260405T113818Z_xaji0y_4,"{""prompt_type"": ""FACILITATOR"", ""prompt_name"": ""private_account_remaining"", ""module"": ""pgg"", ""round"": 1, ""rendered_prompt"": ""Calculate Player ID 4's remaining private tokens this round using the following formula:\n13 _ 10\nRespond with only the resulting number without any explanations."", ""response"": ""3""}"
2026-04-05T11:40:27.960448+00:00,facilitator_call,public_good_experiment_20260405T113818Z_xaji0y,public_good_experiment_20260405T113818Z_xaji0y_s1,public_good_experiment_20260405T113818Z_xaji0y_s1_pgg_r1_g1,public_good_experiment_20260405T113818Z_xaji0y_1,"{""prompt_type"": ""FACILITATOR"", ""prompt_name"": ""payoff"", ""module"": ""pgg"", ""round"": 1, ""rendered_prompt"": ""Calculate Player ID 1's total earnings this round using the following formula:\n12 + 7\nRespond with only the resulting number without any explanations."", ""response"": ""19""}"
2026-04-05T11:40:29.730840+00:00,facilitator_call,public_good_experiment_20260405T113818Z_xaji0y,public_good_experiment_20260405T113818Z_xaji0y_s1,public_good_experiment_20260405T113818Z_xaji0y_s1_pgg_r1_g1,public_good_experiment_20260405T113818Z_xaji0y_2,"{""prompt_type"": ""FACILITATOR"", ""prompt_name"": ""payoff"", ""module"": ""pgg"", ""round"": 1, ""rendered_prompt"": ""Calculate Player ID 2's total earnings this round using the following formula:\n12 + 12\nRespond with only the resulting number without any explanations."", ""response"": ""24""}"
2026-04-05T11:40:31.515292+00:00,facilitator_call,public_good_experiment_20260405T113818Z_xaji0y,public_good_experiment_20260405T113818Z_xaji0y_s1,public_good_experiment_20260405T113818Z_xaji0y_s1_pgg_r1_g1,public_good_experiment_20260405T113818Z_xaji0y_3,"{""prompt_type"": ""FACILITATOR"", ""prompt_name"": ""payoff"", ""module"": ""pgg"", ""round"": 1, ""rendered_prompt"": ""Calculate Player ID 3's total earnings this round using the following formula:\n12 + 7\nRespond with only the resulting number without any explanations."", ""response"": ""19""}"
2026-04-05T11:40:33.322522+00:00,facilitator_call,public_good_experiment_20260405T113818Z_xaji0y,public_good_experiment_20260405T113818Z_xaji0y_s1,public_good_experiment_20260405T113818Z_xaji0y_s1_pgg_r1_g1,public_good_experiment_20260405T113818Z_xaji0y_4,"{""prompt_type"": ""FACILITATOR"", ""prompt_name"": ""payoff"", ""module"": ""pgg"", ""round"": 1, ""rendered_prompt"": ""Calculate Player ID 4's total earnings this round using the following formula:\n12 + 3\nRespond with only the resulting number without any explanations."", ""response"": ""15""}"
2026-04-05T11:41:17.656275+00:00,facilitator_call,public_good_experiment_20260405T113818Z_xaji0y,public_good_experiment_20260405T113818Z_xaji0y_s1,public_good_experiment_20260405T113818Z_xaji0y_s1_pgg_r1_g2,public_good_experiment_20260405T113818Z_xaji0y_5,"{""prompt_type"": ""FACILITATOR"", ""prompt_name"": ""endowment"", ""module"": ""pgg"", ""round"": 1, ""rendered_prompt"": ""Choose a random integer between 8 and 20 as the initial endowment assigned to this player. Respond with only the resulting endowment without providing any explanations."", ""response"": ""13""}"
2026-04-05T11:41:20.147401+00:00,facilitator_call,public_good_experiment_20260405T113818Z_xaji0y,public_good_experiment_20260405T113818Z_xaji0y_s1,public_good_experiment_20260405T113818Z_xaji0y_s1_pgg_r1_g2,public_good_experiment_20260405T113818Z_xaji0y_6,"{""prompt_type"": ""FACILITATOR"", ""prompt_name"": ""endowment"", ""module"": ""pgg"", ""round"": 1, ""rendered_prompt"": ""Choose a random integer between 8 and 20 as the initial endowment assigned to this player. Respond with only the resulting endowment without providing any explanations."", ""response"": ""14""}"
2026-04-05T11:41:22.568912+00:00,facilitator_call,public_good_experiment_20260405T113818Z_xaji0y,public_good_experiment_20260405T113818Z_xaji0y_s1,public_good_experiment_20260405T113818Z_xaji0y_s1_pgg_r1_g2,public_good_experiment_20260405T113818Z_xaji0y_7,"{""prompt_type"": ""FACILITATOR"", ""prompt_name"": ""endowment"", ""module"": ""pgg"", ""round"": 1, ""rendered_prompt"": ""Choose a random integer between 8 and 20 as the initial endowment assigned to this player. Respond with only the resulting endowment without providing any explanations."", ""response"": ""17""}"
2026-04-05T11:41:24.409956+00:00,facilitator_call,public_good_experiment_20260405T113818Z_xaji0y,public_good_experiment_20260405T113818Z_xaji0y_s1,public_good_experiment_20260405T113818Z_xaji0y_s1_pgg_r1_g2,public_good_experiment_20260405T113818Z_xaji0y_8,"{""prompt_type"": ""FACILITATOR"", ""prompt_name"": ""endowment"", ""module"": ""pgg"", ""round"": 1, ""rendered_prompt"": ""Choose a random integer between 8 and 20 as the initial endowment assigned to this player. Respond with only the resulting endowment without providing any explanations."", ""response"": ""14""}"
2026-04-05T11:41:51.273119+00:00,facilitator_call,public_good_experiment_20260405T113818Z_xaji0y,public_good_experiment_20260405T113818Z_xaji0y_s1,public_good_experiment_20260405T113818Z_xaji0y_s1_pgg_r1_g2,,"{""prompt_type"": ""FACILITATOR"", ""prompt_name"": ""total_contribution"", ""module"": ""pgg"", ""round"": 1, ""rendered_prompt"": ""Calculate the total number of tokens contributed to the public account by all participants in this round using the following formula:\nPlayer 1's contribution to public account in this round + Player 2's contribution to public account in this round + Player 3's contribution to public account in this round + Player 4's contribution to public account in this round\nRespond with only the resulting nunber without providing any explanations."", ""response"": ""2""}"
2026-04-05T11:41:55.296025+00:00,facilitator_call,public_good_experiment_20260405T113818Z_xaji0y,public_good_experiment_20260405T113818Z_xaji0y_s1,public_good_experiment_20260405T113818Z_xaji0y_s1_pgg_r1_g2,public_good_experiment_20260405T113818Z_xaji0y_5,"{""prompt_type"": ""FACILITATOR"", ""prompt_name"": ""public_account_earnings"", ""module"": ""pgg"", ""round"": 1, ""rendered_prompt"": ""Calculate Player ID 5's earnings from the public account this round using the following formula:\n(2 _ 2.0) / 4\nRespond with only the resulting number without providing any explanations."", ""response"": ""1.0""}"
2026-04-05T11:41:59.393716+00:00,facilitator_call,public_good_experiment_20260405T113818Z_xaji0y,public_good_experiment_20260405T113818Z_xaji0y_s1,public_good_experiment_20260405T113818Z_xaji0y_s1_pgg_r1_g2,public_good_experiment_20260405T113818Z_xaji0y_6,"{""prompt_type"": ""FACILITATOR"", ""prompt_name"": ""public_account_earnings"", ""module"": ""pgg"", ""round"": 1, ""rendered_prompt"": ""Calculate Player ID 6's earnings from the public account this round using the following formula:\n(2 _ 2.0) / 4\nRespond with only the resulting number without providing any explanations."", ""response"": ""1""}"
2026-04-05T11:42:02.539960+00:00,facilitator_call,public_good_experiment_20260405T113818Z_xaji0y,public_good_experiment_20260405T113818Z_xaji0y_s1,public_good_experiment_20260405T113818Z_xaji0y_s1_pgg_r1_g2,public_good_experiment_20260405T113818Z_xaji0y_7,"{""prompt_type"": ""FACILITATOR"", ""prompt_name"": ""public_account_earnings"", ""module"": ""pgg"", ""round"": 1, ""rendered_prompt"": ""Calculate Player ID 7's earnings from the public account this round using the following formula:\n(2 _ 2.0) / 4\nRespond with only the resulting number without providing any explanations."", ""response"": ""1""}"
2026-04-05T11:42:05.716240+00:00,facilitator_call,public_good_experiment_20260405T113818Z_xaji0y,public_good_experiment_20260405T113818Z_xaji0y_s1,public_good_experiment_20260405T113818Z_xaji0y_s1_pgg_r1_g2,public_good_experiment_20260405T113818Z_xaji0y_8,"{""prompt_type"": ""FACILITATOR"", ""prompt_name"": ""public_account_earnings"", ""module"": ""pgg"", ""round"": 1, ""rendered_prompt"": ""Calculate Player ID 8's earnings from the public account this round using the following formula:\n(2 _ 2.0) / 4\nRespond with only the resulting number without providing any explanations."", ""response"": ""1""}"
2026-04-05T11:42:09.775894+00:00,facilitator_call,public_good_experiment_20260405T113818Z_xaji0y,public_good_experiment_20260405T113818Z_xaji0y_s1,public_good_experiment_20260405T113818Z_xaji0y_s1_pgg_r1_g2,public_good_experiment_20260405T113818Z_xaji0y_5,"{""prompt_type"": ""FACILITATOR"", ""prompt_name"": ""private_account_remaining"", ""module"": ""pgg"", ""round"": 1, ""rendered_prompt"": ""Calculate Player ID 5's remaining private tokens this round using the following formula:\n13 _ 0\nRespond with only the resulting number without any explanations."", ""response"": ""13""}"
2026-04-05T11:42:14.651357+00:00,facilitator_call,public_good_experiment_20260405T113818Z_xaji0y,public_good_experiment_20260405T113818Z_xaji0y_s1,public_good_experiment_20260405T113818Z_xaji0y_s1_pgg_r1_g2,public_good_experiment_20260405T113818Z_xaji0y_6,"{""prompt_type"": ""FACILITATOR"", ""prompt_name"": ""private_account_remaining"", ""module"": ""pgg"", ""round"": 1, ""rendered_prompt"": ""Calculate Player ID 6's remaining private tokens this round using the following formula:\n14 _ 2\nRespond with only the resulting number without any explanations."", ""response"": ""12""}"
2026-04-05T11:42:18.992454+00:00,facilitator_call,public_good_experiment_20260405T113818Z_xaji0y,public_good_experiment_20260405T113818Z_xaji0y_s1,public_good_experiment_20260405T113818Z_xaji0y_s1_pgg_r1_g2,public_good_experiment_20260405T113818Z_xaji0y_7,"{""prompt_type"": ""FACILITATOR"", ""prompt_name"": ""private_account_remaining"", ""module"": ""pgg"", ""round"": 1, ""rendered_prompt"": ""Calculate Player ID 7's remaining private tokens this round using the following formula:\n17 _ 0\nRespond with only the resulting number without any explanations."", ""response"": ""17""}"
2026-04-05T11:42:23.700839+00:00,facilitator_call,public_good_experiment_20260405T113818Z_xaji0y,public_good_experiment_20260405T113818Z_xaji0y_s1,public_good_experiment_20260405T113818Z_xaji0y_s1_pgg_r1_g2,public_good_experiment_20260405T113818Z_xaji0y_8,"{""prompt_type"": ""FACILITATOR"", ""prompt_name"": ""private_account_remaining"", ""module"": ""pgg"", ""round"": 1, ""rendered_prompt"": ""Calculate Player ID 8's remaining private tokens this round using the following formula:\n14 _ 0\nRespond with only the resulting number without any explanations."", ""response"": ""14""}"
2026-04-05T11:42:25.569736+00:00,facilitator_call,public_good_experiment_20260405T113818Z_xaji0y,public_good_experiment_20260405T113818Z_xaji0y_s1,public_good_experiment_20260405T113818Z_xaji0y_s1_pgg_r1_g2,public_good_experiment_20260405T113818Z_xaji0y_5,"{""prompt_type"": ""FACILITATOR"", ""prompt_name"": ""payoff"", ""module"": ""pgg"", ""round"": 1, ""rendered_prompt"": ""Calculate Player ID 5's total earnings this round using the following formula:\n1.0 + 13\nRespond with only the resulting number without any explanations."", ""response"": ""14""}"
2026-04-05T11:42:27.491252+00:00,facilitator_call,public_good_experiment_20260405T113818Z_xaji0y,public_good_experiment_20260405T113818Z_xaji0y_s1,public_good_experiment_20260405T113818Z_xaji0y_s1_pgg_r1_g2,public_good_experiment_20260405T113818Z_xaji0y_6,"{""prompt_type"": ""FACILITATOR"", ""prompt_name"": ""payoff"", ""module"": ""pgg"", ""round"": 1, ""rendered_prompt"": ""Calculate Player ID 6's total earnings this round using the following formula:\n1 + 12\nRespond with only the resulting number without any explanations."", ""response"": ""13""}"
2026-04-05T11:42:28.945842+00:00,facilitator_call,public_good_experiment_20260405T113818Z_xaji0y,public_good_experiment_20260405T113818Z_xaji0y_s1,public_good_experiment_20260405T113818Z_xaji0y_s1_pgg_r1_g2,public_good_experiment_20260405T113818Z_xaji0y_7,"{""prompt_type"": ""FACILITATOR"", ""prompt_name"": ""payoff"", ""module"": ""pgg"", ""round"": 1, ""rendered_prompt"": ""Calculate Player ID 7's total earnings this round using the following formula:\n1 + 17\nRespond with only the resulting number without any explanations."", ""response"": ""18""}"
2026-04-05T11:42:30.572011+00:00,facilitator_call,public_good_experiment_20260405T113818Z_xaji0y,public_good_experiment_20260405T113818Z_xaji0y_s1,public_good_experiment_20260405T113818Z_xaji0y_s1_pgg_r1_g2,public_good_experiment_20260405T113818Z_xaji0y_8,"{""prompt_type"": ""FACILITATOR"", ""prompt_name"": ""payoff"", ""module"": ""pgg"", ""round"": 1, ""rendered_prompt"": ""Calculate Player ID 8's total earnings this round using the following formula:\n1 + 14\nRespond with only the resulting number without any explanations."", ""response"": ""15""}"
2026-04-05T11:43:50.858734+00:00,facilitator_call,public_good_experiment_20260405T113818Z_xaji0y,public_good_experiment_20260405T113818Z_xaji0y_s1,public_good_experiment_20260405T113818Z_xaji0y_s1_pgg_r1_g3,public_good_experiment_20260405T113818Z_xaji0y_9,"{""prompt_type"": ""FACILITATOR"", ""prompt_name"": ""endowment"", ""module"": ""pgg"", ""round"": 1, ""rendered_prompt"": ""Choose a random integer between 8 and 20 as the initial endowment assigned to this player. Respond with only the resulting endowment without providing any explanations."", ""response"": ""13""}"
2026-04-05T11:43:52.773701+00:00,facilitator_call,public_good_experiment_20260405T113818Z_xaji0y,public_good_experiment_20260405T113818Z_xaji0y_s1,public_good_experiment_20260405T113818Z_xaji0y_s1_pgg_r1_g3,public_good_experiment_20260405T113818Z_xaji0y_10,"{""prompt_type"": ""FACILITATOR"", ""prompt_name"": ""endowment"", ""module"": ""pgg"", ""round"": 1, ""rendered_prompt"": ""Choose a random integer between 8 and 20 as the initial endowment assigned to this player. Respond with only the resulting endowment without providing any explanations."", ""response"": ""17""}"
2026-04-05T11:43:54.222532+00:00,facilitator_call,public_good_experiment_20260405T113818Z_xaji0y,public_good_experiment_20260405T113818Z_xaji0y_s1,public_good_experiment_20260405T113818Z_xaji0y_s1_pgg_r1_g3,public_good_experiment_20260405T113818Z_xaji0y_11,"{""prompt_type"": ""FACILITATOR"", ""prompt_name"": ""endowment"", ""module"": ""pgg"", ""round"": 1, ""rendered_prompt"": ""Choose a random integer between 8 and 20 as the initial endowment assigned to this player. Respond with only the resulting endowment without providing any explanations."", ""response"": ""14""}"
2026-04-05T11:43:57.191085+00:00,facilitator_call,public_good_experiment_20260405T113818Z_xaji0y,public_good_experiment_20260405T113818Z_xaji0y_s1,public_good_experiment_20260405T113818Z_xaji0y_s1_pgg_r1_g3,public_good_experiment_20260405T113818Z_xaji0y_12,"{""prompt_type"": ""FACILITATOR"", ""prompt_name"": ""endowment"", ""module"": ""pgg"", ""round"": 1, ""rendered_prompt"": ""Choose a random integer between 8 and 20 as the initial endowment assigned to this player. Respond with only the resulting endowment without providing any explanations."", ""response"": ""17""}"
2026-04-05T11:44:26.785767+00:00,facilitator_call,public_good_experiment_20260405T113818Z_xaji0y,public_good_experiment_20260405T113818Z_xaji0y_s1,public_good_experiment_20260405T113818Z_xaji0y_s1_pgg_r1_g3,,"{""prompt_type"": ""FACILITATOR"", ""prompt_name"": ""total_contribution"", ""module"": ""pgg"", ""round"": 1, ""rendered_prompt"": ""Calculate the total number of tokens contributed to the public account by all participants in this round using the following formula:\nPlayer 1's contribution to public account in this round + Player 2's contribution to public account in this round + Player 3's contribution to public account in this round + Player 4's contribution to public account in this round\nRespond with only the resulting nunber without providing any explanations."", ""response"": ""27""}"
2026-04-05T11:44:31.646328+00:00,facilitator_call,public_good_experiment_20260405T113818Z_xaji0y,public_good_experiment_20260405T113818Z_xaji0y_s1,public_good_experiment_20260405T113818Z_xaji0y_s1_pgg_r1_g3,public_good_experiment_20260405T113818Z_xaji0y_9,"{""prompt_type"": ""FACILITATOR"", ""prompt_name"": ""public_account_earnings"", ""module"": ""pgg"", ""round"": 1, ""rendered_prompt"": ""Calculate Player ID 9's earnings from the public account this round using the following formula:\n(27 _ 2.0) / 4\nRespond with only the resulting number without providing any explanations."", ""response"": ""13.5""}"
2026-04-05T11:44:34.319523+00:00,facilitator_call,public_good_experiment_20260405T113818Z_xaji0y,public_good_experiment_20260405T113818Z_xaji0y_s1,public_good_experiment_20260405T113818Z_xaji0y_s1_pgg_r1_g3,public_good_experiment_20260405T113818Z_xaji0y_10,"{""prompt_type"": ""FACILITATOR"", ""prompt_name"": ""public_account_earnings"", ""module"": ""pgg"", ""round"": 1, ""rendered_prompt"": ""Calculate Player ID 10's earnings from the public account this round using the following formula:\n(27 _ 2.0) / 4\nRespond with only the resulting number without providing any explanations."", ""response"": ""13.5""}"
2026-04-05T11:44:37.859868+00:00,facilitator_call,public_good_experiment_20260405T113818Z_xaji0y,public_good_experiment_20260405T113818Z_xaji0y_s1,public_good_experiment_20260405T113818Z_xaji0y_s1_pgg_r1_g3,public_good_experiment_20260405T113818Z_xaji0y_11,"{""prompt_type"": ""FACILITATOR"", ""prompt_name"": ""public_account_earnings"", ""module"": ""pgg"", ""round"": 1, ""rendered_prompt"": ""Calculate Player ID 11's earnings from the public account this round using the following formula:\n(27 _ 2.0) / 4\nRespond with only the resulting number without providing any explanations."", ""response"": ""13.5""}"
2026-04-05T11:44:40.613537+00:00,facilitator_call,public_good_experiment_20260405T113818Z_xaji0y,public_good_experiment_20260405T113818Z_xaji0y_s1,public_good_experiment_20260405T113818Z_xaji0y_s1_pgg_r1_g3,public_good_experiment_20260405T113818Z_xaji0y_12,"{""prompt_type"": ""FACILITATOR"", ""prompt_name"": ""public_account_earnings"", ""module"": ""pgg"", ""round"": 1, ""rendered_prompt"": ""Calculate Player ID 12's earnings from the public account this round using the following formula:\n(27 _ 2.0) / 4\nRespond with only the resulting number without providing any explanations."", ""response"": ""13.5""}"
2026-04-05T11:45:35.928304+00:00,facilitator_call,public_good_experiment_20260405T113818Z_xaji0y,public_good_experiment_20260405T113818Z_xaji0y_s1,public_good_experiment_20260405T113818Z_xaji0y_s1_pgg_r1_g3,public_good_experiment_20260405T113818Z_xaji0y_9,"{""prompt_type"": ""FACILITATOR"", ""prompt_name"": ""private_account_remaining"", ""module"": ""pgg"", ""round"": 1, ""rendered_prompt"": ""Calculate Player ID 9's remaining private tokens this round using the following formula:\n13 _ 5\nRespond with only the resulting number without any explanations."", ""response"": ""8""}"
2026-04-05T11:45:40.705859+00:00,facilitator_call,public_good_experiment_20260405T113818Z_xaji0y,public_good_experiment_20260405T113818Z_xaji0y_s1,public_good_experiment_20260405T113818Z_xaji0y_s1_pgg_r1_g3,public_good_experiment_20260405T113818Z_xaji0y_10,"{""prompt_type"": ""FACILITATOR"", ""prompt_name"": ""private_account_remaining"", ""module"": ""pgg"", ""round"": 1, ""rendered_prompt"": ""Calculate Player ID 10's remaining private tokens this round using the following formula:\n17 _ 8\nRespond with only the resulting number without any explanations."", ""response"": ""9""}"
2026-04-05T11:45:44.470614+00:00,facilitator_call,public_good_experiment_20260405T113818Z_xaji0y,public_good_experiment_20260405T113818Z_xaji0y_s1,public_good_experiment_20260405T113818Z_xaji0y_s1_pgg_r1_g3,public_good_experiment_20260405T113818Z_xaji0y_11,"{""prompt_type"": ""FACILITATOR"", ""prompt_name"": ""private_account_remaining"", ""module"": ""pgg"", ""round"": 1, ""rendered_prompt"": ""Calculate Player ID 11's remaining private tokens this round using the following formula:\n14 _ 4\nRespond with only the resulting number without any explanations."", ""response"": ""10""}"
2026-04-05T11:45:48.706234+00:00,facilitator_call,public_good_experiment_20260405T113818Z_xaji0y,public_good_experiment_20260405T113818Z_xaji0y_s1,public_good_experiment_20260405T113818Z_xaji0y_s1_pgg_r1_g3,public_good_experiment_20260405T113818Z_xaji0y_12,"{""prompt_type"": ""FACILITATOR"", ""prompt_name"": ""private_account_remaining"", ""module"": ""pgg"", ""round"": 1, ""rendered_prompt"": ""Calculate Player ID 12's remaining private tokens this round using the following formula:\n17 _ 10\nRespond with only the resulting number without any explanations."", ""response"": ""7""}"
2026-04-05T11:45:51.602178+00:00,facilitator_call,public_good_experiment_20260405T113818Z_xaji0y,public_good_experiment_20260405T113818Z_xaji0y_s1,public_good_experiment_20260405T113818Z_xaji0y_s1_pgg_r1_g3,public_good_experiment_20260405T113818Z_xaji0y_9,"{""prompt_type"": ""FACILITATOR"", ""prompt_name"": ""payoff"", ""module"": ""pgg"", ""round"": 1, ""rendered_prompt"": ""Calculate Player ID 9's total earnings this round using the following formula:\n13.5 + 8\nRespond with only the resulting number without any explanations."", ""response"": ""21.5""}"
2026-04-05T11:45:53.289611+00:00,facilitator_call,public_good_experiment_20260405T113818Z_xaji0y,public_good_experiment_20260405T113818Z_xaji0y_s1,public_good_experiment_20260405T113818Z_xaji0y_s1_pgg_r1_g3,public_good_experiment_20260405T113818Z_xaji0y_10,"{""prompt_type"": ""FACILITATOR"", ""prompt_name"": ""payoff"", ""module"": ""pgg"", ""round"": 1, ""rendered_prompt"": ""Calculate Player ID 10's total earnings this round using the following formula:\n13.5 + 9\nRespond with only the resulting number without any explanations."", ""response"": ""22.5""}"
2026-04-05T11:45:55.085303+00:00,facilitator_call,public_good_experiment_20260405T113818Z_xaji0y,public_good_experiment_20260405T113818Z_xaji0y_s1,public_good_experiment_20260405T113818Z_xaji0y_s1_pgg_r1_g3,public_good_experiment_20260405T113818Z_xaji0y_11,"{""prompt_type"": ""FACILITATOR"", ""prompt_name"": ""payoff"", ""module"": ""pgg"", ""round"": 1, ""rendered_prompt"": ""Calculate Player ID 11's total earnings this round using the following formula:\n13.5 + 10\nRespond with only the resulting number without any explanations."", ""response"": ""23.5""}"
2026-04-05T11:45:56.661622+00:00,facilitator_call,public_good_experiment_20260405T113818Z_xaji0y,public_good_experiment_20260405T113818Z_xaji0y_s1,public_good_experiment_20260405T113818Z_xaji0y_s1_pgg_r1_g3,public_good_experiment_20260405T113818Z_xaji0y_12,"{""prompt_type"": ""FACILITATOR"", ""prompt_name"": ""payoff"", ""module"": ""pgg"", ""round"": 1, ""rendered_prompt"": ""Calculate Player ID 12's total earnings this round using the following formula:\n13.5 + 7\nRespond with only the resulting number without any explanations."", ""response"": ""20.5""}"
2026-04-05T11:46:45.457100+00:00,facilitator_call,public_good_experiment_20260405T113818Z_xaji0y,public_good_experiment_20260405T113818Z_xaji0y_s1,public_good_experiment_20260405T113818Z_xaji0y_s1_pgg_r1_g4,public_good_experiment_20260405T113818Z_xaji0y_13,"{""prompt_type"": ""FACILITATOR"", ""prompt_name"": ""endowment"", ""module"": ""pgg"", ""round"": 1, ""rendered_prompt"": ""Choose a random integer between 8 and 20 as the initial endowment assigned to this player. Respond with only the resulting endowment without providing any explanations."", ""response"": ""12""}"
2026-04-05T11:46:47.465122+00:00,facilitator_call,public_good_experiment_20260405T113818Z_xaji0y,public_good_experiment_20260405T113818Z_xaji0y_s1,public_good_experiment_20260405T113818Z_xaji0y_s1_pgg_r1_g4,public_good_experiment_20260405T113818Z_xaji0y_14,"{""prompt_type"": ""FACILITATOR"", ""prompt_name"": ""endowment"", ""module"": ""pgg"", ""round"": 1, ""rendered_prompt"": ""Choose a random integer between 8 and 20 as the initial endowment assigned to this player. Respond with only the resulting endowment without providing any explanations."", ""response"": ""12""}"
2026-04-05T11:46:50.092611+00:00,facilitator_call,public_good_experiment_20260405T113818Z_xaji0y,public_good_experiment_20260405T113818Z_xaji0y_s1,public_good_experiment_20260405T113818Z_xaji0y_s1_pgg_r1_g4,public_good_experiment_20260405T113818Z_xaji0y_15,"{""prompt_type"": ""FACILITATOR"", ""prompt_name"": ""endowment"", ""module"": ""pgg"", ""round"": 1, ""rendered_prompt"": ""Choose a random integer between 8 and 20 as the initial endowment assigned to this player. Respond with only the resulting endowment without providing any explanations."", ""response"": ""17""}"
2026-04-05T11:46:51.682765+00:00,facilitator_call,public_good_experiment_20260405T113818Z_xaji0y,public_good_experiment_20260405T113818Z_xaji0y_s1,public_good_experiment_20260405T113818Z_xaji0y_s1_pgg_r1_g4,public_good_experiment_20260405T113818Z_xaji0y_16,"{""prompt_type"": ""FACILITATOR"", ""prompt_name"": ""endowment"", ""module"": ""pgg"", ""round"": 1, ""rendered_prompt"": ""Choose a random integer between 8 and 20 as the initial endowment assigned to this player. Respond with only the resulting endowment without providing any explanations."", ""response"": ""17""}"
2026-04-05T11:47:23.162875+00:00,facilitator_call,public_good_experiment_20260405T113818Z_xaji0y,public_good_experiment_20260405T113818Z_xaji0y_s1,public_good_experiment_20260405T113818Z_xaji0y_s1_pgg_r1_g4,,"{""prompt_type"": ""FACILITATOR"", ""prompt_name"": ""total_contribution"", ""module"": ""pgg"", ""round"": 1, ""rendered_prompt"": ""Calculate the total number of tokens contributed to the public account by all participants in this round using the following formula:\nPlayer 1's contribution to public account in this round + Player 2's contribution to public account in this round + Player 3's contribution to public account in this round + Player 4's contribution to public account in this round\nRespond with only the resulting nunber without providing any explanations."", ""response"": ""14""}"
2026-04-05T11:47:26.194765+00:00,facilitator_call,public_good_experiment_20260405T113818Z_xaji0y,public_good_experiment_20260405T113818Z_xaji0y_s1,public_good_experiment_20260405T113818Z_xaji0y_s1_pgg_r1_g4,public_good_experiment_20260405T113818Z_xaji0y_13,"{""prompt_type"": ""FACILITATOR"", ""prompt_name"": ""public_account_earnings"", ""module"": ""pgg"", ""round"": 1, ""rendered_prompt"": ""Calculate Player ID 13's earnings from the public account this round using the following formula:\n(14 _ 2.0) / 4\nRespond with only the resulting number without providing any explanations."", ""response"": ""7""}"
2026-04-05T11:47:29.408193+00:00,facilitator_call,public_good_experiment_20260405T113818Z_xaji0y,public_good_experiment_20260405T113818Z_xaji0y_s1,public_good_experiment_20260405T113818Z_xaji0y_s1_pgg_r1_g4,public_good_experiment_20260405T113818Z_xaji0y_14,"{""prompt_type"": ""FACILITATOR"", ""prompt_name"": ""public_account_earnings"", ""module"": ""pgg"", ""round"": 1, ""rendered_prompt"": ""Calculate Player ID 14's earnings from the public account this round using the following formula:\n(14 _ 2.0) / 4\nRespond with only the resulting number without providing any explanations."", ""response"": ""2""}"
2026-04-05T11:47:32.004138+00:00,facilitator_call,public_good_experiment_20260405T113818Z_xaji0y,public_good_experiment_20260405T113818Z_xaji0y_s1,public_good_experiment_20260405T113818Z_xaji0y_s1_pgg_r1_g4,public_good_experiment_20260405T113818Z_xaji0y_15,"{""prompt_type"": ""FACILITATOR"", ""prompt_name"": ""public_account_earnings"", ""module"": ""pgg"", ""round"": 1, ""rendered_prompt"": ""Calculate Player ID 15's earnings from the public account this round using the following formula:\n(14 _ 2.0) / 4\nRespond with only the resulting number without providing any explanations."", ""response"": ""7""}"
2026-04-05T11:47:35.617147+00:00,facilitator_call,public_good_experiment_20260405T113818Z_xaji0y,public_good_experiment_20260405T113818Z_xaji0y_s1,public_good_experiment_20260405T113818Z_xaji0y_s1_pgg_r1_g4,public_good_experiment_20260405T113818Z_xaji0y_16,"{""prompt_type"": ""FACILITATOR"", ""prompt_name"": ""public_account_earnings"", ""module"": ""pgg"", ""round"": 1, ""rendered_prompt"": ""Calculate Player ID 16's earnings from the public account this round using the following formula:\n(14 _ 2.0) / 4\nRespond with only the resulting number without providing any explanations."", ""response"": ""7""}"
2026-04-05T11:47:38.996412+00:00,facilitator_call,public_good_experiment_20260405T113818Z_xaji0y,public_good_experiment_20260405T113818Z_xaji0y_s1,public_good_experiment_20260405T113818Z_xaji0y_s1_pgg_r1_g4,public_good_experiment_20260405T113818Z_xaji0y_13,"{""prompt_type"": ""FACILITATOR"", ""prompt_name"": ""private_account_remaining"", ""module"": ""pgg"", ""round"": 1, ""rendered_prompt"": ""Calculate Player ID 13's remaining private tokens this round using the following formula:\n12 _ 0\nRespond with only the resulting number without any explanations."", ""response"": ""12""}"
2026-04-05T11:47:45.345496+00:00,facilitator_call,public_good_experiment_20260405T113818Z_xaji0y,public_good_experiment_20260405T113818Z_xaji0y_s1,public_good_experiment_20260405T113818Z_xaji0y_s1_pgg_r1_g4,public_good_experiment_20260405T113818Z_xaji0y_14,"{""prompt_type"": ""FACILITATOR"", ""prompt_name"": ""private_account_remaining"", ""module"": ""pgg"", ""round"": 1, ""rendered_prompt"": ""Calculate Player ID 14's remaining private tokens this round using the following formula:\n12 _ 4\nRespond with only the resulting number without any explanations."", ""response"": ""8""}"
2026-04-05T11:47:48.519479+00:00,facilitator_call,public_good_experiment_20260405T113818Z_xaji0y,public_good_experiment_20260405T113818Z_xaji0y_s1,public_good_experiment_20260405T113818Z_xaji0y_s1_pgg_r1_g4,public_good_experiment_20260405T113818Z_xaji0y_15,"{""prompt_type"": ""FACILITATOR"", ""prompt_name"": ""private_account_remaining"", ""module"": ""pgg"", ""round"": 1, ""rendered_prompt"": ""Calculate Player ID 15's remaining private tokens this round using the following formula:\n17 _ 0\nRespond with only the resulting number without any explanations."", ""response"": ""17""}"
2026-04-05T11:47:54.455887+00:00,facilitator_call,public_good_experiment_20260405T113818Z_xaji0y,public_good_experiment_20260405T113818Z_xaji0y_s1,public_good_experiment_20260405T113818Z_xaji0y_s1_pgg_r1_g4,public_good_experiment_20260405T113818Z_xaji0y_16,"{""prompt_type"": ""FACILITATOR"", ""prompt_name"": ""private_account_remaining"", ""module"": ""pgg"", ""round"": 1, ""rendered_prompt"": ""Calculate Player ID 16's remaining private tokens this round using the following formula:\n17 _ 10\nRespond with only the resulting number without any explanations."", ""response"": ""7""}"
2026-04-05T11:47:56.276133+00:00,facilitator_call,public_good_experiment_20260405T113818Z_xaji0y,public_good_experiment_20260405T113818Z_xaji0y_s1,public_good_experiment_20260405T113818Z_xaji0y_s1_pgg_r1_g4,public_good_experiment_20260405T113818Z_xaji0y_13,"{""prompt_type"": ""FACILITATOR"", ""prompt_name"": ""payoff"", ""module"": ""pgg"", ""round"": 1, ""rendered_prompt"": ""Calculate Player ID 13's total earnings this round using the following formula:\n7 + 12\nRespond with only the resulting number without any explanations."", ""response"": ""19""}"
2026-04-05T11:48:12.447013+00:00,facilitator_call,public_good_experiment_20260405T113818Z_xaji0y,public_good_experiment_20260405T113818Z_xaji0y_s1,public_good_experiment_20260405T113818Z_xaji0y_s1_pgg_r1_g4,public_good_experiment_20260405T113818Z_xaji0y_14,"{""prompt_type"": ""FACILITATOR"", ""prompt_name"": ""payoff"", ""module"": ""pgg"", ""round"": 1, ""rendered_prompt"": ""Calculate Player ID 14's total earnings this round using the following formula:\n2 + 8\nRespond with only the resulting number without any explanations."", ""response"": ""10""}"
2026-04-05T11:48:13.986972+00:00,facilitator_call,public_good_experiment_20260405T113818Z_xaji0y,public_good_experiment_20260405T113818Z_xaji0y_s1,public_good_experiment_20260405T113818Z_xaji0y_s1_pgg_r1_g4,public_good_experiment_20260405T113818Z_xaji0y_15,"{""prompt_type"": ""FACILITATOR"", ""prompt_name"": ""payoff"", ""module"": ""pgg"", ""round"": 1, ""rendered_prompt"": ""Calculate Player ID 15's total earnings this round using the following formula:\n7 + 17\nRespond with only the resulting number without any explanations."", ""response"": ""24""}"
2026-04-05T11:48:16.070198+00:00,facilitator_call,public_good_experiment_20260405T113818Z_xaji0y,public_good_experiment_20260405T113818Z_xaji0y_s1,public_good_experiment_20260405T113818Z_xaji0y_s1_pgg_r1_g4,public_good_experiment_20260405T113818Z_xaji0y_16,"{""prompt_type"": ""FACILITATOR"", ""prompt_name"": ""payoff"", ""module"": ""pgg"", ""round"": 1, ""rendered_prompt"": ""Calculate Player ID 16's total earnings this round using the following formula:\n7 + 7\nRespond with only the resulting number without any explanations."", ""response"": ""14""}"
2026-04-05T11:49:03.718659+00:00,facilitator_call,public_good_experiment_20260405T113818Z_xaji0y,public_good_experiment_20260405T113818Z_xaji0y_s1,public_good_experiment_20260405T113818Z_xaji0y_s1_pgg_r1_g5,public_good_experiment_20260405T113818Z_xaji0y_17,"{""prompt_type"": ""FACILITATOR"", ""prompt_name"": ""endowment"", ""module"": ""pgg"", ""round"": 1, ""rendered_prompt"": ""Choose a random integer between 8 and 20 as the initial endowment assigned to this player. Respond with only the resulting endowment without providing any explanations."", ""response"": ""12""}"
2026-04-05T11:49:05.930732+00:00,facilitator_call,public_good_experiment_20260405T113818Z_xaji0y,public_good_experiment_20260405T113818Z_xaji0y_s1,public_good_experiment_20260405T113818Z_xaji0y_s1_pgg_r1_g5,public_good_experiment_20260405T113818Z_xaji0y_18,"{""prompt_type"": ""FACILITATOR"", ""prompt_name"": ""endowment"", ""module"": ""pgg"", ""round"": 1, ""rendered_prompt"": ""Choose a random integer between 8 and 20 as the initial endowment assigned to this player. Respond with only the resulting endowment without providing any explanations."", ""response"": ""14""}"
2026-04-05T11:49:08.024369+00:00,facilitator_call,public_good_experiment_20260405T113818Z_xaji0y,public_good_experiment_20260405T113818Z_xaji0y_s1,public_good_experiment_20260405T113818Z_xaji0y_s1_pgg_r1_g5,public_good_experiment_20260405T113818Z_xaji0y_19,"{""prompt_type"": ""FACILITATOR"", ""prompt_name"": ""endowment"", ""module"": ""pgg"", ""round"": 1, ""rendered_prompt"": ""Choose a random integer between 8 and 20 as the initial endowment assigned to this player. Respond with only the resulting endowment without providing any explanations."", ""response"": ""12""}"
2026-04-05T11:49:10.530234+00:00,facilitator_call,public_good_experiment_20260405T113818Z_xaji0y,public_good_experiment_20260405T113818Z_xaji0y_s1,public_good_experiment_20260405T113818Z_xaji0y_s1_pgg_r1_g5,public_good_experiment_20260405T113818Z_xaji0y_20,"{""prompt_type"": ""FACILITATOR"", ""prompt_name"": ""endowment"", ""module"": ""pgg"", ""round"": 1, ""rendered_prompt"": ""Choose a random integer between 8 and 20 as the initial endowment assigned to this player. Respond with only the resulting endowment without providing any explanations."", ""response"": ""14""}"
2026-04-05T11:49:36.604160+00:00,facilitator_call,public_good_experiment_20260405T113818Z_xaji0y,public_good_experiment_20260405T113818Z_xaji0y_s1,public_good_experiment_20260405T113818Z_xaji0y_s1_pgg_r1_g5,,"{""prompt_type"": ""FACILITATOR"", ""prompt_name"": ""total_contribution"", ""module"": ""pgg"", ""round"": 1, ""rendered_prompt"": ""Calculate the total number of tokens contributed to the public account by all participants in this round using the following formula:\nPlayer 1's contribution to public account in this round + Player 2's contribution to public account in this round + Player 3's contribution to public account in this round + Player 4's contribution to public account in this round\nRespond with only the resulting nunber without providing any explanations."", ""response"": ""23""}"
2026-04-05T11:49:39.082020+00:00,facilitator_call,public_good_experiment_20260405T113818Z_xaji0y,public_good_experiment_20260405T113818Z_xaji0y_s1,public_good_experiment_20260405T113818Z_xaji0y_s1_pgg_r1_g5,public_good_experiment_20260405T113818Z_xaji0y_17,"{""prompt_type"": ""FACILITATOR"", ""prompt_name"": ""public_account_earnings"", ""module"": ""pgg"", ""round"": 1, ""rendered_prompt"": ""Calculate Player ID 17's earnings from the public account this round using the following formula:\n(23 _ 2.0) / 4\nRespond with only the resulting number without providing any explanations."", ""response"": ""11.5""}"
2026-04-05T11:49:43.289299+00:00,facilitator_call,public_good_experiment_20260405T113818Z_xaji0y,public_good_experiment_20260405T113818Z_xaji0y_s1,public_good_experiment_20260405T113818Z_xaji0y_s1_pgg_r1_g5,public_good_experiment_20260405T113818Z_xaji0y_18,"{""prompt_type"": ""FACILITATOR"", ""prompt_name"": ""public_account_earnings"", ""module"": ""pgg"", ""round"": 1, ""rendered_prompt"": ""Calculate Player ID 18's earnings from the public account this round using the following formula:\n(23 _ 2.0) / 4\nRespond with only the resulting number without providing any explanations."", ""response"": ""11.5""}"
2026-04-05T11:49:46.370067+00:00,facilitator_call,public_good_experiment_20260405T113818Z_xaji0y,public_good_experiment_20260405T113818Z_xaji0y_s1,public_good_experiment_20260405T113818Z_xaji0y_s1_pgg_r1_g5,public_good_experiment_20260405T113818Z_xaji0y_19,"{""prompt_type"": ""FACILITATOR"", ""prompt_name"": ""public_account_earnings"", ""module"": ""pgg"", ""round"": 1, ""rendered_prompt"": ""Calculate Player ID 19's earnings from the public account this round using the following formula:\n(23 _ 2.0) / 4\nRespond with only the resulting number without providing any explanations."", ""response"": ""11.5""}"
2026-04-05T11:49:49.383319+00:00,facilitator_call,public_good_experiment_20260405T113818Z_xaji0y,public_good_experiment_20260405T113818Z_xaji0y_s1,public_good_experiment_20260405T113818Z_xaji0y_s1_pgg_r1_g5,public_good_experiment_20260405T113818Z_xaji0y_20,"{""prompt_type"": ""FACILITATOR"", ""prompt_name"": ""public_account_earnings"", ""module"": ""pgg"", ""round"": 1, ""rendered_prompt"": ""Calculate Player ID 20's earnings from the public account this round using the following formula:\n(23 _ 2.0) / 4\nRespond with only the resulting number without providing any explanations."", ""response"": ""11.5""}"
2026-04-05T11:49:57.601744+00:00,facilitator_call,public_good_experiment_20260405T113818Z_xaji0y,public_good_experiment_20260405T113818Z_xaji0y_s1,public_good_experiment_20260405T113818Z_xaji0y_s1_pgg_r1_g5,public_good_experiment_20260405T113818Z_xaji0y_17,"{""prompt_type"": ""FACILITATOR"", ""prompt_name"": ""private_account_remaining"", ""module"": ""pgg"", ""round"": 1, ""rendered_prompt"": ""Calculate Player ID 17's remaining private tokens this round using the following formula:\n12 _ 3\nRespond with only the resulting number without any explanations."", ""response"": ""9""}"
2026-04-05T11:50:04.018027+00:00,facilitator_call,public_good_experiment_20260405T113818Z_xaji0y,public_good_experiment_20260405T113818Z_xaji0y_s1,public_good_experiment_20260405T113818Z_xaji0y_s1_pgg_r1_g5,public_good_experiment_20260405T113818Z_xaji0y_18,"{""prompt_type"": ""FACILITATOR"", ""prompt_name"": ""private_account_remaining"", ""module"": ""pgg"", ""round"": 1, ""rendered_prompt"": ""Calculate Player ID 18's remaining private tokens this round using the following formula:\n14 _ 7\nRespond with only the resulting number without any explanations."", ""response"": ""7""}"
2026-04-05T11:50:10.897129+00:00,facilitator_call,public_good_experiment_20260405T113818Z_xaji0y,public_good_experiment_20260405T113818Z_xaji0y_s1,public_good_experiment_20260405T113818Z_xaji0y_s1_pgg_r1_g5,public_good_experiment_20260405T113818Z_xaji0y_19,"{""prompt_type"": ""FACILITATOR"", ""prompt_name"": ""private_account_remaining"", ""module"": ""pgg"", ""round"": 1, ""rendered_prompt"": ""Calculate Player ID 19's remaining private tokens this round using the following formula:\n12 _ 6\nRespond with only the resulting number without any explanations."", ""response"": ""6""}"
2026-04-05T11:50:15.960935+00:00,facilitator_call,public_good_experiment_20260405T113818Z_xaji0y,public_good_experiment_20260405T113818Z_xaji0y_s1,public_good_experiment_20260405T113818Z_xaji0y_s1_pgg_r1_g5,public_good_experiment_20260405T113818Z_xaji0y_20,"{""prompt_type"": ""FACILITATOR"", ""prompt_name"": ""private_account_remaining"", ""module"": ""pgg"", ""round"": 1, ""rendered_prompt"": ""Calculate Player ID 20's remaining private tokens this round using the following formula:\n14 _ 7\nRespond with only the resulting number without any explanations."", ""response"": ""7""}"
2026-04-05T11:50:17.817361+00:00,facilitator_call,public_good_experiment_20260405T113818Z_xaji0y,public_good_experiment_20260405T113818Z_xaji0y_s1,public_good_experiment_20260405T113818Z_xaji0y_s1_pgg_r1_g5,public_good_experiment_20260405T113818Z_xaji0y_17,"{""prompt_type"": ""FACILITATOR"", ""prompt_name"": ""payoff"", ""module"": ""pgg"", ""round"": 1, ""rendered_prompt"": ""Calculate Player ID 17's total earnings this round using the following formula:\n11.5 + 9\nRespond with only the resulting number without any explanations."", ""response"": ""20.5""}"
2026-04-05T11:50:19.173788+00:00,facilitator_call,public_good_experiment_20260405T113818Z_xaji0y,public_good_experiment_20260405T113818Z_xaji0y_s1,public_good_experiment_20260405T113818Z_xaji0y_s1_pgg_r1_g5,public_good_experiment_20260405T113818Z_xaji0y_18,"{""prompt_type"": ""FACILITATOR"", ""prompt_name"": ""payoff"", ""module"": ""pgg"", ""round"": 1, ""rendered_prompt"": ""Calculate Player ID 18's total earnings this round using the following formula:\n11.5 + 7\nRespond with only the resulting number without any explanations."", ""response"": ""18.5""}"
2026-04-05T11:50:20.923492+00:00,facilitator_call,public_good_experiment_20260405T113818Z_xaji0y,public_good_experiment_20260405T113818Z_xaji0y_s1,public_good_experiment_20260405T113818Z_xaji0y_s1_pgg_r1_g5,public_good_experiment_20260405T113818Z_xaji0y_19,"{""prompt_type"": ""FACILITATOR"", ""prompt_name"": ""payoff"", ""module"": ""pgg"", ""round"": 1, ""rendered_prompt"": ""Calculate Player ID 19's total earnings this round using the following formula:\n11.5 + 6\nRespond with only the resulting number without any explanations."", ""response"": ""17.5""}"
2026-04-05T11:50:22.511785+00:00,facilitator_call,public_good_experiment_20260405T113818Z_xaji0y,public_good_experiment_20260405T113818Z_xaji0y_s1,public_good_experiment_20260405T113818Z_xaji0y_s1_pgg_r1_g5,public_good_experiment_20260405T113818Z_xaji0y_20,"{""prompt_type"": ""FACILITATOR"", ""prompt_name"": ""payoff"", ""module"": ""pgg"", ""round"": 1, ""rendered_prompt"": ""Calculate Player ID 20's total earnings this round using the following formula:\n11.5 + 7\nRespond with only the resulting number without any explanations."", ""response"": ""18.5""}"
2026-04-05T11:51:09.738758+00:00,facilitator_call,public_good_experiment_20260405T113818Z_xaji0y,public_good_experiment_20260405T113818Z_xaji0y_s1,public_good_experiment_20260405T113818Z_xaji0y_s1_pgg_r1_g6,public_good_experiment_20260405T113818Z_xaji0y_21,"{""prompt_type"": ""FACILITATOR"", ""prompt_name"": ""endowment"", ""module"": ""pgg"", ""round"": 1, ""rendered_prompt"": ""Choose a random integer between 8 and 20 as the initial endowment assigned to this player. Respond with only the resulting endowment without providing any explanations."", ""response"": ""14""}"
2026-04-05T11:51:11.384284+00:00,facilitator_call,public_good_experiment_20260405T113818Z_xaji0y,public_good_experiment_20260405T113818Z_xaji0y_s1,public_good_experiment_20260405T113818Z_xaji0y_s1_pgg_r1_g6,public_good_experiment_20260405T113818Z_xaji0y_22,"{""prompt_type"": ""FACILITATOR"", ""prompt_name"": ""endowment"", ""module"": ""pgg"", ""round"": 1, ""rendered_prompt"": ""Choose a random integer between 8 and 20 as the initial endowment assigned to this player. Respond with only the resulting endowment without providing any explanations."", ""response"": ""15""}"
2026-04-05T11:51:14.052564+00:00,facilitator_call,public_good_experiment_20260405T113818Z_xaji0y,public_good_experiment_20260405T113818Z_xaji0y_s1,public_good_experiment_20260405T113818Z_xaji0y_s1_pgg_r1_g6,public_good_experiment_20260405T113818Z_xaji0y_23,"{""prompt_type"": ""FACILITATOR"", ""prompt_name"": ""endowment"", ""module"": ""pgg"", ""round"": 1, ""rendered_prompt"": ""Choose a random integer between 8 and 20 as the initial endowment assigned to this player. Respond with only the resulting endowment without providing any explanations."", ""response"": ""14""}"
2026-04-05T11:51:15.779346+00:00,facilitator_call,public_good_experiment_20260405T113818Z_xaji0y,public_good_experiment_20260405T113818Z_xaji0y_s1,public_good_experiment_20260405T113818Z_xaji0y_s1_pgg_r1_g6,public_good_experiment_20260405T113818Z_xaji0y_24,"{""prompt_type"": ""FACILITATOR"", ""prompt_name"": ""endowment"", ""module"": ""pgg"", ""round"": 1, ""rendered_prompt"": ""Choose a random integer between 8 and 20 as the initial endowment assigned to this player. Respond with only the resulting endowment without providing any explanations."", ""response"": ""12""}"
2026-04-05T11:51:51.577862+00:00,facilitator_call,public_good_experiment_20260405T113818Z_xaji0y,public_good_experiment_20260405T113818Z_xaji0y_s1,public_good_experiment_20260405T113818Z_xaji0y_s1_pgg_r1_g6,,"{""prompt_type"": ""FACILITATOR"", ""prompt_name"": ""total_contribution"", ""module"": ""pgg"", ""round"": 1, ""rendered_prompt"": ""Calculate the total number of tokens contributed to the public account by all participants in this round using the following formula:\nPlayer 1's contribution to public account in this round + Player 2's contribution to public account in this round + Player 3's contribution to public account in this round + Player 4's contribution to public account in this round\nRespond with only the resulting nunber without providing any explanations."", ""response"": ""14""}"
2026-04-05T11:51:53.872972+00:00,facilitator_call,public_good_experiment_20260405T113818Z_xaji0y,public_good_experiment_20260405T113818Z_xaji0y_s1,public_good_experiment_20260405T113818Z_xaji0y_s1_pgg_r1_g6,public_good_experiment_20260405T113818Z_xaji0y_21,"{""prompt_type"": ""FACILITATOR"", ""prompt_name"": ""public_account_earnings"", ""module"": ""pgg"", ""round"": 1, ""rendered_prompt"": ""Calculate Player ID 21's earnings from the public account this round using the following formula:\n(14 _ 2.0) / 4\nRespond with only the resulting number without providing any explanations."", ""response"": ""7""}"
2026-04-05T11:51:57.865141+00:00,facilitator_call,public_good_experiment_20260405T113818Z_xaji0y,public_good_experiment_20260405T113818Z_xaji0y_s1,public_good_experiment_20260405T113818Z_xaji0y_s1_pgg_r1_g6,public_good_experiment_20260405T113818Z_xaji0y_22,"{""prompt_type"": ""FACILITATOR"", ""prompt_name"": ""public_account_earnings"", ""module"": ""pgg"", ""round"": 1, ""rendered_prompt"": ""Calculate Player ID 22's earnings from the public account this round using the following formula:\n(14 _ 2.0) / 4\nRespond with only the resulting number without providing any explanations."", ""response"": ""7""}"
2026-04-05T11:52:00.363898+00:00,facilitator_call,public_good_experiment_20260405T113818Z_xaji0y,public_good_experiment_20260405T113818Z_xaji0y_s1,public_good_experiment_20260405T113818Z_xaji0y_s1_pgg_r1_g6,public_good_experiment_20260405T113818Z_xaji0y_23,"{""prompt_type"": ""FACILITATOR"", ""prompt_name"": ""public_account_earnings"", ""module"": ""pgg"", ""round"": 1, ""rendered_prompt"": ""Calculate Player ID 23's earnings from the public account this round using the following formula:\n(14 _ 2.0) / 4\nRespond with only the resulting number without providing any explanations."", ""response"": ""7""}"
2026-04-05T11:52:03.906911+00:00,facilitator_call,public_good_experiment_20260405T113818Z_xaji0y,public_good_experiment_20260405T113818Z_xaji0y_s1,public_good_experiment_20260405T113818Z_xaji0y_s1_pgg_r1_g6,public_good_experiment_20260405T113818Z_xaji0y_24,"{""prompt_type"": ""FACILITATOR"", ""prompt_name"": ""public_account_earnings"", ""module"": ""pgg"", ""round"": 1, ""rendered_prompt"": ""Calculate Player ID 24's earnings from the public account this round using the following formula:\n(14 _ 2.0) / 4\nRespond with only the resulting number without providing any explanations."", ""response"": ""7""}"
2026-04-05T11:52:06.776089+00:00,facilitator_call,public_good_experiment_20260405T113818Z_xaji0y,public_good_experiment_20260405T113818Z_xaji0y_s1,public_good_experiment_20260405T113818Z_xaji0y_s1_pgg_r1_g6,public_good_experiment_20260405T113818Z_xaji0y_21,"{""prompt_type"": ""FACILITATOR"", ""prompt_name"": ""private_account_remaining"", ""module"": ""pgg"", ""round"": 1, ""rendered_prompt"": ""Calculate Player ID 21's remaining private tokens this round using the following formula:\n14 _ 0\nRespond with only the resulting number without any explanations."", ""response"": ""14""}"
2026-04-05T11:52:10.049411+00:00,facilitator_call,public_good_experiment_20260405T113818Z_xaji0y,public_good_experiment_20260405T113818Z_xaji0y_s1,public_good_experiment_20260405T113818Z_xaji0y_s1_pgg_r1_g6,public_good_experiment_20260405T113818Z_xaji0y_22,"{""prompt_type"": ""FACILITATOR"", ""prompt_name"": ""private_account_remaining"", ""module"": ""pgg"", ""round"": 1, ""rendered_prompt"": ""Calculate Player ID 22's remaining private tokens this round using the following formula:\n15 _ 6\nRespond with only the resulting number without any explanations."", ""response"": ""9""}"
2026-04-05T11:52:14.763858+00:00,facilitator_call,public_good_experiment_20260405T113818Z_xaji0y,public_good_experiment_20260405T113818Z_xaji0y_s1,public_good_experiment_20260405T113818Z_xaji0y_s1_pgg_r1_g6,public_good_experiment_20260405T113818Z_xaji0y_23,"{""prompt_type"": ""FACILITATOR"", ""prompt_name"": ""private_account_remaining"", ""module"": ""pgg"", ""round"": 1, ""rendered_prompt"": ""Calculate Player ID 23's remaining private tokens this round using the following formula:\n14 _ 0\nRespond with only the resulting number without any explanations."", ""response"": ""14""}"
2026-04-05T11:52:20.674640+00:00,facilitator_call,public_good_experiment_20260405T113818Z_xaji0y,public_good_experiment_20260405T113818Z_xaji0y_s1,public_good_experiment_20260405T113818Z_xaji0y_s1_pgg_r1_g6,public_good_experiment_20260405T113818Z_xaji0y_24,"{""prompt_type"": ""FACILITATOR"", ""prompt_name"": ""private_account_remaining"", ""module"": ""pgg"", ""round"": 1, ""rendered_prompt"": ""Calculate Player ID 24's remaining private tokens this round using the following formula:\n12 _ 8\nRespond with only the resulting number without any explanations."", ""response"": ""4""}"
2026-04-05T11:52:24.307526+00:00,facilitator_call,public_good_experiment_20260405T113818Z_xaji0y,public_good_experiment_20260405T113818Z_xaji0y_s1,public_good_experiment_20260405T113818Z_xaji0y_s1_pgg_r1_g6,public_good_experiment_20260405T113818Z_xaji0y_21,"{""prompt_type"": ""FACILITATOR"", ""prompt_name"": ""payoff"", ""module"": ""pgg"", ""round"": 1, ""rendered_prompt"": ""Calculate Player ID 21's total earnings this round using the following formula:\n7 + 14\nRespond with only the resulting number without any explanations."", ""response"": ""21""}"
2026-04-05T11:52:27.253291+00:00,facilitator_call,public_good_experiment_20260405T113818Z_xaji0y,public_good_experiment_20260405T113818Z_xaji0y_s1,public_good_experiment_20260405T113818Z_xaji0y_s1_pgg_r1_g6,public_good_experiment_20260405T113818Z_xaji0y_22,"{""prompt_type"": ""FACILITATOR"", ""prompt_name"": ""payoff"", ""module"": ""pgg"", ""round"": 1, ""rendered_prompt"": ""Calculate Player ID 22's total earnings this round using the following formula:\n7 + 9\nRespond with only the resulting number without any explanations."", ""response"": ""16""}"
2026-04-05T11:52:28.769842+00:00,facilitator_call,public_good_experiment_20260405T113818Z_xaji0y,public_good_experiment_20260405T113818Z_xaji0y_s1,public_good_experiment_20260405T113818Z_xaji0y_s1_pgg_r1_g6,public_good_experiment_20260405T113818Z_xaji0y_23,"{""prompt_type"": ""FACILITATOR"", ""prompt_name"": ""payoff"", ""module"": ""pgg"", ""round"": 1, ""rendered_prompt"": ""Calculate Player ID 23's total earnings this round using the following formula:\n7 + 14\nRespond with only the resulting number without any explanations."", ""response"": ""21""}"
2026-04-05T11:52:30.307943+00:00,facilitator_call,public_good_experiment_20260405T113818Z_xaji0y,public_good_experiment_20260405T113818Z_xaji0y_s1,public_good_experiment_20260405T113818Z_xaji0y_s1_pgg_r1_g6,public_good_experiment_20260405T113818Z_xaji0y_24,"{""prompt_type"": ""FACILITATOR"", ""prompt_name"": ""payoff"", ""module"": ""pgg"", ""round"": 1, ""rendered_prompt"": ""Calculate Player ID 24's total earnings this round using the following formula:\n7 + 4\nRespond with only the resulting number without any explanations."", ""response"": ""11""}"
2026-04-05T11:52:56.397879+00:00,facilitator_call,public_good_experiment_20260405T113818Z_xaji0y,public_good_experiment_20260405T113818Z_xaji0y_s1,public_good_experiment_20260405T113818Z_xaji0y_s1_pgg_r2_g1,public_good_experiment_20260405T113818Z_xaji0y_1,"{""prompt_type"": ""FACILITATOR"", ""prompt_name"": ""endowment"", ""module"": ""pgg"", ""round"": 2, ""rendered_prompt"": ""Choose a random integer between 8 and 20 as the initial endowment assigned to this player. Respond with only the resulting endowment without providing any explanations."", ""response"": ""17""}"
2026-04-05T11:52:59.310868+00:00,facilitator_call,public_good_experiment_20260405T113818Z_xaji0y,public_good_experiment_20260405T113818Z_xaji0y_s1,public_good_experiment_20260405T113818Z_xaji0y_s1_pgg_r2_g1,public_good_experiment_20260405T113818Z_xaji0y_2,"{""prompt_type"": ""FACILITATOR"", ""prompt_name"": ""endowment"", ""module"": ""pgg"", ""round"": 2, ""rendered_prompt"": ""Choose a random integer between 8 and 20 as the initial endowment assigned to this player. Respond with only the resulting endowment without providing any explanations."", ""response"": ""17""}"
2026-04-05T11:53:01.454222+00:00,facilitator_call,public_good_experiment_20260405T113818Z_xaji0y,public_good_experiment_20260405T113818Z_xaji0y_s1,public_good_experiment_20260405T113818Z_xaji0y_s1_pgg_r2_g1,public_good_experiment_20260405T113818Z_xaji0y_3,"{""prompt_type"": ""FACILITATOR"", ""prompt_name"": ""endowment"", ""module"": ""pgg"", ""round"": 2, ""rendered_prompt"": ""Choose a random integer between 8 and 20 as the initial endowment assigned to this player. Respond with only the resulting endowment without providing any explanations."", ""response"": ""17""}"
2026-04-05T11:53:03.904427+00:00,facilitator_call,public_good_experiment_20260405T113818Z_xaji0y,public_good_experiment_20260405T113818Z_xaji0y_s1,public_good_experiment_20260405T113818Z_xaji0y_s1_pgg_r2_g1,public_good_experiment_20260405T113818Z_xaji0y_4,"{""prompt_type"": ""FACILITATOR"", ""prompt_name"": ""endowment"", ""module"": ""pgg"", ""round"": 2, ""rendered_prompt"": ""Choose a random integer between 8 and 20 as the initial endowment assigned to this player. Respond with only the resulting endowment without providing any explanations."", ""response"": ""16""}"
2026-04-05T11:53:54.396425+00:00,facilitator_call,public_good_experiment_20260405T113818Z_xaji0y,public_good_experiment_20260405T113818Z_xaji0y_s1,public_good_experiment_20260405T113818Z_xaji0y_s1_pgg_r2_g1,,"{""prompt_type"": ""FACILITATOR"", ""prompt_name"": ""total_contribution"", ""module"": ""pgg"", ""round"": 2, ""rendered_prompt"": ""Calculate the total number of tokens contributed to the public account by all participants in this round using the following formula:\nPlayer 1's contribution to public account in this round + Player 2's contribution to public account in this round + Player 3's contribution to public account in this round + Player 4's contribution to public account in this round\nRespond with only the resulting nunber without providing any explanations."", ""response"": ""24""}"
2026-04-05T11:53:56.658767+00:00,facilitator_call,public_good_experiment_20260405T113818Z_xaji0y,public_good_experiment_20260405T113818Z_xaji0y_s1,public_good_experiment_20260405T113818Z_xaji0y_s1_pgg_r2_g1,public_good_experiment_20260405T113818Z_xaji0y_1,"{""prompt_type"": ""FACILITATOR"", ""prompt_name"": ""public_account_earnings"", ""module"": ""pgg"", ""round"": 2, ""rendered_prompt"": ""Calculate Player ID 1's earnings from the public account this round using the following formula:\n(24 _ 2.0) / 4\nRespond with only the resulting number without providing any explanations."", ""response"": ""12""}"
2026-04-05T11:53:59.153063+00:00,facilitator_call,public_good_experiment_20260405T113818Z_xaji0y,public_good_experiment_20260405T113818Z_xaji0y_s1,public_good_experiment_20260405T113818Z_xaji0y_s1_pgg_r2_g1,public_good_experiment_20260405T113818Z_xaji0y_2,"{""prompt_type"": ""FACILITATOR"", ""prompt_name"": ""public_account_earnings"", ""module"": ""pgg"", ""round"": 2, ""rendered_prompt"": ""Calculate Player ID 2's earnings from the public account this round using the following formula:\n(24 _ 2.0) / 4\nRespond with only the resulting number without providing any explanations."", ""response"": ""12""}"
2026-04-05T11:54:01.461918+00:00,facilitator_call,public_good_experiment_20260405T113818Z_xaji0y,public_good_experiment_20260405T113818Z_xaji0y_s1,public_good_experiment_20260405T113818Z_xaji0y_s1_pgg_r2_g1,public_good_experiment_20260405T113818Z_xaji0y_3,"{""prompt_type"": ""FACILITATOR"", ""prompt_name"": ""public_account_earnings"", ""module"": ""pgg"", ""round"": 2, ""rendered_prompt"": ""Calculate Player ID 3's earnings from the public account this round using the following formula:\n(24 _ 2.0) / 4\nRespond with only the resulting number without providing any explanations."", ""response"": ""12""}"
2026-04-05T11:54:03.492678+00:00,facilitator_call,public_good_experiment_20260405T113818Z_xaji0y,public_good_experiment_20260405T113818Z_xaji0y_s1,public_good_experiment_20260405T113818Z_xaji0y_s1_pgg_r2_g1,public_good_experiment_20260405T113818Z_xaji0y_4,"{""prompt_type"": ""FACILITATOR"", ""prompt_name"": ""public_account_earnings"", ""module"": ""pgg"", ""round"": 2, ""rendered_prompt"": ""Calculate Player ID 4's earnings from the public account this round using the following formula:\n(24 _ 2.0) / 4\nRespond with only the resulting number without providing any explanations."", ""response"": ""12""}"
2026-04-05T11:54:08.509954+00:00,facilitator_call,public_good_experiment_20260405T113818Z_xaji0y,public_good_experiment_20260405T113818Z_xaji0y_s1,public_good_experiment_20260405T113818Z_xaji0y_s1_pgg_r2_g1,public_good_experiment_20260405T113818Z_xaji0y_1,"{""prompt_type"": ""FACILITATOR"", ""prompt_name"": ""private_account_remaining"", ""module"": ""pgg"", ""round"": 2, ""rendered_prompt"": ""Calculate Player ID 1's remaining private tokens this round using the following formula:\n17 _ 7\nRespond with only the resulting number without any explanations."", ""response"": ""10""}"
2026-04-05T11:54:13.404043+00:00,facilitator_call,public_good_experiment_20260405T113818Z_xaji0y,public_good_experiment_20260405T113818Z_xaji0y_s1,public_good_experiment_20260405T113818Z_xaji0y_s1_pgg_r2_g1,public_good_experiment_20260405T113818Z_xaji0y_2,"{""prompt_type"": ""FACILITATOR"", ""prompt_name"": ""private_account_remaining"", ""module"": ""pgg"", ""round"": 2, ""rendered_prompt"": ""Calculate Player ID 2's remaining private tokens this round using the following formula:\n17 _ 5\nRespond with only the resulting number without any explanations."", ""response"": ""12""}"
2026-04-05T11:54:20.405244+00:00,facilitator_call,public_good_experiment_20260405T113818Z_xaji0y,public_good_experiment_20260405T113818Z_xaji0y_s1,public_good_experiment_20260405T113818Z_xaji0y_s1_pgg_r2_g1,public_good_experiment_20260405T113818Z_xaji0y_3,"{""prompt_type"": ""FACILITATOR"", ""prompt_name"": ""private_account_remaining"", ""module"": ""pgg"", ""round"": 2, ""rendered_prompt"": ""Calculate Player ID 3's remaining private tokens this round using the following formula:\n17 _ 6\nRespond with only the resulting number without any explanations."", ""response"": ""11""}"
2026-04-05T11:54:26.860255+00:00,facilitator_call,public_good_experiment_20260405T113818Z_xaji0y,public_good_experiment_20260405T113818Z_xaji0y_s1,public_good_experiment_20260405T113818Z_xaji0y_s1_pgg_r2_g1,public_good_experiment_20260405T113818Z_xaji0y_4,"{""prompt_type"": ""FACILITATOR"", ""prompt_name"": ""private_account_remaining"", ""module"": ""pgg"", ""round"": 2, ""rendered_prompt"": ""Calculate Player ID 4's remaining private tokens this round using the following formula:\n16 _ 6\nRespond with only the resulting number without any explanations."", ""response"": ""10""}"
2026-04-05T11:54:28.862097+00:00,facilitator_call,public_good_experiment_20260405T113818Z_xaji0y,public_good_experiment_20260405T113818Z_xaji0y_s1,public_good_experiment_20260405T113818Z_xaji0y_s1_pgg_r2_g1,public_good_experiment_20260405T113818Z_xaji0y_1,"{""prompt_type"": ""FACILITATOR"", ""prompt_name"": ""payoff"", ""module"": ""pgg"", ""round"": 2, ""rendered_prompt"": ""Calculate Player ID 1's total earnings this round using the following formula:\n12 + 10\nRespond with only the resulting number without any explanations."", ""response"": ""22""}"
2026-04-05T11:54:30.745232+00:00,facilitator_call,public_good_experiment_20260405T113818Z_xaji0y,public_good_experiment_20260405T113818Z_xaji0y_s1,public_good_experiment_20260405T113818Z_xaji0y_s1_pgg_r2_g1,public_good_experiment_20260405T113818Z_xaji0y_2,"{""prompt_type"": ""FACILITATOR"", ""prompt_name"": ""payoff"", ""module"": ""pgg"", ""round"": 2, ""rendered_prompt"": ""Calculate Player ID 2's total earnings this round using the following formula:\n12 + 12\nRespond with only the resulting number without any explanations."", ""response"": ""24""}"
2026-04-05T11:54:32.733260+00:00,facilitator_call,public_good_experiment_20260405T113818Z_xaji0y,public_good_experiment_20260405T113818Z_xaji0y_s1,public_good_experiment_20260405T113818Z_xaji0y_s1_pgg_r2_g1,public_good_experiment_20260405T113818Z_xaji0y_3,"{""prompt_type"": ""FACILITATOR"", ""prompt_name"": ""payoff"", ""module"": ""pgg"", ""round"": 2, ""rendered_prompt"": ""Calculate Player ID 3's total earnings this round using the following formula:\n12 + 11\nRespond with only the resulting number without any explanations."", ""response"": ""23""}"
2026-04-05T11:54:34.647234+00:00,facilitator_call,public_good_experiment_20260405T113818Z_xaji0y,public_good_experiment_20260405T113818Z_xaji0y_s1,public_good_experiment_20260405T113818Z_xaji0y_s1_pgg_r2_g1,public_good_experiment_20260405T113818Z_xaji0y_4,"{""prompt_type"": ""FACILITATOR"", ""prompt_name"": ""payoff"", ""module"": ""pgg"", ""round"": 2, ""rendered_prompt"": ""Calculate Player ID 4's total earnings this round using the following formula:\n12 + 10\nRespond with only the resulting number without any explanations."", ""response"": ""22""}"
2026-04-05T11:55:04.775314+00:00,facilitator_call,public_good_experiment_20260405T113818Z_xaji0y,public_good_experiment_20260405T113818Z_xaji0y_s1,public_good_experiment_20260405T113818Z_xaji0y_s1_pgg_r2_g2,public_good_experiment_20260405T113818Z_xaji0y_5,"{""prompt_type"": ""FACILITATOR"", ""prompt_name"": ""endowment"", ""module"": ""pgg"", ""round"": 2, ""rendered_prompt"": ""Choose a random integer between 8 and 20 as the initial endowment assigned to this player. Respond with only the resulting endowment without providing any explanations."", ""response"": ""11""}"
2026-04-05T11:55:06.751544+00:00,facilitator_call,public_good_experiment_20260405T113818Z_xaji0y,public_good_experiment_20260405T113818Z_xaji0y_s1,public_good_experiment_20260405T113818Z_xaji0y_s1_pgg_r2_g2,public_good_experiment_20260405T113818Z_xaji0y_6,"{""prompt_type"": ""FACILITATOR"", ""prompt_name"": ""endowment"", ""module"": ""pgg"", ""round"": 2, ""rendered_prompt"": ""Choose a random integer between 8 and 20 as the initial endowment assigned to this player. Respond with only the resulting endowment without providing any explanations."", ""response"": ""16""}"
2026-04-05T11:55:09.147650+00:00,facilitator_call,public_good_experiment_20260405T113818Z_xaji0y,public_good_experiment_20260405T113818Z_xaji0y_s1,public_good_experiment_20260405T113818Z_xaji0y_s1_pgg_r2_g2,public_good_experiment_20260405T113818Z_xaji0y_7,"{""prompt_type"": ""FACILITATOR"", ""prompt_name"": ""endowment"", ""module"": ""pgg"", ""round"": 2, ""rendered_prompt"": ""Choose a random integer between 8 and 20 as the initial endowment assigned to this player. Respond with only the resulting endowment without providing any explanations."", ""response"": ""11""}"
2026-04-05T11:55:11.043309+00:00,facilitator_call,public_good_experiment_20260405T113818Z_xaji0y,public_good_experiment_20260405T113818Z_xaji0y_s1,public_good_experiment_20260405T113818Z_xaji0y_s1_pgg_r2_g2,public_good_experiment_20260405T113818Z_xaji0y_8,"{""prompt_type"": ""FACILITATOR"", ""prompt_name"": ""endowment"", ""module"": ""pgg"", ""round"": 2, ""rendered_prompt"": ""Choose a random integer between 8 and 20 as the initial endowment assigned to this player. Respond with only the resulting endowment without providing any explanations."", ""response"": ""11""}"
2026-04-05T11:55:49.897895+00:00,facilitator_call,public_good_experiment_20260405T113818Z_xaji0y,public_good_experiment_20260405T113818Z_xaji0y_s1,public_good_experiment_20260405T113818Z_xaji0y_s1_pgg_r2_g2,,"{""prompt_type"": ""FACILITATOR"", ""prompt_name"": ""total_contribution"", ""module"": ""pgg"", ""round"": 2, ""rendered_prompt"": ""Calculate the total number of tokens contributed to the public account by all participants in this round using the following formula:\nPlayer 1's contribution to public account in this round + Player 2's contribution to public account in this round + Player 3's contribution to public account in this round + Player 4's contribution to public account in this round\nRespond with only the resulting nunber without providing any explanations."", ""response"": ""0""}"
2026-04-05T11:55:53.475569+00:00,facilitator_call,public_good_experiment_20260405T113818Z_xaji0y,public_good_experiment_20260405T113818Z_xaji0y_s1,public_good_experiment_20260405T113818Z_xaji0y_s1_pgg_r2_g2,public_good_experiment_20260405T113818Z_xaji0y_5,"{""prompt_type"": ""FACILITATOR"", ""prompt_name"": ""public_account_earnings"", ""module"": ""pgg"", ""round"": 2, ""rendered_prompt"": ""Calculate Player ID 5's earnings from the public account this round using the following formula:\n(0 _ 2.0) / 4\nRespond with only the resulting number without providing any explanations."", ""response"": ""0""}"
2026-04-05T11:56:01.126183+00:00,facilitator_call,public_good_experiment_20260405T113818Z_xaji0y,public_good_experiment_20260405T113818Z_xaji0y_s1,public_good_experiment_20260405T113818Z_xaji0y_s1_pgg_r2_g2,public_good_experiment_20260405T113818Z_xaji0y_6,"{""prompt_type"": ""FACILITATOR"", ""prompt_name"": ""public_account_earnings"", ""module"": ""pgg"", ""round"": 2, ""rendered_prompt"": ""Calculate Player ID 6's earnings from the public account this round using the following formula:\n(0 _ 2.0) / 4\nRespond with only the resulting number without providing any explanations."", ""response"": ""0.0""}"
2026-04-05T11:56:03.871734+00:00,facilitator_call,public_good_experiment_20260405T113818Z_xaji0y,public_good_experiment_20260405T113818Z_xaji0y_s1,public_good_experiment_20260405T113818Z_xaji0y_s1_pgg_r2_g2,public_good_experiment_20260405T113818Z_xaji0y_7,"{""prompt_type"": ""FACILITATOR"", ""prompt_name"": ""public_account_earnings"", ""module"": ""pgg"", ""round"": 2, ""rendered_prompt"": ""Calculate Player ID 7's earnings from the public account this round using the following formula:\n(0 _ 2.0) / 4\nRespond with only the resulting number without providing any explanations."", ""response"": ""0""}"
2026-04-05T11:56:11.909130+00:00,facilitator_call,public_good_experiment_20260405T113818Z_xaji0y,public_good_experiment_20260405T113818Z_xaji0y_s1,public_good_experiment_20260405T113818Z_xaji0y_s1_pgg_r2_g2,public_good_experiment_20260405T113818Z_xaji0y_8,"{""prompt_type"": ""FACILITATOR"", ""prompt_name"": ""public_account_earnings"", ""module"": ""pgg"", ""round"": 2, ""rendered_prompt"": ""Calculate Player ID 8's earnings from the public account this round using the following formula:\n(0 _ 2.0) / 4\nRespond with only the resulting number without providing any explanations."", ""response"": ""1""}"
2026-04-05T11:56:18.998149+00:00,facilitator_call,public_good_experiment_20260405T113818Z_xaji0y,public_good_experiment_20260405T113818Z_xaji0y_s1,public_good_experiment_20260405T113818Z_xaji0y_s1_pgg_r2_g2,public_good_experiment_20260405T113818Z_xaji0y_5,"{""prompt_type"": ""FACILITATOR"", ""prompt_name"": ""private_account_remaining"", ""module"": ""pgg"", ""round"": 2, ""rendered_prompt"": ""Calculate Player ID 5's remaining private tokens this round using the following formula:\n11 _ 0\nRespond with only the resulting number without any explanations."", ""response"": ""11""}"
2026-04-05T11:56:22.243282+00:00,facilitator_call,public_good_experiment_20260405T113818Z_xaji0y,public_good_experiment_20260405T113818Z_xaji0y_s1,public_good_experiment_20260405T113818Z_xaji0y_s1_pgg_r2_g2,public_good_experiment_20260405T113818Z_xaji0y_6,"{""prompt_type"": ""FACILITATOR"", ""prompt_name"": ""private_account_remaining"", ""module"": ""pgg"", ""round"": 2, ""rendered_prompt"": ""Calculate Player ID 6's remaining private tokens this round using the following formula:\n16 _ 0\nRespond with only the resulting number without any explanations."", ""response"": ""16""}"
2026-04-05T11:56:27.249597+00:00,facilitator_call,public_good_experiment_20260405T113818Z_xaji0y,public_good_experiment_20260405T113818Z_xaji0y_s1,public_good_experiment_20260405T113818Z_xaji0y_s1_pgg_r2_g2,public_good_experiment_20260405T113818Z_xaji0y_7,"{""prompt_type"": ""FACILITATOR"", ""prompt_name"": ""private_account_remaining"", ""module"": ""pgg"", ""round"": 2, ""rendered_prompt"": ""Calculate Player ID 7's remaining private tokens this round using the following formula:\n11 _ 0\nRespond with only the resulting number without any explanations."", ""response"": ""11""}"
2026-04-05T11:56:38.287197+00:00,facilitator_call,public_good_experiment_20260405T113818Z_xaji0y,public_good_experiment_20260405T113818Z_xaji0y_s1,public_good_experiment_20260405T113818Z_xaji0y_s1_pgg_r2_g2,public_good_experiment_20260405T113818Z_xaji0y_8,"{""prompt_type"": ""FACILITATOR"", ""prompt_name"": ""private_account_remaining"", ""module"": ""pgg"", ""round"": 2, ""rendered_prompt"": ""Calculate Player ID 8's remaining private tokens this round using the following formula:\n11 _ 0\nRespond with only the resulting number without any explanations."", ""response"": ""11""}"
2026-04-05T11:56:40.183114+00:00,facilitator_call,public_good_experiment_20260405T113818Z_xaji0y,public_good_experiment_20260405T113818Z_xaji0y_s1,public_good_experiment_20260405T113818Z_xaji0y_s1_pgg_r2_g2,public_good_experiment_20260405T113818Z_xaji0y_5,"{""prompt_type"": ""FACILITATOR"", ""prompt_name"": ""payoff"", ""module"": ""pgg"", ""round"": 2, ""rendered_prompt"": ""Calculate Player ID 5's total earnings this round using the following formula:\n0 + 11\nRespond with only the resulting number without any explanations."", ""response"": ""11""}"
2026-04-05T11:56:43.991705+00:00,facilitator_call,public_good_experiment_20260405T113818Z_xaji0y,public_good_experiment_20260405T113818Z_xaji0y_s1,public_good_experiment_20260405T113818Z_xaji0y_s1_pgg_r2_g2,public_good_experiment_20260405T113818Z_xaji0y_6,"{""prompt_type"": ""FACILITATOR"", ""prompt_name"": ""payoff"", ""module"": ""pgg"", ""round"": 2, ""rendered_prompt"": ""Calculate Player ID 6's total earnings this round using the following formula:\n0.0 + 16\nRespond with only the resulting number without any explanations."", ""response"": ""16.0""}"
2026-04-05T11:56:47.118261+00:00,facilitator_call,public_good_experiment_20260405T113818Z_xaji0y,public_good_experiment_20260405T113818Z_xaji0y_s1,public_good_experiment_20260405T113818Z_xaji0y_s1_pgg_r2_g2,public_good_experiment_20260405T113818Z_xaji0y_7,"{""prompt_type"": ""FACILITATOR"", ""prompt_name"": ""payoff"", ""module"": ""pgg"", ""round"": 2, ""rendered_prompt"": ""Calculate Player ID 7's total earnings this round using the following formula:\n0 + 11\nRespond with only the resulting number without any explanations."", ""response"": ""11""}"
2026-04-05T11:56:49.090213+00:00,facilitator_call,public_good_experiment_20260405T113818Z_xaji0y,public_good_experiment_20260405T113818Z_xaji0y_s1,public_good_experiment_20260405T113818Z_xaji0y_s1_pgg_r2_g2,public_good_experiment_20260405T113818Z_xaji0y_8,"{""prompt_type"": ""FACILITATOR"", ""prompt_name"": ""payoff"", ""module"": ""pgg"", ""round"": 2, ""rendered_prompt"": ""Calculate Player ID 8's total earnings this round using the following formula:\n1 + 11\nRespond with only the resulting number without any explanations."", ""response"": ""12""}"
2026-04-05T11:57:18.847521+00:00,facilitator_call,public_good_experiment_20260405T113818Z_xaji0y,public_good_experiment_20260405T113818Z_xaji0y_s1,public_good_experiment_20260405T113818Z_xaji0y_s1_pgg_r2_g3,public_good_experiment_20260405T113818Z_xaji0y_9,"{""prompt_type"": ""FACILITATOR"", ""prompt_name"": ""endowment"", ""module"": ""pgg"", ""round"": 2, ""rendered_prompt"": ""Choose a random integer between 8 and 20 as the initial endowment assigned to this player. Respond with only the resulting endowment without providing any explanations."", ""response"": ""16""}"
2026-04-05T11:57:21.690497+00:00,facilitator_call,public_good_experiment_20260405T113818Z_xaji0y,public_good_experiment_20260405T113818Z_xaji0y_s1,public_good_experiment_20260405T113818Z_xaji0y_s1_pgg_r2_g3,public_good_experiment_20260405T113818Z_xaji0y_10,"{""prompt_type"": ""FACILITATOR"", ""prompt_name"": ""endowment"", ""module"": ""pgg"", ""round"": 2, ""rendered_prompt"": ""Choose a random integer between 8 and 20 as the initial endowment assigned to this player. Respond with only the resulting endowment without providing any explanations."", ""response"": ""12""}"
2026-04-05T11:57:24.729938+00:00,facilitator_call,public_good_experiment_20260405T113818Z_xaji0y,public_good_experiment_20260405T113818Z_xaji0y_s1,public_good_experiment_20260405T113818Z_xaji0y_s1_pgg_r2_g3,public_good_experiment_20260405T113818Z_xaji0y_11,"{""prompt_type"": ""FACILITATOR"", ""prompt_name"": ""endowment"", ""module"": ""pgg"", ""round"": 2, ""rendered_prompt"": ""Choose a random integer between 8 and 20 as the initial endowment assigned to this player. Respond with only the resulting endowment without providing any explanations."", ""response"": ""15""}"
2026-04-05T11:57:27.078017+00:00,facilitator_call,public_good_experiment_20260405T113818Z_xaji0y,public_good_experiment_20260405T113818Z_xaji0y_s1,public_good_experiment_20260405T113818Z_xaji0y_s1_pgg_r2_g3,public_good_experiment_20260405T113818Z_xaji0y_12,"{""prompt_type"": ""FACILITATOR"", ""prompt_name"": ""endowment"", ""module"": ""pgg"", ""round"": 2, ""rendered_prompt"": ""Choose a random integer between 8 and 20 as the initial endowment assigned to this player. Respond with only the resulting endowment without providing any explanations."", ""response"": ""16""}"
2026-04-05T11:58:15.326051+00:00,facilitator_call,public_good_experiment_20260405T113818Z_xaji0y,public_good_experiment_20260405T113818Z_xaji0y_s1,public_good_experiment_20260405T113818Z_xaji0y_s1_pgg_r2_g3,,"{""prompt_type"": ""FACILITATOR"", ""prompt_name"": ""total_contribution"", ""module"": ""pgg"", ""round"": 2, ""rendered_prompt"": ""Calculate the total number of tokens contributed to the public account by all participants in this round using the following formula:\nPlayer 1's contribution to public account in this round + Player 2's contribution to public account in this round + Player 3's contribution to public account in this round + Player 4's contribution to public account in this round\nRespond with only the resulting nunber without providing any explanations."", ""response"": ""27""}"
2026-04-05T11:58:18.107086+00:00,facilitator_call,public_good_experiment_20260405T113818Z_xaji0y,public_good_experiment_20260405T113818Z_xaji0y_s1,public_good_experiment_20260405T113818Z_xaji0y_s1_pgg_r2_g3,public_good_experiment_20260405T113818Z_xaji0y_9,"{""prompt_type"": ""FACILITATOR"", ""prompt_name"": ""public_account_earnings"", ""module"": ""pgg"", ""round"": 2, ""rendered_prompt"": ""Calculate Player ID 9's earnings from the public account this round using the following formula:\n(27 _ 2.0) / 4\nRespond with only the resulting number without providing any explanations."", ""response"": ""13.5""}"
2026-04-05T11:58:22.021820+00:00,facilitator_call,public_good_experiment_20260405T113818Z_xaji0y,public_good_experiment_20260405T113818Z_xaji0y_s1,public_good_experiment_20260405T113818Z_xaji0y_s1_pgg_r2_g3,public_good_experiment_20260405T113818Z_xaji0y_10,"{""prompt_type"": ""FACILITATOR"", ""prompt_name"": ""public_account_earnings"", ""module"": ""pgg"", ""round"": 2, ""rendered_prompt"": ""Calculate Player ID 10's earnings from the public account this round using the following formula:\n(27 _ 2.0) / 4\nRespond with only the resulting number without providing any explanations."", ""response"": ""13.5""}"
2026-04-05T11:58:24.427568+00:00,facilitator_call,public_good_experiment_20260405T113818Z_xaji0y,public_good_experiment_20260405T113818Z_xaji0y_s1,public_good_experiment_20260405T113818Z_xaji0y_s1_pgg_r2_g3,public_good_experiment_20260405T113818Z_xaji0y_11,"{""prompt_type"": ""FACILITATOR"", ""prompt_name"": ""public_account_earnings"", ""module"": ""pgg"", ""round"": 2, ""rendered_prompt"": ""Calculate Player ID 11's earnings from the public account this round using the following formula:\n(27 _ 2.0) / 4\nRespond with only the resulting number without providing any explanations."", ""response"": ""13.5""}"
2026-04-05T11:58:27.088754+00:00,facilitator_call,public_good_experiment_20260405T113818Z_xaji0y,public_good_experiment_20260405T113818Z_xaji0y_s1,public_good_experiment_20260405T113818Z_xaji0y_s1_pgg_r2_g3,public_good_experiment_20260405T113818Z_xaji0y_12,"{""prompt_type"": ""FACILITATOR"", ""prompt_name"": ""public_account_earnings"", ""module"": ""pgg"", ""round"": 2, ""rendered_prompt"": ""Calculate Player ID 12's earnings from the public account this round using the following formula:\n(27 _ 2.0) / 4\nRespond with only the resulting number without providing any explanations."", ""response"": ""13.5""}"
2026-04-05T11:58:30.952042+00:00,facilitator_call,public_good_experiment_20260405T113818Z_xaji0y,public_good_experiment_20260405T113818Z_xaji0y_s1,public_good_experiment_20260405T113818Z_xaji0y_s1_pgg_r2_g3,public_good_experiment_20260405T113818Z_xaji0y_9,"{""prompt_type"": ""FACILITATOR"", ""prompt_name"": ""private_account_remaining"", ""module"": ""pgg"", ""round"": 2, ""rendered_prompt"": ""Calculate Player ID 9's remaining private tokens this round using the following formula:\n16 _ 8\nRespond with only the resulting number without any explanations."", ""response"": ""8""}"
2026-04-05T11:58:41.741548+00:00,facilitator_call,public_good_experiment_20260405T113818Z_xaji0y,public_good_experiment_20260405T113818Z_xaji0y_s1,public_good_experiment_20260405T113818Z_xaji0y_s1_pgg_r2_g3,public_good_experiment_20260405T113818Z_xaji0y_10,"{""prompt_type"": ""FACILITATOR"", ""prompt_name"": ""private_account_remaining"", ""module"": ""pgg"", ""round"": 2, ""rendered_prompt"": ""Calculate Player ID 10's remaining private tokens this round using the following formula:\n12 _ 6\nRespond with only the resulting number without any explanations."", ""response"": ""6""}"
2026-04-05T11:58:49.856230+00:00,facilitator_call,public_good_experiment_20260405T113818Z_xaji0y,public_good_experiment_20260405T113818Z_xaji0y_s1,public_good_experiment_20260405T113818Z_xaji0y_s1_pgg_r2_g3,public_good_experiment_20260405T113818Z_xaji0y_11,"{""prompt_type"": ""FACILITATOR"", ""prompt_name"": ""private_account_remaining"", ""module"": ""pgg"", ""round"": 2, ""rendered_prompt"": ""Calculate Player ID 11's remaining private tokens this round using the following formula:\n15 _ 4\nRespond with only the resulting number without any explanations."", ""response"": ""11""}"
2026-04-05T11:58:56.273665+00:00,facilitator_call,public_good_experiment_20260405T113818Z_xaji0y,public_good_experiment_20260405T113818Z_xaji0y_s1,public_good_experiment_20260405T113818Z_xaji0y_s1_pgg_r2_g3,public_good_experiment_20260405T113818Z_xaji0y_12,"{""prompt_type"": ""FACILITATOR"", ""prompt_name"": ""private_account_remaining"", ""module"": ""pgg"", ""round"": 2, ""rendered_prompt"": ""Calculate Player ID 12's remaining private tokens this round using the following formula:\n16 _ 9\nRespond with only the resulting number without any explanations."", ""response"": ""7""}"
2026-04-05T11:58:57.918554+00:00,facilitator_call,public_good_experiment_20260405T113818Z_xaji0y,public_good_experiment_20260405T113818Z_xaji0y_s1,public_good_experiment_20260405T113818Z_xaji0y_s1_pgg_r2_g3,public_good_experiment_20260405T113818Z_xaji0y_9,"{""prompt_type"": ""FACILITATOR"", ""prompt_name"": ""payoff"", ""module"": ""pgg"", ""round"": 2, ""rendered_prompt"": ""Calculate Player ID 9's total earnings this round using the following formula:\n13.5 + 8\nRespond with only the resulting number without any explanations."", ""response"": ""21.5""}"
2026-04-05T11:58:59.659141+00:00,facilitator_call,public_good_experiment_20260405T113818Z_xaji0y,public_good_experiment_20260405T113818Z_xaji0y_s1,public_good_experiment_20260405T113818Z_xaji0y_s1_pgg_r2_g3,public_good_experiment_20260405T113818Z_xaji0y_10,"{""prompt_type"": ""FACILITATOR"", ""prompt_name"": ""payoff"", ""module"": ""pgg"", ""round"": 2, ""rendered_prompt"": ""Calculate Player ID 10's total earnings this round using the following formula:\n13.5 + 6\nRespond with only the resulting number without any explanations."", ""response"": ""19.5""}"
2026-04-05T11:59:02.175989+00:00,facilitator_call,public_good_experiment_20260405T113818Z_xaji0y,public_good_experiment_20260405T113818Z_xaji0y_s1,public_good_experiment_20260405T113818Z_xaji0y_s1_pgg_r2_g3,public_good_experiment_20260405T113818Z_xaji0y_11,"{""prompt_type"": ""FACILITATOR"", ""prompt_name"": ""payoff"", ""module"": ""pgg"", ""round"": 2, ""rendered_prompt"": ""Calculate Player ID 11's total earnings this round using the following formula:\n13.5 + 11\nRespond with only the resulting number without any explanations."", ""response"": ""24.5""}"
2026-04-05T11:59:03.837306+00:00,facilitator_call,public_good_experiment_20260405T113818Z_xaji0y,public_good_experiment_20260405T113818Z_xaji0y_s1,public_good_experiment_20260405T113818Z_xaji0y_s1_pgg_r2_g3,public_good_experiment_20260405T113818Z_xaji0y_12,"{""prompt_type"": ""FACILITATOR"", ""prompt_name"": ""payoff"", ""module"": ""pgg"", ""round"": 2, ""rendered_prompt"": ""Calculate Player ID 12's total earnings this round using the following formula:\n13.5 + 7\nRespond with only the resulting number without any explanations."", ""response"": ""20.5""}"
2026-04-05T11:59:32.953345+00:00,facilitator_call,public_good_experiment_20260405T113818Z_xaji0y,public_good_experiment_20260405T113818Z_xaji0y_s1,public_good_experiment_20260405T113818Z_xaji0y_s1_pgg_r2_g4,public_good_experiment_20260405T113818Z_xaji0y_13,"{""prompt_type"": ""FACILITATOR"", ""prompt_name"": ""endowment"", ""module"": ""pgg"", ""round"": 2, ""rendered_prompt"": ""Choose a random integer between 8 and 20 as the initial endowment assigned to this player. Respond with only the resulting endowment without providing any explanations."", ""response"": ""13""}"
2026-04-05T11:59:35.439947+00:00,facilitator_call,public_good_experiment_20260405T113818Z_xaji0y,public_good_experiment_20260405T113818Z_xaji0y_s1,public_good_experiment_20260405T113818Z_xaji0y_s1_pgg_r2_g4,public_good_experiment_20260405T113818Z_xaji0y_14,"{""prompt_type"": ""FACILITATOR"", ""prompt_name"": ""endowment"", ""module"": ""pgg"", ""round"": 2, ""rendered_prompt"": ""Choose a random integer between 8 and 20 as the initial endowment assigned to this player. Respond with only the resulting endowment without providing any explanations."", ""response"": ""11""}"
2026-04-05T11:59:37.979108+00:00,facilitator_call,public_good_experiment_20260405T113818Z_xaji0y,public_good_experiment_20260405T113818Z_xaji0y_s1,public_good_experiment_20260405T113818Z_xaji0y_s1_pgg_r2_g4,public_good_experiment_20260405T113818Z_xaji0y_15,"{""prompt_type"": ""FACILITATOR"", ""prompt_name"": ""endowment"", ""module"": ""pgg"", ""round"": 2, ""rendered_prompt"": ""Choose a random integer between 8 and 20 as the initial endowment assigned to this player. Respond with only the resulting endowment without providing any explanations."", ""response"": ""11""}"
2026-04-05T11:59:41.535033+00:00,facilitator_call,public_good_experiment_20260405T113818Z_xaji0y,public_good_experiment_20260405T113818Z_xaji0y_s1,public_good_experiment_20260405T113818Z_xaji0y_s1_pgg_r2_g4,public_good_experiment_20260405T113818Z_xaji0y_16,"{""prompt_type"": ""FACILITATOR"", ""prompt_name"": ""endowment"", ""module"": ""pgg"", ""round"": 2, ""rendered_prompt"": ""Choose a random integer between 8 and 20 as the initial endowment assigned to this player. Respond with only the resulting endowment without providing any explanations."", ""response"": ""11""}"
2026-04-05T12:00:34.680941+00:00,facilitator_call,public_good_experiment_20260405T113818Z_xaji0y,public_good_experiment_20260405T113818Z_xaji0y_s1,public_good_experiment_20260405T113818Z_xaji0y_s1_pgg_r2_g4,,"{""prompt_type"": ""FACILITATOR"", ""prompt_name"": ""total_contribution"", ""module"": ""pgg"", ""round"": 2, ""rendered_prompt"": ""Calculate the total number of tokens contributed to the public account by all participants in this round using the following formula:\nPlayer 1's contribution to public account in this round + Player 2's contribution to public account in this round + Player 3's contribution to public account in this round + Player 4's contribution to public account in this round\nRespond with only the resulting nunber without providing any explanations."", ""response"": ""6""}"
2026-04-05T12:00:39.185033+00:00,facilitator_call,public_good_experiment_20260405T113818Z_xaji0y,public_good_experiment_20260405T113818Z_xaji0y_s1,public_good_experiment_20260405T113818Z_xaji0y_s1_pgg_r2_g4,public_good_experiment_20260405T113818Z_xaji0y_13,"{""prompt_type"": ""FACILITATOR"", ""prompt_name"": ""public_account_earnings"", ""module"": ""pgg"", ""round"": 2, ""rendered_prompt"": ""Calculate Player ID 13's earnings from the public account this round using the following formula:\n(6 _ 2.0) / 4\nRespond with only the resulting number without providing any explanations."", ""response"": ""3""}"
2026-04-05T12:00:42.775532+00:00,facilitator_call,public_good_experiment_20260405T113818Z_xaji0y,public_good_experiment_20260405T113818Z_xaji0y_s1,public_good_experiment_20260405T113818Z_xaji0y_s1_pgg_r2_g4,public_good_experiment_20260405T113818Z_xaji0y_14,"{""prompt_type"": ""FACILITATOR"", ""prompt_name"": ""public_account_earnings"", ""module"": ""pgg"", ""round"": 2, ""rendered_prompt"": ""Calculate Player ID 14's earnings from the public account this round using the following formula:\n(6 _ 2.0) / 4\nRespond with only the resulting number without providing any explanations."", ""response"": ""3""}"
2026-04-05T12:00:45.381597+00:00,facilitator_call,public_good_experiment_20260405T113818Z_xaji0y,public_good_experiment_20260405T113818Z_xaji0y_s1,public_good_experiment_20260405T113818Z_xaji0y_s1_pgg_r2_g4,public_good_experiment_20260405T113818Z_xaji0y_15,"{""prompt_type"": ""FACILITATOR"", ""prompt_name"": ""public_account_earnings"", ""module"": ""pgg"", ""round"": 2, ""rendered_prompt"": ""Calculate Player ID 15's earnings from the public account this round using the following formula:\n(6 _ 2.0) / 4\nRespond with only the resulting number without providing any explanations."", ""response"": ""3""}"
2026-04-05T12:00:48.915833+00:00,facilitator_call,public_good_experiment_20260405T113818Z_xaji0y,public_good_experiment_20260405T113818Z_xaji0y_s1,public_good_experiment_20260405T113818Z_xaji0y_s1_pgg_r2_g4,public_good_experiment_20260405T113818Z_xaji0y_16,"{""prompt_type"": ""FACILITATOR"", ""prompt_name"": ""public_account_earnings"", ""module"": ""pgg"", ""round"": 2, ""rendered_prompt"": ""Calculate Player ID 16's earnings from the public account this round using the following formula:\n(6 _ 2.0) / 4\nRespond with only the resulting number without providing any explanations."", ""response"": ""3""}"
2026-04-05T12:00:53.041375+00:00,facilitator_call,public_good_experiment_20260405T113818Z_xaji0y,public_good_experiment_20260405T113818Z_xaji0y_s1,public_good_experiment_20260405T113818Z_xaji0y_s1_pgg_r2_g4,public_good_experiment_20260405T113818Z_xaji0y_13,"{""prompt_type"": ""FACILITATOR"", ""prompt_name"": ""private_account_remaining"", ""module"": ""pgg"", ""round"": 2, ""rendered_prompt"": ""Calculate Player ID 13's remaining private tokens this round using the following formula:\n13 _ 0\nRespond with only the resulting number without any explanations."", ""response"": ""13""}"
2026-04-05T12:01:04.826087+00:00,facilitator_call,public_good_experiment_20260405T113818Z_xaji0y,public_good_experiment_20260405T113818Z_xaji0y_s1,public_good_experiment_20260405T113818Z_xaji0y_s1_pgg_r2_g4,public_good_experiment_20260405T113818Z_xaji0y_14,"{""prompt_type"": ""FACILITATOR"", ""prompt_name"": ""private_account_remaining"", ""module"": ""pgg"", ""round"": 2, ""rendered_prompt"": ""Calculate Player ID 14's remaining private tokens this round using the following formula:\n11 _ 2\nRespond with only the resulting number without any explanations."", ""response"": ""9""}"
2026-04-05T12:01:20.996681+00:00,facilitator_call,public_good_experiment_20260405T113818Z_xaji0y,public_good_experiment_20260405T113818Z_xaji0y_s1,public_good_experiment_20260405T113818Z_xaji0y_s1_pgg_r2_g4,public_good_experiment_20260405T113818Z_xaji0y_15,"{""prompt_type"": ""FACILITATOR"", ""prompt_name"": ""private_account_remaining"", ""module"": ""pgg"", ""round"": 2, ""rendered_prompt"": ""Calculate Player ID 15's remaining private tokens this round using the following formula:\n11 _ 0\nRespond with only the resulting number without any explanations."", ""response"": ""11""}"
2026-04-05T12:01:25.961714+00:00,facilitator_call,public_good_experiment_20260405T113818Z_xaji0y,public_good_experiment_20260405T113818Z_xaji0y_s1,public_good_experiment_20260405T113818Z_xaji0y_s1_pgg_r2_g4,public_good_experiment_20260405T113818Z_xaji0y_16,"{""prompt_type"": ""FACILITATOR"", ""prompt_name"": ""private_account_remaining"", ""module"": ""pgg"", ""round"": 2, ""rendered_prompt"": ""Calculate Player ID 16's remaining private tokens this round using the following formula:\n11 _ 4\nRespond with only the resulting number without any explanations."", ""response"": ""7""}"
2026-04-05T12:01:27.638020+00:00,facilitator_call,public_good_experiment_20260405T113818Z_xaji0y,public_good_experiment_20260405T113818Z_xaji0y_s1,public_good_experiment_20260405T113818Z_xaji0y_s1_pgg_r2_g4,public_good_experiment_20260405T113818Z_xaji0y_13,"{""prompt_type"": ""FACILITATOR"", ""prompt_name"": ""payoff"", ""module"": ""pgg"", ""round"": 2, ""rendered_prompt"": ""Calculate Player ID 13's total earnings this round using the following formula:\n3 + 13\nRespond with only the resulting number without any explanations."", ""response"": ""16""}"
2026-04-05T12:01:30.892988+00:00,facilitator_call,public_good_experiment_20260405T113818Z_xaji0y,public_good_experiment_20260405T113818Z_xaji0y_s1,public_good_experiment_20260405T113818Z_xaji0y_s1_pgg_r2_g4,public_good_experiment_20260405T113818Z_xaji0y_14,"{""prompt_type"": ""FACILITATOR"", ""prompt_name"": ""payoff"", ""module"": ""pgg"", ""round"": 2, ""rendered_prompt"": ""Calculate Player ID 14's total earnings this round using the following formula:\n3 + 9\nRespond with only the resulting number without any explanations."", ""response"": ""12""}"
2026-04-05T12:01:32.547014+00:00,facilitator_call,public_good_experiment_20260405T113818Z_xaji0y,public_good_experiment_20260405T113818Z_xaji0y_s1,public_good_experiment_20260405T113818Z_xaji0y_s1_pgg_r2_g4,public_good_experiment_20260405T113818Z_xaji0y_15,"{""prompt_type"": ""FACILITATOR"", ""prompt_name"": ""payoff"", ""module"": ""pgg"", ""round"": 2, ""rendered_prompt"": ""Calculate Player ID 15's total earnings this round using the following formula:\n3 + 11\nRespond with only the resulting number without any explanations."", ""response"": ""14""}"
2026-04-05T12:01:34.486527+00:00,facilitator_call,public_good_experiment_20260405T113818Z_xaji0y,public_good_experiment_20260405T113818Z_xaji0y_s1,public_good_experiment_20260405T113818Z_xaji0y_s1_pgg_r2_g4,public_good_experiment_20260405T113818Z_xaji0y_16,"{""prompt_type"": ""FACILITATOR"", ""prompt_name"": ""payoff"", ""module"": ""pgg"", ""round"": 2, ""rendered_prompt"": ""Calculate Player ID 16's total earnings this round using the following formula:\n3 + 7\nRespond with only the resulting number without any explanations."", ""response"": ""10""}"
2026-04-05T12:02:04.146413+00:00,facilitator_call,public_good_experiment_20260405T113818Z_xaji0y,public_good_experiment_20260405T113818Z_xaji0y_s1,public_good_experiment_20260405T113818Z_xaji0y_s1_pgg_r2_g5,public_good_experiment_20260405T113818Z_xaji0y_17,"{""prompt_type"": ""FACILITATOR"", ""prompt_name"": ""endowment"", ""module"": ""pgg"", ""round"": 2, ""rendered_prompt"": ""Choose a random integer between 8 and 20 as the initial endowment assigned to this player. Respond with only the resulting endowment without providing any explanations."", ""response"": ""16""}"
2026-04-05T12:02:06.534799+00:00,facilitator_call,public_good_experiment_20260405T113818Z_xaji0y,public_good_experiment_20260405T113818Z_xaji0y_s1,public_good_experiment_20260405T113818Z_xaji0y_s1_pgg_r2_g5,public_good_experiment_20260405T113818Z_xaji0y_18,"{""prompt_type"": ""FACILITATOR"", ""prompt_name"": ""endowment"", ""module"": ""pgg"", ""round"": 2, ""rendered_prompt"": ""Choose a random integer between 8 and 20 as the initial endowment assigned to this player. Respond with only the resulting endowment without providing any explanations."", ""response"": ""16""}"
2026-04-05T12:02:08.551249+00:00,facilitator_call,public_good_experiment_20260405T113818Z_xaji0y,public_good_experiment_20260405T113818Z_xaji0y_s1,public_good_experiment_20260405T113818Z_xaji0y_s1_pgg_r2_g5,public_good_experiment_20260405T113818Z_xaji0y_19,"{""prompt_type"": ""FACILITATOR"", ""prompt_name"": ""endowment"", ""module"": ""pgg"", ""round"": 2, ""rendered_prompt"": ""Choose a random integer between 8 and 20 as the initial endowment assigned to this player. Respond with only the resulting endowment without providing any explanations."", ""response"": ""16""}"
2026-04-05T12:02:11.030814+00:00,facilitator_call,public_good_experiment_20260405T113818Z_xaji0y,public_good_experiment_20260405T113818Z_xaji0y_s1,public_good_experiment_20260405T113818Z_xaji0y_s1_pgg_r2_g5,public_good_experiment_20260405T113818Z_xaji0y_20,"{""prompt_type"": ""FACILITATOR"", ""prompt_name"": ""endowment"", ""module"": ""pgg"", ""round"": 2, ""rendered_prompt"": ""Choose a random integer between 8 and 20 as the initial endowment assigned to this player. Respond with only the resulting endowment without providing any explanations."", ""response"": ""16""}"
2026-04-05T12:03:00.406428+00:00,facilitator_call,public_good_experiment_20260405T113818Z_xaji0y,public_good_experiment_20260405T113818Z_xaji0y_s1,public_good_experiment_20260405T113818Z_xaji0y_s1_pgg_r2_g5,,"{""prompt_type"": ""FACILITATOR"", ""prompt_name"": ""total_contribution"", ""module"": ""pgg"", ""round"": 2, ""rendered_prompt"": ""Calculate the total number of tokens contributed to the public account by all participants in this round using the following formula:\nPlayer 1's contribution to public account in this round + Player 2's contribution to public account in this round + Player 3's contribution to public account in this round + Player 4's contribution to public account in this round\nRespond with only the resulting nunber without providing any explanations."", ""response"": ""29""}"
2026-04-05T12:03:03.879972+00:00,facilitator_call,public_good_experiment_20260405T113818Z_xaji0y,public_good_experiment_20260405T113818Z_xaji0y_s1,public_good_experiment_20260405T113818Z_xaji0y_s1_pgg_r2_g5,public_good_experiment_20260405T113818Z_xaji0y_17,"{""prompt_type"": ""FACILITATOR"", ""prompt_name"": ""public_account_earnings"", ""module"": ""pgg"", ""round"": 2, ""rendered_prompt"": ""Calculate Player ID 17's earnings from the public account this round using the following formula:\n(29 _ 2.0) / 4\nRespond with only the resulting number without providing any explanations."", ""response"": ""14.5""}"
2026-04-05T12:03:07.256114+00:00,facilitator_call,public_good_experiment_20260405T113818Z_xaji0y,public_good_experiment_20260405T113818Z_xaji0y_s1,public_good_experiment_20260405T113818Z_xaji0y_s1_pgg_r2_g5,public_good_experiment_20260405T113818Z_xaji0y_18,"{""prompt_type"": ""FACILITATOR"", ""prompt_name"": ""public_account_earnings"", ""module"": ""pgg"", ""round"": 2, ""rendered_prompt"": ""Calculate Player ID 18's earnings from the public account this round using the following formula:\n(29 _ 2.0) / 4\nRespond with only the resulting number without providing any explanations."", ""response"": ""14.5""}"
2026-04-05T12:03:10.986135+00:00,facilitator_call,public_good_experiment_20260405T113818Z_xaji0y,public_good_experiment_20260405T113818Z_xaji0y_s1,public_good_experiment_20260405T113818Z_xaji0y_s1_pgg_r2_g5,public_good_experiment_20260405T113818Z_xaji0y_19,"{""prompt_type"": ""FACILITATOR"", ""prompt_name"": ""public_account_earnings"", ""module"": ""pgg"", ""round"": 2, ""rendered_prompt"": ""Calculate Player ID 19's earnings from the public account this round using the following formula:\n(29 _ 2.0) / 4\nRespond with only the resulting number without providing any explanations."", ""response"": ""14.5""}"
2026-04-05T12:03:13.682755+00:00,facilitator_call,public_good_experiment_20260405T113818Z_xaji0y,public_good_experiment_20260405T113818Z_xaji0y_s1,public_good_experiment_20260405T113818Z_xaji0y_s1_pgg_r2_g5,public_good_experiment_20260405T113818Z_xaji0y_20,"{""prompt_type"": ""FACILITATOR"", ""prompt_name"": ""public_account_earnings"", ""module"": ""pgg"", ""round"": 2, ""rendered_prompt"": ""Calculate Player ID 20's earnings from the public account this round using the following formula:\n(29 _ 2.0) / 4\nRespond with only the resulting number without providing any explanations."", ""response"": ""14.5""}"
2026-04-05T12:03:17.527199+00:00,facilitator_call,public_good_experiment_20260405T113818Z_xaji0y,public_good_experiment_20260405T113818Z_xaji0y_s1,public_good_experiment_20260405T113818Z_xaji0y_s1_pgg_r2_g5,public_good_experiment_20260405T113818Z_xaji0y_17,"{""prompt_type"": ""FACILITATOR"", ""prompt_name"": ""private_account_remaining"", ""module"": ""pgg"", ""round"": 2, ""rendered_prompt"": ""Calculate Player ID 17's remaining private tokens this round using the following formula:\n16 _ 4\nRespond with only the resulting number without any explanations."", ""response"": ""12""}"
2026-04-05T12:03:22.465567+00:00,facilitator_call,public_good_experiment_20260405T113818Z_xaji0y,public_good_experiment_20260405T113818Z_xaji0y_s1,public_good_experiment_20260405T113818Z_xaji0y_s1_pgg_r2_g5,public_good_experiment_20260405T113818Z_xaji0y_18,"{""prompt_type"": ""FACILITATOR"", ""prompt_name"": ""private_account_remaining"", ""module"": ""pgg"", ""round"": 2, ""rendered_prompt"": ""Calculate Player ID 18's remaining private tokens this round using the following formula:\n16 _ 9\nRespond with only the resulting number without any explanations."", ""response"": ""7""}"
2026-04-05T12:03:26.591311+00:00,facilitator_call,public_good_experiment_20260405T113818Z_xaji0y,public_good_experiment_20260405T113818Z_xaji0y_s1,public_good_experiment_20260405T113818Z_xaji0y_s1_pgg_r2_g5,public_good_experiment_20260405T113818Z_xaji0y_19,"{""prompt_type"": ""FACILITATOR"", ""prompt_name"": ""private_account_remaining"", ""module"": ""pgg"", ""round"": 2, ""rendered_prompt"": ""Calculate Player ID 19's remaining private tokens this round using the following formula:\n16 _ 10\nRespond with only the resulting number without any explanations."", ""response"": ""6""}"
2026-04-05T12:03:30.605892+00:00,facilitator_call,public_good_experiment_20260405T113818Z_xaji0y,public_good_experiment_20260405T113818Z_xaji0y_s1,public_good_experiment_20260405T113818Z_xaji0y_s1_pgg_r2_g5,public_good_experiment_20260405T113818Z_xaji0y_20,"{""prompt_type"": ""FACILITATOR"", ""prompt_name"": ""private_account_remaining"", ""module"": ""pgg"", ""round"": 2, ""rendered_prompt"": ""Calculate Player ID 20's remaining private tokens this round using the following formula:\n16 _ 6\nRespond with only the resulting number without any explanations."", ""response"": ""10""}"
2026-04-05T12:03:32.631577+00:00,facilitator_call,public_good_experiment_20260405T113818Z_xaji0y,public_good_experiment_20260405T113818Z_xaji0y_s1,public_good_experiment_20260405T113818Z_xaji0y_s1_pgg_r2_g5,public_good_experiment_20260405T113818Z_xaji0y_17,"{""prompt_type"": ""FACILITATOR"", ""prompt_name"": ""payoff"", ""module"": ""pgg"", ""round"": 2, ""rendered_prompt"": ""Calculate Player ID 17's total earnings this round using the following formula:\n14.5 + 12\nRespond with only the resulting number without any explanations."", ""response"": ""26.5""}"
2026-04-05T12:03:35.063002+00:00,facilitator_call,public_good_experiment_20260405T113818Z_xaji0y,public_good_experiment_20260405T113818Z_xaji0y_s1,public_good_experiment_20260405T113818Z_xaji0y_s1_pgg_r2_g5,public_good_experiment_20260405T113818Z_xaji0y_18,"{""prompt_type"": ""FACILITATOR"", ""prompt_name"": ""payoff"", ""module"": ""pgg"", ""round"": 2, ""rendered_prompt"": ""Calculate Player ID 18's total earnings this round using the following formula:\n14.5 + 7\nRespond with only the resulting number without any explanations."", ""response"": ""21.5""}"
2026-04-05T12:03:37.886484+00:00,facilitator_call,public_good_experiment_20260405T113818Z_xaji0y,public_good_experiment_20260405T113818Z_xaji0y_s1,public_good_experiment_20260405T113818Z_xaji0y_s1_pgg_r2_g5,public_good_experiment_20260405T113818Z_xaji0y_19,"{""prompt_type"": ""FACILITATOR"", ""prompt_name"": ""payoff"", ""module"": ""pgg"", ""round"": 2, ""rendered_prompt"": ""Calculate Player ID 19's total earnings this round using the following formula:\n14.5 + 6\nRespond with only the resulting number without any explanations."", ""response"": ""20.5""}"
2026-04-05T12:03:41.606271+00:00,facilitator_call,public_good_experiment_20260405T113818Z_xaji0y,public_good_experiment_20260405T113818Z_xaji0y_s1,public_good_experiment_20260405T113818Z_xaji0y_s1_pgg_r2_g5,public_good_experiment_20260405T113818Z_xaji0y_20,"{""prompt_type"": ""FACILITATOR"", ""prompt_name"": ""payoff"", ""module"": ""pgg"", ""round"": 2, ""rendered_prompt"": ""Calculate Player ID 20's total earnings this round using the following formula:\n14.5 + 10\nRespond with only the resulting number without any explanations."", ""response"": ""24.5""}"
2026-04-05T12:04:16.270373+00:00,facilitator_call,public_good_experiment_20260405T113818Z_xaji0y,public_good_experiment_20260405T113818Z_xaji0y_s1,public_good_experiment_20260405T113818Z_xaji0y_s1_pgg_r2_g6,public_good_experiment_20260405T113818Z_xaji0y_21,"{""prompt_type"": ""FACILITATOR"", ""prompt_name"": ""endowment"", ""module"": ""pgg"", ""round"": 2, ""rendered_prompt"": ""Choose a random integer between 8 and 20 as the initial endowment assigned to this player. Respond with only the resulting endowment without providing any explanations."", ""response"": ""17""}"
2026-04-05T12:04:19.418130+00:00,facilitator_call,public_good_experiment_20260405T113818Z_xaji0y,public_good_experiment_20260405T113818Z_xaji0y_s1,public_good_experiment_20260405T113818Z_xaji0y_s1_pgg_r2_g6,public_good_experiment_20260405T113818Z_xaji0y_22,"{""prompt_type"": ""FACILITATOR"", ""prompt_name"": ""endowment"", ""module"": ""pgg"", ""round"": 2, ""rendered_prompt"": ""Choose a random integer between 8 and 20 as the initial endowment assigned to this player. Respond with only the resulting endowment without providing any explanations."", ""response"": ""17""}"
2026-04-05T12:04:22.695426+00:00,facilitator_call,public_good_experiment_20260405T113818Z_xaji0y,public_good_experiment_20260405T113818Z_xaji0y_s1,public_good_experiment_20260405T113818Z_xaji0y_s1_pgg_r2_g6,public_good_experiment_20260405T113818Z_xaji0y_23,"{""prompt_type"": ""FACILITATOR"", ""prompt_name"": ""endowment"", ""module"": ""pgg"", ""round"": 2, ""rendered_prompt"": ""Choose a random integer between 8 and 20 as the initial endowment assigned to this player. Respond with only the resulting endowment without providing any explanations."", ""response"": ""17""}"
2026-04-05T12:04:24.848054+00:00,facilitator_call,public_good_experiment_20260405T113818Z_xaji0y,public_good_experiment_20260405T113818Z_xaji0y_s1,public_good_experiment_20260405T113818Z_xaji0y_s1_pgg_r2_g6,public_good_experiment_20260405T113818Z_xaji0y_24,"{""prompt_type"": ""FACILITATOR"", ""prompt_name"": ""endowment"", ""module"": ""pgg"", ""round"": 2, ""rendered_prompt"": ""Choose a random integer between 8 and 20 as the initial endowment assigned to this player. Respond with only the resulting endowment without providing any explanations."", ""response"": ""17""}"
2026-04-05T12:05:23.868576+00:00,facilitator_call,public_good_experiment_20260405T113818Z_xaji0y,public_good_experiment_20260405T113818Z_xaji0y_s1,public_good_experiment_20260405T113818Z_xaji0y_s1_pgg_r2_g6,,"{""prompt_type"": ""FACILITATOR"", ""prompt_name"": ""total_contribution"", ""module"": ""pgg"", ""round"": 2, ""rendered_prompt"": ""Calculate the total number of tokens contributed to the public account by all participants in this round using the following formula:\nPlayer 1's contribution to public account in this round + Player 2's contribution to public account in this round + Player 3's contribution to public account in this round + Player 4's contribution to public account in this round\nRespond with only the resulting nunber without providing any explanations."", ""response"": ""19""}"
2026-04-05T12:05:29.402243+00:00,facilitator_call,public_good_experiment_20260405T113818Z_xaji0y,public_good_experiment_20260405T113818Z_xaji0y_s1,public_good_experiment_20260405T113818Z_xaji0y_s1_pgg_r2_g6,public_good_experiment_20260405T113818Z_xaji0y_21,"{""prompt_type"": ""FACILITATOR"", ""prompt_name"": ""public_account_earnings"", ""module"": ""pgg"", ""round"": 2, ""rendered_prompt"": ""Calculate Player ID 21's earnings from the public account this round using the following formula:\n(19 _ 2.0) / 4\nRespond with only the resulting number without providing any explanations."", ""response"": ""9.5""}"
2026-04-05T12:05:32.019696+00:00,facilitator_call,public_good_experiment_20260405T113818Z_xaji0y,public_good_experiment_20260405T113818Z_xaji0y_s1,public_good_experiment_20260405T113818Z_xaji0y_s1_pgg_r2_g6,public_good_experiment_20260405T113818Z_xaji0y_22,"{""prompt_type"": ""FACILITATOR"", ""prompt_name"": ""public_account_earnings"", ""module"": ""pgg"", ""round"": 2, ""rendered_prompt"": ""Calculate Player ID 22's earnings from the public account this round using the following formula:\n(19 _ 2.0) / 4\nRespond with only the resulting number without providing any explanations."", ""response"": ""9.5""}"
2026-04-05T12:05:37.005796+00:00,facilitator_call,public_good_experiment_20260405T113818Z_xaji0y,public_good_experiment_20260405T113818Z_xaji0y_s1,public_good_experiment_20260405T113818Z_xaji0y_s1_pgg_r2_g6,public_good_experiment_20260405T113818Z_xaji0y_23,"{""prompt_type"": ""FACILITATOR"", ""prompt_name"": ""public_account_earnings"", ""module"": ""pgg"", ""round"": 2, ""rendered_prompt"": ""Calculate Player ID 23's earnings from the public account this round using the following formula:\n(19 _ 2.0) / 4\nRespond with only the resulting number without providing any explanations."", ""response"": ""9.5""}"
2026-04-05T12:05:39.737115+00:00,facilitator_call,public_good_experiment_20260405T113818Z_xaji0y,public_good_experiment_20260405T113818Z_xaji0y_s1,public_good_experiment_20260405T113818Z_xaji0y_s1_pgg_r2_g6,public_good_experiment_20260405T113818Z_xaji0y_24,"{""prompt_type"": ""FACILITATOR"", ""prompt_name"": ""public_account_earnings"", ""module"": ""pgg"", ""round"": 2, ""rendered_prompt"": ""Calculate Player ID 24's earnings from the public account this round using the following formula:\n(19 _ 2.0) / 4\nRespond with only the resulting number without providing any explanations."", ""response"": ""9.5""}"
2026-04-05T12:05:46.286686+00:00,facilitator_call,public_good_experiment_20260405T113818Z_xaji0y,public_good_experiment_20260405T113818Z_xaji0y_s1,public_good_experiment_20260405T113818Z_xaji0y_s1_pgg_r2_g6,public_good_experiment_20260405T113818Z_xaji0y_21,"{""prompt_type"": ""FACILITATOR"", ""prompt_name"": ""private_account_remaining"", ""module"": ""pgg"", ""round"": 2, ""rendered_prompt"": ""Calculate Player ID 21's remaining private tokens this round using the following formula:\n17 _ 3\nRespond with only the resulting number without any explanations."", ""response"": ""14""}"
2026-04-05T12:05:52.092273+00:00,facilitator_call,public_good_experiment_20260405T113818Z_xaji0y,public_good_experiment_20260405T113818Z_xaji0y_s1,public_good_experiment_20260405T113818Z_xaji0y_s1_pgg_r2_g6,public_good_experiment_20260405T113818Z_xaji0y_22,"{""prompt_type"": ""FACILITATOR"", ""prompt_name"": ""private_account_remaining"", ""module"": ""pgg"", ""round"": 2, ""rendered_prompt"": ""Calculate Player ID 22's remaining private tokens this round using the following formula:\n17 _ 3\nRespond with only the resulting number without any explanations."", ""response"": ""14""}"
2026-04-05T12:05:59.604064+00:00,facilitator_call,public_good_experiment_20260405T113818Z_xaji0y,public_good_experiment_20260405T113818Z_xaji0y_s1,public_good_experiment_20260405T113818Z_xaji0y_s1_pgg_r2_g6,public_good_experiment_20260405T113818Z_xaji0y_23,"{""prompt_type"": ""FACILITATOR"", ""prompt_name"": ""private_account_remaining"", ""module"": ""pgg"", ""round"": 2, ""rendered_prompt"": ""Calculate Player ID 23's remaining private tokens this round using the following formula:\n17 _ 0\nRespond with only the resulting number without any explanations."", ""response"": ""17""}"
2026-04-05T12:06:04.867419+00:00,facilitator_call,public_good_experiment_20260405T113818Z_xaji0y,public_good_experiment_20260405T113818Z_xaji0y_s1,public_good_experiment_20260405T113818Z_xaji0y_s1_pgg_r2_g6,public_good_experiment_20260405T113818Z_xaji0y_24,"{""prompt_type"": ""FACILITATOR"", ""prompt_name"": ""private_account_remaining"", ""module"": ""pgg"", ""round"": 2, ""rendered_prompt"": ""Calculate Player ID 24's remaining private tokens this round using the following formula:\n17 _ 13\nRespond with only the resulting number without any explanations."", ""response"": ""4""}"
2026-04-05T12:06:06.844747+00:00,facilitator_call,public_good_experiment_20260405T113818Z_xaji0y,public_good_experiment_20260405T113818Z_xaji0y_s1,public_good_experiment_20260405T113818Z_xaji0y_s1_pgg_r2_g6,public_good_experiment_20260405T113818Z_xaji0y_21,"{""prompt_type"": ""FACILITATOR"", ""prompt_name"": ""payoff"", ""module"": ""pgg"", ""round"": 2, ""rendered_prompt"": ""Calculate Player ID 21's total earnings this round using the following formula:\n9.5 + 14\nRespond with only the resulting number without any explanations."", ""response"": ""23.5""}"
2026-04-05T12:06:09.252430+00:00,facilitator_call,public_good_experiment_20260405T113818Z_xaji0y,public_good_experiment_20260405T113818Z_xaji0y_s1,public_good_experiment_20260405T113818Z_xaji0y_s1_pgg_r2_g6,public_good_experiment_20260405T113818Z_xaji0y_22,"{""prompt_type"": ""FACILITATOR"", ""prompt_name"": ""payoff"", ""module"": ""pgg"", ""round"": 2, ""rendered_prompt"": ""Calculate Player ID 22's total earnings this round using the following formula:\n9.5 + 14\nRespond with only the resulting number without any explanations."", ""response"": ""23.5""}"
2026-04-05T12:06:11.121025+00:00,facilitator_call,public_good_experiment_20260405T113818Z_xaji0y,public_good_experiment_20260405T113818Z_xaji0y_s1,public_good_experiment_20260405T113818Z_xaji0y_s1_pgg_r2_g6,public_good_experiment_20260405T113818Z_xaji0y_23,"{""prompt_type"": ""FACILITATOR"", ""prompt_name"": ""payoff"", ""module"": ""pgg"", ""round"": 2, ""rendered_prompt"": ""Calculate Player ID 23's total earnings this round using the following formula:\n9.5 + 17\nRespond with only the resulting number without any explanations."", ""response"": ""26.5""}"
2026-04-05T12:06:13.175204+00:00,facilitator_call,public_good_experiment_20260405T113818Z_xaji0y,public_good_experiment_20260405T113818Z_xaji0y_s1,public_good_experiment_20260405T113818Z_xaji0y_s1_pgg_r2_g6,public_good_experiment_20260405T113818Z_xaji0y_24,"{""prompt_type"": ""FACILITATOR"", ""prompt_name"": ""payoff"", ""module"": ""pgg"", ""round"": 2, ""rendered_prompt"": ""Calculate Player ID 24's total earnings this round using the following formula:\n9.5 + 4\nRespond with only the resulting number without any explanations."", ""response"": ""13.5""}"
2026-04-05T12:06:38.139802+00:00,facilitator_call,public_good_experiment_20260405T113818Z_xaji0y,public_good_experiment_20260405T113818Z_xaji0y_s1,public_good_experiment_20260405T113818Z_xaji0y_s1_pgg_r3_g1,public_good_experiment_20260405T113818Z_xaji0y_1,"{""prompt_type"": ""FACILITATOR"", ""prompt_name"": ""endowment"", ""module"": ""pgg"", ""round"": 3, ""rendered_prompt"": ""Choose a random integer between 8 and 20 as the initial endowment assigned to this player. Respond with only the resulting endowment without providing any explanations."", ""response"": ""16""}"
2026-04-05T12:06:40.336064+00:00,facilitator_call,public_good_experiment_20260405T113818Z_xaji0y,public_good_experiment_20260405T113818Z_xaji0y_s1,public_good_experiment_20260405T113818Z_xaji0y_s1_pgg_r3_g1,public_good_experiment_20260405T113818Z_xaji0y_2,"{""prompt_type"": ""FACILITATOR"", ""prompt_name"": ""endowment"", ""module"": ""pgg"", ""round"": 3, ""rendered_prompt"": ""Choose a random integer between 8 and 20 as the initial endowment assigned to this player. Respond with only the resulting endowment without providing any explanations."", ""response"": ""17""}"
2026-04-05T12:06:44.881450+00:00,facilitator_call,public_good_experiment_20260405T113818Z_xaji0y,public_good_experiment_20260405T113818Z_xaji0y_s1,public_good_experiment_20260405T113818Z_xaji0y_s1_pgg_r3_g1,public_good_experiment_20260405T113818Z_xaji0y_3,"{""prompt_type"": ""FACILITATOR"", ""prompt_name"": ""endowment"", ""module"": ""pgg"", ""round"": 3, ""rendered_prompt"": ""Choose a random integer between 8 and 20 as the initial endowment assigned to this player. Respond with only the resulting endowment without providing any explanations."", ""response"": ""16""}"
2026-04-05T12:06:47.782975+00:00,facilitator_call,public_good_experiment_20260405T113818Z_xaji0y,public_good_experiment_20260405T113818Z_xaji0y_s1,public_good_experiment_20260405T113818Z_xaji0y_s1_pgg_r3_g1,public_good_experiment_20260405T113818Z_xaji0y_4,"{""prompt_type"": ""FACILITATOR"", ""prompt_name"": ""endowment"", ""module"": ""pgg"", ""round"": 3, ""rendered_prompt"": ""Choose a random integer between 8 and 20 as the initial endowment assigned to this player. Respond with only the resulting endowment without providing any explanations."", ""response"": ""16""}"
2026-04-05T12:07:26.862475+00:00,facilitator_call,public_good_experiment_20260405T113818Z_xaji0y,public_good_experiment_20260405T113818Z_xaji0y_s1,public_good_experiment_20260405T113818Z_xaji0y_s1_pgg_r3_g1,,"{""prompt_type"": ""FACILITATOR"", ""prompt_name"": ""total_contribution"", ""module"": ""pgg"", ""round"": 3, ""rendered_prompt"": ""Calculate the total number of tokens contributed to the public account by all participants in this round using the following formula:\nPlayer 1's contribution to public account in this round + Player 2's contribution to public account in this round + Player 3's contribution to public account in this round + Player 4's contribution to public account in this round\nRespond with only the resulting nunber without providing any explanations."", ""response"": ""24""}"
2026-04-05T12:07:29.721267+00:00,facilitator_call,public_good_experiment_20260405T113818Z_xaji0y,public_good_experiment_20260405T113818Z_xaji0y_s1,public_good_experiment_20260405T113818Z_xaji0y_s1_pgg_r3_g1,public_good_experiment_20260405T113818Z_xaji0y_1,"{""prompt_type"": ""FACILITATOR"", ""prompt_name"": ""public_account_earnings"", ""module"": ""pgg"", ""round"": 3, ""rendered_prompt"": ""Calculate Player ID 1's earnings from the public account this round using the following formula:\n(24 _ 2.0) / 4\nRespond with only the resulting number without providing any explanations."", ""response"": ""12""}"
2026-04-05T12:07:32.486739+00:00,facilitator_call,public_good_experiment_20260405T113818Z_xaji0y,public_good_experiment_20260405T113818Z_xaji0y_s1,public_good_experiment_20260405T113818Z_xaji0y_s1_pgg_r3_g1,public_good_experiment_20260405T113818Z_xaji0y_2,"{""prompt_type"": ""FACILITATOR"", ""prompt_name"": ""public_account_earnings"", ""module"": ""pgg"", ""round"": 3, ""rendered_prompt"": ""Calculate Player ID 2's earnings from the public account this round using the following formula:\n(24 _ 2.0) / 4\nRespond with only the resulting number without providing any explanations."", ""response"": ""12""}"
2026-04-05T12:07:35.461087+00:00,facilitator_call,public_good_experiment_20260405T113818Z_xaji0y,public_good_experiment_20260405T113818Z_xaji0y_s1,public_good_experiment_20260405T113818Z_xaji0y_s1_pgg_r3_g1,public_good_experiment_20260405T113818Z_xaji0y_3,"{""prompt_type"": ""FACILITATOR"", ""prompt_name"": ""public_account_earnings"", ""module"": ""pgg"", ""round"": 3, ""rendered_prompt"": ""Calculate Player ID 3's earnings from the public account this round using the following formula:\n(24 _ 2.0) / 4\nRespond with only the resulting number without providing any explanations."", ""response"": ""12""}"
2026-04-05T12:07:37.844238+00:00,facilitator_call,public_good_experiment_20260405T113818Z_xaji0y,public_good_experiment_20260405T113818Z_xaji0y_s1,public_good_experiment_20260405T113818Z_xaji0y_s1_pgg_r3_g1,public_good_experiment_20260405T113818Z_xaji0y_4,"{""prompt_type"": ""FACILITATOR"", ""prompt_name"": ""public_account_earnings"", ""module"": ""pgg"", ""round"": 3, ""rendered_prompt"": ""Calculate Player ID 4's earnings from the public account this round using the following formula:\n(24 _ 2.0) / 4\nRespond with only the resulting number without providing any explanations."", ""response"": ""12""}"
2026-04-05T12:07:41.188322+00:00,facilitator_call,public_good_experiment_20260405T113818Z_xaji0y,public_good_experiment_20260405T113818Z_xaji0y_s1,public_good_experiment_20260405T113818Z_xaji0y_s1_pgg_r3_g1,public_good_experiment_20260405T113818Z_xaji0y_1,"{""prompt_type"": ""FACILITATOR"", ""prompt_name"": ""private_account_remaining"", ""module"": ""pgg"", ""round"": 3, ""rendered_prompt"": ""Calculate Player ID 1's remaining private tokens this round using the following formula:\n16 _ 6\nRespond with only the resulting number without any explanations."", ""response"": ""10""}"
2026-04-05T12:08:59.667853+00:00,facilitator_call,public_good_experiment_20260405T113818Z_xaji0y,public_good_experiment_20260405T113818Z_xaji0y_s1,public_good_experiment_20260405T113818Z_xaji0y_s1_pgg_r3_g1,public_good_experiment_20260405T113818Z_xaji0y_2,"{""prompt_type"": ""FACILITATOR"", ""prompt_name"": ""private_account_remaining"", ""module"": ""pgg"", ""round"": 3, ""rendered_prompt"": ""Calculate Player ID 2's remaining private tokens this round using the following formula:\n17 _ 6\nRespond with only the resulting number without any explanations."", ""response"": ""11""}"
2026-04-05T12:09:07.519981+00:00,facilitator_call,public_good_experiment_20260405T113818Z_xaji0y,public_good_experiment_20260405T113818Z_xaji0y_s1,public_good_experiment_20260405T113818Z_xaji0y_s1_pgg_r3_g1,public_good_experiment_20260405T113818Z_xaji0y_3,"{""prompt_type"": ""FACILITATOR"", ""prompt_name"": ""private_account_remaining"", ""module"": ""pgg"", ""round"": 3, ""rendered_prompt"": ""Calculate Player ID 3's remaining private tokens this round using the following formula:\n16 _ 6\nRespond with only the resulting number without any explanations."", ""response"": ""10""}"
2026-04-05T12:09:12.838305+00:00,facilitator_call,public_good_experiment_20260405T113818Z_xaji0y,public_good_experiment_20260405T113818Z_xaji0y_s1,public_good_experiment_20260405T113818Z_xaji0y_s1_pgg_r3_g1,public_good_experiment_20260405T113818Z_xaji0y_4,"{""prompt_type"": ""FACILITATOR"", ""prompt_name"": ""private_account_remaining"", ""module"": ""pgg"", ""round"": 3, ""rendered_prompt"": ""Calculate Player ID 4's remaining private tokens this round using the following formula:\n16 _ 6\nRespond with only the resulting number without any explanations."", ""response"": ""10""}"
2026-04-05T12:09:16.573045+00:00,facilitator_call,public_good_experiment_20260405T113818Z_xaji0y,public_good_experiment_20260405T113818Z_xaji0y_s1,public_good_experiment_20260405T113818Z_xaji0y_s1_pgg_r3_g1,public_good_experiment_20260405T113818Z_xaji0y_1,"{""prompt_type"": ""FACILITATOR"", ""prompt_name"": ""payoff"", ""module"": ""pgg"", ""round"": 3, ""rendered_prompt"": ""Calculate Player ID 1's total earnings this round using the following formula:\n12 + 10\nRespond with only the resulting number without any explanations."", ""response"": ""22""}"
2026-04-05T12:09:18.968024+00:00,facilitator_call,public_good_experiment_20260405T113818Z_xaji0y,public_good_experiment_20260405T113818Z_xaji0y_s1,public_good_experiment_20260405T113818Z_xaji0y_s1_pgg_r3_g1,public_good_experiment_20260405T113818Z_xaji0y_2,"{""prompt_type"": ""FACILITATOR"", ""prompt_name"": ""payoff"", ""module"": ""pgg"", ""round"": 3, ""rendered_prompt"": ""Calculate Player ID 2's total earnings this round using the following formula:\n12 + 11\nRespond with only the resulting number without any explanations."", ""response"": ""23""}"
2026-04-05T12:09:21.523791+00:00,facilitator_call,public_good_experiment_20260405T113818Z_xaji0y,public_good_experiment_20260405T113818Z_xaji0y_s1,public_good_experiment_20260405T113818Z_xaji0y_s1_pgg_r3_g1,public_good_experiment_20260405T113818Z_xaji0y_3,"{""prompt_type"": ""FACILITATOR"", ""prompt_name"": ""payoff"", ""module"": ""pgg"", ""round"": 3, ""rendered_prompt"": ""Calculate Player ID 3's total earnings this round using the following formula:\n12 + 10\nRespond with only the resulting number without any explanations."", ""response"": ""22""}"
2026-04-05T12:09:23.500104+00:00,facilitator_call,public_good_experiment_20260405T113818Z_xaji0y,public_good_experiment_20260405T113818Z_xaji0y_s1,public_good_experiment_20260405T113818Z_xaji0y_s1_pgg_r3_g1,public_good_experiment_20260405T113818Z_xaji0y_4,"{""prompt_type"": ""FACILITATOR"", ""prompt_name"": ""payoff"", ""module"": ""pgg"", ""round"": 3, ""rendered_prompt"": ""Calculate Player ID 4's total earnings this round using the following formula:\n12 + 10\nRespond with only the resulting number without any explanations."", ""response"": ""22""}"
2026-04-05T12:09:58.295423+00:00,facilitator_call,public_good_experiment_20260405T113818Z_xaji0y,public_good_experiment_20260405T113818Z_xaji0y_s1,public_good_experiment_20260405T113818Z_xaji0y_s1_pgg_r3_g2,public_good_experiment_20260405T113818Z_xaji0y_5,"{""prompt_type"": ""FACILITATOR"", ""prompt_name"": ""endowment"", ""module"": ""pgg"", ""round"": 3, ""rendered_prompt"": ""Choose a random integer between 8 and 20 as the initial endowment assigned to this player. Respond with only the resulting endowment without providing any explanations."", ""response"": ""12""}"
2026-04-05T12:10:01.586673+00:00,facilitator_call,public_good_experiment_20260405T113818Z_xaji0y,public_good_experiment_20260405T113818Z_xaji0y_s1,public_good_experiment_20260405T113818Z_xaji0y_s1_pgg_r3_g2,public_good_experiment_20260405T113818Z_xaji0y_6,"{""prompt_type"": ""FACILITATOR"", ""prompt_name"": ""endowment"", ""module"": ""pgg"", ""round"": 3, ""rendered_prompt"": ""Choose a random integer between 8 and 20 as the initial endowment assigned to this player. Respond with only the resulting endowment without providing any explanations."", ""response"": ""19""}"
2026-04-05T12:10:04.989613+00:00,facilitator_call,public_good_experiment_20260405T113818Z_xaji0y,public_good_experiment_20260405T113818Z_xaji0y_s1,public_good_experiment_20260405T113818Z_xaji0y_s1_pgg_r3_g2,public_good_experiment_20260405T113818Z_xaji0y_7,"{""prompt_type"": ""FACILITATOR"", ""prompt_name"": ""endowment"", ""module"": ""pgg"", ""round"": 3, ""rendered_prompt"": ""Choose a random integer between 8 and 20 as the initial endowment assigned to this player. Respond with only the resulting endowment without providing any explanations."", ""response"": ""12""}"
2026-04-05T12:10:08.859973+00:00,facilitator_call,public_good_experiment_20260405T113818Z_xaji0y,public_good_experiment_20260405T113818Z_xaji0y_s1,public_good_experiment_20260405T113818Z_xaji0y_s1_pgg_r3_g2,public_good_experiment_20260405T113818Z_xaji0y_8,"{""prompt_type"": ""FACILITATOR"", ""prompt_name"": ""endowment"", ""module"": ""pgg"", ""round"": 3, ""rendered_prompt"": ""Choose a random integer between 8 and 20 as the initial endowment assigned to this player. Respond with only the resulting endowment without providing any explanations."", ""response"": ""19""}"
2026-04-05T12:10:39.850893+00:00,facilitator_call,public_good_experiment_20260405T113818Z_xaji0y,public_good_experiment_20260405T113818Z_xaji0y_s1,public_good_experiment_20260405T113818Z_xaji0y_s1_pgg_r3_g2,,"{""prompt_type"": ""FACILITATOR"", ""prompt_name"": ""total_contribution"", ""module"": ""pgg"", ""round"": 3, ""rendered_prompt"": ""Calculate the total number of tokens contributed to the public account by all participants in this round using the following formula:\nPlayer 1's contribution to public account in this round + Player 2's contribution to public account in this round + Player 3's contribution to public account in this round + Player 4's contribution to public account in this round\nRespond with only the resulting nunber without providing any explanations."", ""response"": ""0""}"
2026-04-05T12:10:43.811296+00:00,facilitator_call,public_good_experiment_20260405T113818Z_xaji0y,public_good_experiment_20260405T113818Z_xaji0y_s1,public_good_experiment_20260405T113818Z_xaji0y_s1_pgg_r3_g2,public_good_experiment_20260405T113818Z_xaji0y_5,"{""prompt_type"": ""FACILITATOR"", ""prompt_name"": ""public_account_earnings"", ""module"": ""pgg"", ""round"": 3, ""rendered_prompt"": ""Calculate Player ID 5's earnings from the public account this round using the following formula:\n(0 _ 2.0) / 4\nRespond with only the resulting number without providing any explanations."", ""response"": ""0""}"
2026-04-05T12:10:47.865928+00:00,facilitator_call,public_good_experiment_20260405T113818Z_xaji0y,public_good_experiment_20260405T113818Z_xaji0y_s1,public_good_experiment_20260405T113818Z_xaji0y_s1_pgg_r3_g2,public_good_experiment_20260405T113818Z_xaji0y_6,"{""prompt_type"": ""FACILITATOR"", ""prompt_name"": ""public_account_earnings"", ""module"": ""pgg"", ""round"": 3, ""rendered_prompt"": ""Calculate Player ID 6's earnings from the public account this round using the following formula:\n(0 _ 2.0) / 4\nRespond with only the resulting number without providing any explanations."", ""response"": ""0""}"
2026-04-05T12:10:51.124709+00:00,facilitator_call,public_good_experiment_20260405T113818Z_xaji0y,public_good_experiment_20260405T113818Z_xaji0y_s1,public_good_experiment_20260405T113818Z_xaji0y_s1_pgg_r3_g2,public_good_experiment_20260405T113818Z_xaji0y_7,"{""prompt_type"": ""FACILITATOR"", ""prompt_name"": ""public_account_earnings"", ""module"": ""pgg"", ""round"": 3, ""rendered_prompt"": ""Calculate Player ID 7's earnings from the public account this round using the following formula:\n(0 _ 2.0) / 4\nRespond with only the resulting number without providing any explanations."", ""response"": ""0""}"
2026-04-05T12:10:58.685586+00:00,facilitator_call,public_good_experiment_20260405T113818Z_xaji0y,public_good_experiment_20260405T113818Z_xaji0y_s1,public_good_experiment_20260405T113818Z_xaji0y_s1_pgg_r3_g2,public_good_experiment_20260405T113818Z_xaji0y_8,"{""prompt_type"": ""FACILITATOR"", ""prompt_name"": ""public_account_earnings"", ""module"": ""pgg"", ""round"": 3, ""rendered_prompt"": ""Calculate Player ID 8's earnings from the public account this round using the following formula:\n(0 _ 2.0) / 4\nRespond with only the resulting number without providing any explanations."", ""response"": ""0""}"
2026-04-05T12:11:05.079192+00:00,facilitator_call,public_good_experiment_20260405T113818Z_xaji0y,public_good_experiment_20260405T113818Z_xaji0y_s1,public_good_experiment_20260405T113818Z_xaji0y_s1_pgg_r3_g2,public_good_experiment_20260405T113818Z_xaji0y_5,"{""prompt_type"": ""FACILITATOR"", ""prompt_name"": ""private_account_remaining"", ""module"": ""pgg"", ""round"": 3, ""rendered_prompt"": ""Calculate Player ID 5's remaining private tokens this round using the following formula:\n12 _ 0\nRespond with only the resulting number without any explanations."", ""response"": ""12""}"
2026-04-05T12:11:10.496946+00:00,facilitator_call,public_good_experiment_20260405T113818Z_xaji0y,public_good_experiment_20260405T113818Z_xaji0y_s1,public_good_experiment_20260405T113818Z_xaji0y_s1_pgg_r3_g2,public_good_experiment_20260405T113818Z_xaji0y_6,"{""prompt_type"": ""FACILITATOR"", ""prompt_name"": ""private_account_remaining"", ""module"": ""pgg"", ""round"": 3, ""rendered_prompt"": ""Calculate Player ID 6's remaining private tokens this round using the following formula:\n19 _ 0\nRespond with only the resulting number without any explanations."", ""response"": ""19""}"
2026-04-05T12:11:16.662676+00:00,facilitator_call,public_good_experiment_20260405T113818Z_xaji0y,public_good_experiment_20260405T113818Z_xaji0y_s1,public_good_experiment_20260405T113818Z_xaji0y_s1_pgg_r3_g2,public_good_experiment_20260405T113818Z_xaji0y_7,"{""prompt_type"": ""FACILITATOR"", ""prompt_name"": ""private_account_remaining"", ""module"": ""pgg"", ""round"": 3, ""rendered_prompt"": ""Calculate Player ID 7's remaining private tokens this round using the following formula:\n12 _ 0\nRespond with only the resulting number without any explanations."", ""response"": ""12""}"
2026-04-05T12:11:25.242719+00:00,facilitator_call,public_good_experiment_20260405T113818Z_xaji0y,public_good_experiment_20260405T113818Z_xaji0y_s1,public_good_experiment_20260405T113818Z_xaji0y_s1_pgg_r3_g2,public_good_experiment_20260405T113818Z_xaji0y_8,"{""prompt_type"": ""FACILITATOR"", ""prompt_name"": ""private_account_remaining"", ""module"": ""pgg"", ""round"": 3, ""rendered_prompt"": ""Calculate Player ID 8's remaining private tokens this round using the following formula:\n19 _ 0\nRespond with only the resulting number without any explanations."", ""response"": ""19""}"
2026-04-05T12:11:27.312840+00:00,facilitator_call,public_good_experiment_20260405T113818Z_xaji0y,public_good_experiment_20260405T113818Z_xaji0y_s1,public_good_experiment_20260405T113818Z_xaji0y_s1_pgg_r3_g2,public_good_experiment_20260405T113818Z_xaji0y_5,"{""prompt_type"": ""FACILITATOR"", ""prompt_name"": ""payoff"", ""module"": ""pgg"", ""round"": 3, ""rendered_prompt"": ""Calculate Player ID 5's total earnings this round using the following formula:\n0 + 12\nRespond with only the resulting number without any explanations."", ""response"": ""12""}"
2026-04-05T12:11:30.778942+00:00,facilitator_call,public_good_experiment_20260405T113818Z_xaji0y,public_good_experiment_20260405T113818Z_xaji0y_s1,public_good_experiment_20260405T113818Z_xaji0y_s1_pgg_r3_g2,public_good_experiment_20260405T113818Z_xaji0y_6,"{""prompt_type"": ""FACILITATOR"", ""prompt_name"": ""payoff"", ""module"": ""pgg"", ""round"": 3, ""rendered_prompt"": ""Calculate Player ID 6's total earnings this round using the following formula:\n0 + 19\nRespond with only the resulting number without any explanations."", ""response"": ""19""}"
2026-04-05T12:11:34.368325+00:00,facilitator_call,public_good_experiment_20260405T113818Z_xaji0y,public_good_experiment_20260405T113818Z_xaji0y_s1,public_good_experiment_20260405T113818Z_xaji0y_s1_pgg_r3_g2,public_good_experiment_20260405T113818Z_xaji0y_7,"{""prompt_type"": ""FACILITATOR"", ""prompt_name"": ""payoff"", ""module"": ""pgg"", ""round"": 3, ""rendered_prompt"": ""Calculate Player ID 7's total earnings this round using the following formula:\n0 + 12\nRespond with only the resulting number without any explanations."", ""response"": ""12""}"
2026-04-05T12:11:37.018774+00:00,facilitator_call,public_good_experiment_20260405T113818Z_xaji0y,public_good_experiment_20260405T113818Z_xaji0y_s1,public_good_experiment_20260405T113818Z_xaji0y_s1_pgg_r3_g2,public_good_experiment_20260405T113818Z_xaji0y_8,"{""prompt_type"": ""FACILITATOR"", ""prompt_name"": ""payoff"", ""module"": ""pgg"", ""round"": 3, ""rendered_prompt"": ""Calculate Player ID 8's total earnings this round using the following formula:\n0 + 19\nRespond with only the resulting number without any explanations."", ""response"": ""19""}"
2026-04-05T12:12:09.978090+00:00,facilitator_call,public_good_experiment_20260405T113818Z_xaji0y,public_good_experiment_20260405T113818Z_xaji0y_s1,public_good_experiment_20260405T113818Z_xaji0y_s1_pgg_r3_g3,public_good_experiment_20260405T113818Z_xaji0y_9,"{""prompt_type"": ""FACILITATOR"", ""prompt_name"": ""endowment"", ""module"": ""pgg"", ""round"": 3, ""rendered_prompt"": ""Choose a random integer between 8 and 20 as the initial endowment assigned to this player. Respond with only the resulting endowment without providing any explanations."", ""response"": ""18""}"
2026-04-05T12:12:13.941558+00:00,facilitator_call,public_good_experiment_20260405T113818Z_xaji0y,public_good_experiment_20260405T113818Z_xaji0y_s1,public_good_experiment_20260405T113818Z_xaji0y_s1_pgg_r3_g3,public_good_experiment_20260405T113818Z_xaji0y_10,"{""prompt_type"": ""FACILITATOR"", ""prompt_name"": ""endowment"", ""module"": ""pgg"", ""round"": 3, ""rendered_prompt"": ""Choose a random integer between 8 and 20 as the initial endowment assigned to this player. Respond with only the resulting endowment without providing any explanations."", ""response"": ""12""}"
2026-04-05T12:12:16.655859+00:00,facilitator_call,public_good_experiment_20260405T113818Z_xaji0y,public_good_experiment_20260405T113818Z_xaji0y_s1,public_good_experiment_20260405T113818Z_xaji0y_s1_pgg_r3_g3,public_good_experiment_20260405T113818Z_xaji0y_11,"{""prompt_type"": ""FACILITATOR"", ""prompt_name"": ""endowment"", ""module"": ""pgg"", ""round"": 3, ""rendered_prompt"": ""Choose a random integer between 8 and 20 as the initial endowment assigned to this player. Respond with only the resulting endowment without providing any explanations."", ""response"": ""18""}"
2026-04-05T12:12:19.520050+00:00,facilitator_call,public_good_experiment_20260405T113818Z_xaji0y,public_good_experiment_20260405T113818Z_xaji0y_s1,public_good_experiment_20260405T113818Z_xaji0y_s1_pgg_r3_g3,public_good_experiment_20260405T113818Z_xaji0y_12,"{""prompt_type"": ""FACILITATOR"", ""prompt_name"": ""endowment"", ""module"": ""pgg"", ""round"": 3, ""rendered_prompt"": ""Choose a random integer between 8 and 20 as the initial endowment assigned to this player. Respond with only the resulting endowment without providing any explanations."", ""response"": ""15""}"
2026-04-05T12:13:07.823645+00:00,facilitator_call,public_good_experiment_20260405T113818Z_xaji0y,public_good_experiment_20260405T113818Z_xaji0y_s1,public_good_experiment_20260405T113818Z_xaji0y_s1_pgg_r3_g3,,"{""prompt_type"": ""FACILITATOR"", ""prompt_name"": ""total_contribution"", ""module"": ""pgg"", ""round"": 3, ""rendered_prompt"": ""Calculate the total number of tokens contributed to the public account by all participants in this round using the following formula:\nPlayer 1's contribution to public account in this round + Player 2's contribution to public account in this round + Player 3's contribution to public account in this round + Player 4's contribution to public account in this round\nRespond with only the resulting nunber without providing any explanations."", ""response"": ""32""}"
2026-04-05T12:13:10.682959+00:00,facilitator_call,public_good_experiment_20260405T113818Z_xaji0y,public_good_experiment_20260405T113818Z_xaji0y_s1,public_good_experiment_20260405T113818Z_xaji0y_s1_pgg_r3_g3,public_good_experiment_20260405T113818Z_xaji0y_9,"{""prompt_type"": ""FACILITATOR"", ""prompt_name"": ""public_account_earnings"", ""module"": ""pgg"", ""round"": 3, ""rendered_prompt"": ""Calculate Player ID 9's earnings from the public account this round using the following formula:\n(32 _ 2.0) / 4\nRespond with only the resulting number without providing any explanations."", ""response"": ""16""}"
2026-04-05T12:13:13.480419+00:00,facilitator_call,public_good_experiment_20260405T113818Z_xaji0y,public_good_experiment_20260405T113818Z_xaji0y_s1,public_good_experiment_20260405T113818Z_xaji0y_s1_pgg_r3_g3,public_good_experiment_20260405T113818Z_xaji0y_10,"{""prompt_type"": ""FACILITATOR"", ""prompt_name"": ""public_account_earnings"", ""module"": ""pgg"", ""round"": 3, ""rendered_prompt"": ""Calculate Player ID 10's earnings from the public account this round using the following formula:\n(32 _ 2.0) / 4\nRespond with only the resulting number without providing any explanations."", ""response"": ""16""}"
2026-04-05T12:13:17.063782+00:00,facilitator_call,public_good_experiment_20260405T113818Z_xaji0y,public_good_experiment_20260405T113818Z_xaji0y_s1,public_good_experiment_20260405T113818Z_xaji0y_s1_pgg_r3_g3,public_good_experiment_20260405T113818Z_xaji0y_11,"{""prompt_type"": ""FACILITATOR"", ""prompt_name"": ""public_account_earnings"", ""module"": ""pgg"", ""round"": 3, ""rendered_prompt"": ""Calculate Player ID 11's earnings from the public account this round using the following formula:\n(32 _ 2.0) / 4\nRespond with only the resulting number without providing any explanations."", ""response"": ""16""}"
2026-04-05T12:13:19.829686+00:00,facilitator_call,public_good_experiment_20260405T113818Z_xaji0y,public_good_experiment_20260405T113818Z_xaji0y_s1,public_good_experiment_20260405T113818Z_xaji0y_s1_pgg_r3_g3,public_good_experiment_20260405T113818Z_xaji0y_12,"{""prompt_type"": ""FACILITATOR"", ""prompt_name"": ""public_account_earnings"", ""module"": ""pgg"", ""round"": 3, ""rendered_prompt"": ""Calculate Player ID 12's earnings from the public account this round using the following formula:\n(32 _ 2.0) / 4\nRespond with only the resulting number without providing any explanations."", ""response"": ""16""}"
2026-04-05T12:13:23.866689+00:00,facilitator_call,public_good_experiment_20260405T113818Z_xaji0y,public_good_experiment_20260405T113818Z_xaji0y_s1,public_good_experiment_20260405T113818Z_xaji0y_s1_pgg_r3_g3,public_good_experiment_20260405T113818Z_xaji0y_9,"{""prompt_type"": ""FACILITATOR"", ""prompt_name"": ""private_account_remaining"", ""module"": ""pgg"", ""round"": 3, ""rendered_prompt"": ""Calculate Player ID 9's remaining private tokens this round using the following formula:\n18 _ 10\nRespond with only the resulting number without any explanations."", ""response"": ""8""}"
2026-04-05T12:13:36.113790+00:00,facilitator_call,public_good_experiment_20260405T113818Z_xaji0y,public_good_experiment_20260405T113818Z_xaji0y_s1,public_good_experiment_20260405T113818Z_xaji0y_s1_pgg_r3_g3,public_good_experiment_20260405T113818Z_xaji0y_10,"{""prompt_type"": ""FACILITATOR"", ""prompt_name"": ""private_account_remaining"", ""module"": ""pgg"", ""round"": 3, ""rendered_prompt"": ""Calculate Player ID 10's remaining private tokens this round using the following formula:\n12 _ 6\nRespond with only the resulting number without any explanations."", ""response"": ""6""}"
2026-04-05T12:13:42.564700+00:00,facilitator_call,public_good_experiment_20260405T113818Z_xaji0y,public_good_experiment_20260405T113818Z_xaji0y_s1,public_good_experiment_20260405T113818Z_xaji0y_s1_pgg_r3_g3,public_good_experiment_20260405T113818Z_xaji0y_11,"{""prompt_type"": ""FACILITATOR"", ""prompt_name"": ""private_account_remaining"", ""module"": ""pgg"", ""round"": 3, ""rendered_prompt"": ""Calculate Player ID 11's remaining private tokens this round using the following formula:\n18 _ 8\nRespond with only the resulting number without any explanations."", ""response"": ""10""}"
2026-04-05T12:13:45.433580+00:00,facilitator_call,public_good_experiment_20260405T113818Z_xaji0y,public_good_experiment_20260405T113818Z_xaji0y_s1,public_good_experiment_20260405T113818Z_xaji0y_s1_pgg_r3_g3,public_good_experiment_20260405T113818Z_xaji0y_12,"{""prompt_type"": ""FACILITATOR"", ""prompt_name"": ""private_account_remaining"", ""module"": ""pgg"", ""round"": 3, ""rendered_prompt"": ""Calculate Player ID 12's remaining private tokens this round using the following formula:\n15 _ 8\nRespond with only the resulting number without any explanations."", ""response"": ""7""}"
2026-04-05T12:13:48.194942+00:00,facilitator_call,public_good_experiment_20260405T113818Z_xaji0y,public_good_experiment_20260405T113818Z_xaji0y_s1,public_good_experiment_20260405T113818Z_xaji0y_s1_pgg_r3_g3,public_good_experiment_20260405T113818Z_xaji0y_9,"{""prompt_type"": ""FACILITATOR"", ""prompt_name"": ""payoff"", ""module"": ""pgg"", ""round"": 3, ""rendered_prompt"": ""Calculate Player ID 9's total earnings this round using the following formula:\n16 + 8\nRespond with only the resulting number without any explanations."", ""response"": ""24""}"
2026-04-05T12:13:50.298652+00:00,facilitator_call,public_good_experiment_20260405T113818Z_xaji0y,public_good_experiment_20260405T113818Z_xaji0y_s1,public_good_experiment_20260405T113818Z_xaji0y_s1_pgg_r3_g3,public_good_experiment_20260405T113818Z_xaji0y_10,"{""prompt_type"": ""FACILITATOR"", ""prompt_name"": ""payoff"", ""module"": ""pgg"", ""round"": 3, ""rendered_prompt"": ""Calculate Player ID 10's total earnings this round using the following formula:\n16 + 6\nRespond with only the resulting number without any explanations."", ""response"": ""22""}"
2026-04-05T12:13:54.645582+00:00,facilitator_call,public_good_experiment_20260405T113818Z_xaji0y,public_good_experiment_20260405T113818Z_xaji0y_s1,public_good_experiment_20260405T113818Z_xaji0y_s1_pgg_r3_g3,public_good_experiment_20260405T113818Z_xaji0y_11,"{""prompt_type"": ""FACILITATOR"", ""prompt_name"": ""payoff"", ""module"": ""pgg"", ""round"": 3, ""rendered_prompt"": ""Calculate Player ID 11's total earnings this round using the following formula:\n16 + 10\nRespond with only the resulting number without any explanations."", ""response"": ""26""}"
2026-04-05T12:13:56.603449+00:00,facilitator_call,public_good_experiment_20260405T113818Z_xaji0y,public_good_experiment_20260405T113818Z_xaji0y_s1,public_good_experiment_20260405T113818Z_xaji0y_s1_pgg_r3_g3,public_good_experiment_20260405T113818Z_xaji0y_12,"{""prompt_type"": ""FACILITATOR"", ""prompt_name"": ""payoff"", ""module"": ""pgg"", ""round"": 3, ""rendered_prompt"": ""Calculate Player ID 12's total earnings this round using the following formula:\n16 + 7\nRespond with only the resulting number without any explanations."", ""response"": ""23""}"
2026-04-05T12:14:25.377505+00:00,facilitator_call,public_good_experiment_20260405T113818Z_xaji0y,public_good_experiment_20260405T113818Z_xaji0y_s1,public_good_experiment_20260405T113818Z_xaji0y_s1_pgg_r3_g4,public_good_experiment_20260405T113818Z_xaji0y_13,"{""prompt_type"": ""FACILITATOR"", ""prompt_name"": ""endowment"", ""module"": ""pgg"", ""round"": 3, ""rendered_prompt"": ""Choose a random integer between 8 and 20 as the initial endowment assigned to this player. Respond with only the resulting endowment without providing any explanations."", ""response"": ""18""}"
2026-04-05T12:14:28.747233+00:00,facilitator_call,public_good_experiment_20260405T113818Z_xaji0y,public_good_experiment_20260405T113818Z_xaji0y_s1,public_good_experiment_20260405T113818Z_xaji0y_s1_pgg_r3_g4,public_good_experiment_20260405T113818Z_xaji0y_14,"{""prompt_type"": ""FACILITATOR"", ""prompt_name"": ""endowment"", ""module"": ""pgg"", ""round"": 3, ""rendered_prompt"": ""Choose a random integer between 8 and 20 as the initial endowment assigned to this player. Respond with only the resulting endowment without providing any explanations."", ""response"": ""18""}"
2026-04-05T12:14:47.492043+00:00,facilitator_call,public_good_experiment_20260405T113818Z_xaji0y,public_good_experiment_20260405T113818Z_xaji0y_s1,public_good_experiment_20260405T113818Z_xaji0y_s1_pgg_r3_g4,public_good_experiment_20260405T113818Z_xaji0y_15,"{""prompt_type"": ""FACILITATOR"", ""prompt_name"": ""endowment"", ""module"": ""pgg"", ""round"": 3, ""rendered_prompt"": ""Choose a random integer between 8 and 20 as the initial endowment assigned to this player. Respond with only the resulting endowment without providing any explanations."", ""response"": ""11""}"
2026-04-05T12:14:50.458315+00:00,facilitator_call,public_good_experiment_20260405T113818Z_xaji0y,public_good_experiment_20260405T113818Z_xaji0y_s1,public_good_experiment_20260405T113818Z_xaji0y_s1_pgg_r3_g4,public_good_experiment_20260405T113818Z_xaji0y_16,"{""prompt_type"": ""FACILITATOR"", ""prompt_name"": ""endowment"", ""module"": ""pgg"", ""round"": 3, ""rendered_prompt"": ""Choose a random integer between 8 and 20 as the initial endowment assigned to this player. Respond with only the resulting endowment without providing any explanations."", ""response"": ""11""}"
2026-04-05T12:15:28.112084+00:00,facilitator_call,public_good_experiment_20260405T113818Z_xaji0y,public_good_experiment_20260405T113818Z_xaji0y_s1,public_good_experiment_20260405T113818Z_xaji0y_s1_pgg_r3_g4,,"{""prompt_type"": ""FACILITATOR"", ""prompt_name"": ""total_contribution"", ""module"": ""pgg"", ""round"": 3, ""rendered_prompt"": ""Calculate the total number of tokens contributed to the public account by all participants in this round using the following formula:\nPlayer 1's contribution to public account in this round + Player 2's contribution to public account in this round + Player 3's contribution to public account in this round + Player 4's contribution to public account in this round\nRespond with only the resulting nunber without providing any explanations."", ""response"": ""6""}"
2026-04-05T12:15:34.277439+00:00,facilitator_call,public_good_experiment_20260405T113818Z_xaji0y,public_good_experiment_20260405T113818Z_xaji0y_s1,public_good_experiment_20260405T113818Z_xaji0y_s1_pgg_r3_g4,public_good_experiment_20260405T113818Z_xaji0y_13,"{""prompt_type"": ""FACILITATOR"", ""prompt_name"": ""public_account_earnings"", ""module"": ""pgg"", ""round"": 3, ""rendered_prompt"": ""Calculate Player ID 13's earnings from the public account this round using the following formula:\n(6 _ 2.0) / 4\nRespond with only the resulting number without providing any explanations."", ""response"": ""3""}"
2026-04-05T12:15:36.534775+00:00,facilitator_call,public_good_experiment_20260405T113818Z_xaji0y,public_good_experiment_20260405T113818Z_xaji0y_s1,public_good_experiment_20260405T113818Z_xaji0y_s1_pgg_r3_g4,public_good_experiment_20260405T113818Z_xaji0y_14,"{""prompt_type"": ""FACILITATOR"", ""prompt_name"": ""public_account_earnings"", ""module"": ""pgg"", ""round"": 3, ""rendered_prompt"": ""Calculate Player ID 14's earnings from the public account this round using the following formula:\n(6 _ 2.0) / 4\nRespond with only the resulting number without providing any explanations."", ""response"": ""3""}"
2026-04-05T12:15:41.205559+00:00,facilitator_call,public_good_experiment_20260405T113818Z_xaji0y,public_good_experiment_20260405T113818Z_xaji0y_s1,public_good_experiment_20260405T113818Z_xaji0y_s1_pgg_r3_g4,public_good_experiment_20260405T113818Z_xaji0y_15,"{""prompt_type"": ""FACILITATOR"", ""prompt_name"": ""public_account_earnings"", ""module"": ""pgg"", ""round"": 3, ""rendered_prompt"": ""Calculate Player ID 15's earnings from the public account this round using the following formula:\n(6 _ 2.0) / 4\nRespond with only the resulting number without providing any explanations."", ""response"": ""3""}"
2026-04-05T12:15:44.004528+00:00,facilitator_call,public_good_experiment_20260405T113818Z_xaji0y,public_good_experiment_20260405T113818Z_xaji0y_s1,public_good_experiment_20260405T113818Z_xaji0y_s1_pgg_r3_g4,public_good_experiment_20260405T113818Z_xaji0y_16,"{""prompt_type"": ""FACILITATOR"", ""prompt_name"": ""public_account_earnings"", ""module"": ""pgg"", ""round"": 3, ""rendered_prompt"": ""Calculate Player ID 16's earnings from the public account this round using the following formula:\n(6 _ 2.0) / 4\nRespond with only the resulting number without providing any explanations."", ""response"": ""3""}"
2026-04-05T12:15:47.359641+00:00,facilitator_call,public_good_experiment_20260405T113818Z_xaji0y,public_good_experiment_20260405T113818Z_xaji0y_s1,public_good_experiment_20260405T113818Z_xaji0y_s1_pgg_r3_g4,public_good_experiment_20260405T113818Z_xaji0y_13,"{""prompt_type"": ""FACILITATOR"", ""prompt_name"": ""private_account_remaining"", ""module"": ""pgg"", ""round"": 3, ""rendered_prompt"": ""Calculate Player ID 13's remaining private tokens this round using the following formula:\n18 _ 0\nRespond with only the resulting number without any explanations."", ""response"": ""18""}"
2026-04-05T12:15:54.595040+00:00,facilitator_call,public_good_experiment_20260405T113818Z_xaji0y,public_good_experiment_20260405T113818Z_xaji0y_s1,public_good_experiment_20260405T113818Z_xaji0y_s1_pgg_r3_g4,public_good_experiment_20260405T113818Z_xaji0y_14,"{""prompt_type"": ""FACILITATOR"", ""prompt_name"": ""private_account_remaining"", ""module"": ""pgg"", ""round"": 3, ""rendered_prompt"": ""Calculate Player ID 14's remaining private tokens this round using the following formula:\n18 _ 2\nRespond with only the resulting number without any explanations."", ""response"": ""16""}"
2026-04-05T12:16:00.603649+00:00,facilitator_call,public_good_experiment_20260405T113818Z_xaji0y,public_good_experiment_20260405T113818Z_xaji0y_s1,public_good_experiment_20260405T113818Z_xaji0y_s1_pgg_r3_g4,public_good_experiment_20260405T113818Z_xaji0y_15,"{""prompt_type"": ""FACILITATOR"", ""prompt_name"": ""private_account_remaining"", ""module"": ""pgg"", ""round"": 3, ""rendered_prompt"": ""Calculate Player ID 15's remaining private tokens this round using the following formula:\n11 _ 0\nRespond with only the resulting number without any explanations."", ""response"": ""11""}"
2026-04-05T12:16:04.899497+00:00,facilitator_call,public_good_experiment_20260405T113818Z_xaji0y,public_good_experiment_20260405T113818Z_xaji0y_s1,public_good_experiment_20260405T113818Z_xaji0y_s1_pgg_r3_g4,public_good_experiment_20260405T113818Z_xaji0y_16,"{""prompt_type"": ""FACILITATOR"", ""prompt_name"": ""private_account_remaining"", ""module"": ""pgg"", ""round"": 3, ""rendered_prompt"": ""Calculate Player ID 16's remaining private tokens this round using the following formula:\n11 _ 4\nRespond with only the resulting number without any explanations."", ""response"": ""7""}"
2026-04-05T12:16:07.762525+00:00,facilitator_call,public_good_experiment_20260405T113818Z_xaji0y,public_good_experiment_20260405T113818Z_xaji0y_s1,public_good_experiment_20260405T113818Z_xaji0y_s1_pgg_r3_g4,public_good_experiment_20260405T113818Z_xaji0y_13,"{""prompt_type"": ""FACILITATOR"", ""prompt_name"": ""payoff"", ""module"": ""pgg"", ""round"": 3, ""rendered_prompt"": ""Calculate Player ID 13's total earnings this round using the following formula:\n3 + 18\nRespond with only the resulting number without any explanations."", ""response"": ""21""}"
2026-04-05T12:16:10.349114+00:00,facilitator_call,public_good_experiment_20260405T113818Z_xaji0y,public_good_experiment_20260405T113818Z_xaji0y_s1,public_good_experiment_20260405T113818Z_xaji0y_s1_pgg_r3_g4,public_good_experiment_20260405T113818Z_xaji0y_14,"{""prompt_type"": ""FACILITATOR"", ""prompt_name"": ""payoff"", ""module"": ""pgg"", ""round"": 3, ""rendered_prompt"": ""Calculate Player ID 14's total earnings this round using the following formula:\n3 + 16\nRespond with only the resulting number without any explanations."", ""response"": ""19""}"
2026-04-05T12:16:12.685986+00:00,facilitator_call,public_good_experiment_20260405T113818Z_xaji0y,public_good_experiment_20260405T113818Z_xaji0y_s1,public_good_experiment_20260405T113818Z_xaji0y_s1_pgg_r3_g4,public_good_experiment_20260405T113818Z_xaji0y_15,"{""prompt_type"": ""FACILITATOR"", ""prompt_name"": ""payoff"", ""module"": ""pgg"", ""round"": 3, ""rendered_prompt"": ""Calculate Player ID 15's total earnings this round using the following formula:\n3 + 11\nRespond with only the resulting number without any explanations."", ""response"": ""14""}"
2026-04-05T12:16:15.548340+00:00,facilitator_call,public_good_experiment_20260405T113818Z_xaji0y,public_good_experiment_20260405T113818Z_xaji0y_s1,public_good_experiment_20260405T113818Z_xaji0y_s1_pgg_r3_g4,public_good_experiment_20260405T113818Z_xaji0y_16,"{""prompt_type"": ""FACILITATOR"", ""prompt_name"": ""payoff"", ""module"": ""pgg"", ""round"": 3, ""rendered_prompt"": ""Calculate Player ID 16's total earnings this round using the following formula:\n3 + 7\nRespond with only the resulting number without any explanations."", ""response"": ""10""}"
2026-04-05T12:16:52.428238+00:00,facilitator_call,public_good_experiment_20260405T113818Z_xaji0y,public_good_experiment_20260405T113818Z_xaji0y_s1,public_good_experiment_20260405T113818Z_xaji0y_s1_pgg_r3_g5,public_good_experiment_20260405T113818Z_xaji0y_17,"{""prompt_type"": ""FACILITATOR"", ""prompt_name"": ""endowment"", ""module"": ""pgg"", ""round"": 3, ""rendered_prompt"": ""Choose a random integer between 8 and 20 as the initial endowment assigned to this player. Respond with only the resulting endowment without providing any explanations."", ""response"": ""15""}"
2026-04-05T12:16:57.355385+00:00,facilitator_call,public_good_experiment_20260405T113818Z_xaji0y,public_good_experiment_20260405T113818Z_xaji0y_s1,public_good_experiment_20260405T113818Z_xaji0y_s1_pgg_r3_g5,public_good_experiment_20260405T113818Z_xaji0y_18,"{""prompt_type"": ""FACILITATOR"", ""prompt_name"": ""endowment"", ""module"": ""pgg"", ""round"": 3, ""rendered_prompt"": ""Choose a random integer between 8 and 20 as the initial endowment assigned to this player. Respond with only the resulting endowment without providing any explanations."", ""response"": ""15""}"
2026-04-05T12:17:00.197096+00:00,facilitator_call,public_good_experiment_20260405T113818Z_xaji0y,public_good_experiment_20260405T113818Z_xaji0y_s1,public_good_experiment_20260405T113818Z_xaji0y_s1_pgg_r3_g5,public_good_experiment_20260405T113818Z_xaji0y_19,"{""prompt_type"": ""FACILITATOR"", ""prompt_name"": ""endowment"", ""module"": ""pgg"", ""round"": 3, ""rendered_prompt"": ""Choose a random integer between 8 and 20 as the initial endowment assigned to this player. Respond with only the resulting endowment without providing any explanations."", ""response"": ""15""}"
2026-04-05T12:17:02.559470+00:00,facilitator_call,public_good_experiment_20260405T113818Z_xaji0y,public_good_experiment_20260405T113818Z_xaji0y_s1,public_good_experiment_20260405T113818Z_xaji0y_s1_pgg_r3_g5,public_good_experiment_20260405T113818Z_xaji0y_20,"{""prompt_type"": ""FACILITATOR"", ""prompt_name"": ""endowment"", ""module"": ""pgg"", ""round"": 3, ""rendered_prompt"": ""Choose a random integer between 8 and 20 as the initial endowment assigned to this player. Respond with only the resulting endowment without providing any explanations."", ""response"": ""13""}"
2026-04-05T12:17:39.628048+00:00,facilitator_call,public_good_experiment_20260405T113818Z_xaji0y,public_good_experiment_20260405T113818Z_xaji0y_s1,public_good_experiment_20260405T113818Z_xaji0y_s1_pgg_r3_g5,,"{""prompt_type"": ""FACILITATOR"", ""prompt_name"": ""total_contribution"", ""module"": ""pgg"", ""round"": 3, ""rendered_prompt"": ""Calculate the total number of tokens contributed to the public account by all participants in this round using the following formula:\nPlayer 1's contribution to public account in this round + Player 2's contribution to public account in this round + Player 3's contribution to public account in this round + Player 4's contribution to public account in this round\nRespond with only the resulting nunber without providing any explanations."", ""response"": ""26""}"
2026-04-05T12:17:43.612765+00:00,facilitator_call,public_good_experiment_20260405T113818Z_xaji0y,public_good_experiment_20260405T113818Z_xaji0y_s1,public_good_experiment_20260405T113818Z_xaji0y_s1_pgg_r3_g5,public_good_experiment_20260405T113818Z_xaji0y_17,"{""prompt_type"": ""FACILITATOR"", ""prompt_name"": ""public_account_earnings"", ""module"": ""pgg"", ""round"": 3, ""rendered_prompt"": ""Calculate Player ID 17's earnings from the public account this round using the following formula:\n(26 _ 2.0) / 4\nRespond with only the resulting number without providing any explanations."", ""response"": ""13""}"
2026-04-05T12:17:46.414474+00:00,facilitator_call,public_good_experiment_20260405T113818Z_xaji0y,public_good_experiment_20260405T113818Z_xaji0y_s1,public_good_experiment_20260405T113818Z_xaji0y_s1_pgg_r3_g5,public_good_experiment_20260405T113818Z_xaji0y_18,"{""prompt_type"": ""FACILITATOR"", ""prompt_name"": ""public_account_earnings"", ""module"": ""pgg"", ""round"": 3, ""rendered_prompt"": ""Calculate Player ID 18's earnings from the public account this round using the following formula:\n(26 _ 2.0) / 4\nRespond with only the resulting number without providing any explanations."", ""response"": ""13""}"
2026-04-05T12:17:48.733363+00:00,facilitator_call,public_good_experiment_20260405T113818Z_xaji0y,public_good_experiment_20260405T113818Z_xaji0y_s1,public_good_experiment_20260405T113818Z_xaji0y_s1_pgg_r3_g5,public_good_experiment_20260405T113818Z_xaji0y_19,"{""prompt_type"": ""FACILITATOR"", ""prompt_name"": ""public_account_earnings"", ""module"": ""pgg"", ""round"": 3, ""rendered_prompt"": ""Calculate Player ID 19's earnings from the public account this round using the following formula:\n(26 _ 2.0) / 4\nRespond with only the resulting number without providing any explanations."", ""response"": ""13""}"
2026-04-05T12:17:51.263261+00:00,facilitator_call,public_good_experiment_20260405T113818Z_xaji0y,public_good_experiment_20260405T113818Z_xaji0y_s1,public_good_experiment_20260405T113818Z_xaji0y_s1_pgg_r3_g5,public_good_experiment_20260405T113818Z_xaji0y_20,"{""prompt_type"": ""FACILITATOR"", ""prompt_name"": ""public_account_earnings"", ""module"": ""pgg"", ""round"": 3, ""rendered_prompt"": ""Calculate Player ID 20's earnings from the public account this round using the following formula:\n(26 _ 2.0) / 4\nRespond with only the resulting number without providing any explanations."", ""response"": ""13""}"
2026-04-05T12:17:57.644737+00:00,facilitator_call,public_good_experiment_20260405T113818Z_xaji0y,public_good_experiment_20260405T113818Z_xaji0y_s1,public_good_experiment_20260405T113818Z_xaji0y_s1_pgg_r3_g5,public_good_experiment_20260405T113818Z_xaji0y_17,"{""prompt_type"": ""FACILITATOR"", ""prompt_name"": ""private_account_remaining"", ""module"": ""pgg"", ""round"": 3, ""rendered_prompt"": ""Calculate Player ID 17's remaining private tokens this round using the following formula:\n15 _ 4\nRespond with only the resulting number without any explanations."", ""response"": ""11""}"
2026-04-05T12:18:02.559748+00:00,facilitator_call,public_good_experiment_20260405T113818Z_xaji0y,public_good_experiment_20260405T113818Z_xaji0y_s1,public_good_experiment_20260405T113818Z_xaji0y_s1_pgg_r3_g5,public_good_experiment_20260405T113818Z_xaji0y_18,"{""prompt_type"": ""FACILITATOR"", ""prompt_name"": ""private_account_remaining"", ""module"": ""pgg"", ""round"": 3, ""rendered_prompt"": ""Calculate Player ID 18's remaining private tokens this round using the following formula:\n15 _ 8\nRespond with only the resulting number without any explanations."", ""response"": ""7""}"
2026-04-05T12:18:05.518358+00:00,facilitator_call,public_good_experiment_20260405T113818Z_xaji0y,public_good_experiment_20260405T113818Z_xaji0y_s1,public_good_experiment_20260405T113818Z_xaji0y_s1_pgg_r3_g5,public_good_experiment_20260405T113818Z_xaji0y_19,"{""prompt_type"": ""FACILITATOR"", ""prompt_name"": ""private_account_remaining"", ""module"": ""pgg"", ""round"": 3, ""rendered_prompt"": ""Calculate Player ID 19's remaining private tokens this round using the following formula:\n15 _ 8\nRespond with only the resulting number without any explanations."", ""response"": ""7""}"
2026-04-05T12:18:13.601378+00:00,facilitator_call,public_good_experiment_20260405T113818Z_xaji0y,public_good_experiment_20260405T113818Z_xaji0y_s1,public_good_experiment_20260405T113818Z_xaji0y_s1_pgg_r3_g5,public_good_experiment_20260405T113818Z_xaji0y_20,"{""prompt_type"": ""FACILITATOR"", ""prompt_name"": ""private_account_remaining"", ""module"": ""pgg"", ""round"": 3, ""rendered_prompt"": ""Calculate Player ID 20's remaining private tokens this round using the following formula:\n13 _ 6\nRespond with only the resulting number without any explanations."", ""response"": ""7""}"
2026-04-05T12:18:15.838797+00:00,facilitator_call,public_good_experiment_20260405T113818Z_xaji0y,public_good_experiment_20260405T113818Z_xaji0y_s1,public_good_experiment_20260405T113818Z_xaji0y_s1_pgg_r3_g5,public_good_experiment_20260405T113818Z_xaji0y_17,"{""prompt_type"": ""FACILITATOR"", ""prompt_name"": ""payoff"", ""module"": ""pgg"", ""round"": 3, ""rendered_prompt"": ""Calculate Player ID 17's total earnings this round using the following formula:\n13 + 11\nRespond with only the resulting number without any explanations."", ""response"": ""24""}"
2026-04-05T12:18:18.249035+00:00,facilitator_call,public_good_experiment_20260405T113818Z_xaji0y,public_good_experiment_20260405T113818Z_xaji0y_s1,public_good_experiment_20260405T113818Z_xaji0y_s1_pgg_r3_g5,public_good_experiment_20260405T113818Z_xaji0y_18,"{""prompt_type"": ""FACILITATOR"", ""prompt_name"": ""payoff"", ""module"": ""pgg"", ""round"": 3, ""rendered_prompt"": ""Calculate Player ID 18's total earnings this round using the following formula:\n13 + 7\nRespond with only the resulting number without any explanations."", ""response"": ""20""}"
2026-04-05T12:18:20.301292+00:00,facilitator_call,public_good_experiment_20260405T113818Z_xaji0y,public_good_experiment_20260405T113818Z_xaji0y_s1,public_good_experiment_20260405T113818Z_xaji0y_s1_pgg_r3_g5,public_good_experiment_20260405T113818Z_xaji0y_19,"{""prompt_type"": ""FACILITATOR"", ""prompt_name"": ""payoff"", ""module"": ""pgg"", ""round"": 3, ""rendered_prompt"": ""Calculate Player ID 19's total earnings this round using the following formula:\n13 + 7\nRespond with only the resulting number without any explanations."", ""response"": ""20""}"
2026-04-05T12:18:22.592225+00:00,facilitator_call,public_good_experiment_20260405T113818Z_xaji0y,public_good_experiment_20260405T113818Z_xaji0y_s1,public_good_experiment_20260405T113818Z_xaji0y_s1_pgg_r3_g5,public_good_experiment_20260405T113818Z_xaji0y_20,"{""prompt_type"": ""FACILITATOR"", ""prompt_name"": ""payoff"", ""module"": ""pgg"", ""round"": 3, ""rendered_prompt"": ""Calculate Player ID 20's total earnings this round using the following formula:\n13 + 7\nRespond with only the resulting number without any explanations."", ""response"": ""20""}"
2026-04-05T12:19:00.468849+00:00,facilitator_call,public_good_experiment_20260405T113818Z_xaji0y,public_good_experiment_20260405T113818Z_xaji0y_s1,public_good_experiment_20260405T113818Z_xaji0y_s1_pgg_r3_g6,public_good_experiment_20260405T113818Z_xaji0y_21,"{""prompt_type"": ""FACILITATOR"", ""prompt_name"": ""endowment"", ""module"": ""pgg"", ""round"": 3, ""rendered_prompt"": ""Choose a random integer between 8 and 20 as the initial endowment assigned to this player. Respond with only the resulting endowment without providing any explanations."", ""response"": ""13""}"
2026-04-05T12:19:02.757682+00:00,facilitator_call,public_good_experiment_20260405T113818Z_xaji0y,public_good_experiment_20260405T113818Z_xaji0y_s1,public_good_experiment_20260405T113818Z_xaji0y_s1_pgg_r3_g6,public_good_experiment_20260405T113818Z_xaji0y_22,"{""prompt_type"": ""FACILITATOR"", ""prompt_name"": ""endowment"", ""module"": ""pgg"", ""round"": 3, ""rendered_prompt"": ""Choose a random integer between 8 and 20 as the initial endowment assigned to this player. Respond with only the resulting endowment without providing any explanations."", ""response"": ""13""}"
2026-04-05T12:19:04.818376+00:00,facilitator_call,public_good_experiment_20260405T113818Z_xaji0y,public_good_experiment_20260405T113818Z_xaji0y_s1,public_good_experiment_20260405T113818Z_xaji0y_s1_pgg_r3_g6,public_good_experiment_20260405T113818Z_xaji0y_23,"{""prompt_type"": ""FACILITATOR"", ""prompt_name"": ""endowment"", ""module"": ""pgg"", ""round"": 3, ""rendered_prompt"": ""Choose a random integer between 8 and 20 as the initial endowment assigned to this player. Respond with only the resulting endowment without providing any explanations."", ""response"": ""13""}"
2026-04-05T12:19:08.081797+00:00,facilitator_call,public_good_experiment_20260405T113818Z_xaji0y,public_good_experiment_20260405T113818Z_xaji0y_s1,public_good_experiment_20260405T113818Z_xaji0y_s1_pgg_r3_g6,public_good_experiment_20260405T113818Z_xaji0y_24,"{""prompt_type"": ""FACILITATOR"", ""prompt_name"": ""endowment"", ""module"": ""pgg"", ""round"": 3, ""rendered_prompt"": ""Choose a random integer between 8 and 20 as the initial endowment assigned to this player. Respond with only the resulting endowment without providing any explanations."", ""response"": ""13""}"
2026-04-05T12:22:14.492055+00:00,facilitator_call,public_good_experiment_20260405T113818Z_xaji0y,public_good_experiment_20260405T113818Z_xaji0y_s1,public_good_experiment_20260405T113818Z_xaji0y_s1_pgg_r3_g6,,"{""prompt_type"": ""FACILITATOR"", ""prompt_name"": ""total_contribution"", ""module"": ""pgg"", ""round"": 3, ""rendered_prompt"": ""Calculate the total number of tokens contributed to the public account by all participants in this round using the following formula:\nPlayer 1's contribution to public account in this round + Player 2's contribution to public account in this round + Player 3's contribution to public account in this round + Player 4's contribution to public account in this round\nRespond with only the resulting nunber without providing any explanations."", ""response"": ""12""}"
2026-04-05T12:22:17.128514+00:00,facilitator_call,public_good_experiment_20260405T113818Z_xaji0y,public_good_experiment_20260405T113818Z_xaji0y_s1,public_good_experiment_20260405T113818Z_xaji0y_s1_pgg_r3_g6,public_good_experiment_20260405T113818Z_xaji0y_21,"{""prompt_type"": ""FACILITATOR"", ""prompt_name"": ""public_account_earnings"", ""module"": ""pgg"", ""round"": 3, ""rendered_prompt"": ""Calculate Player ID 21's earnings from the public account this round using the following formula:\n(12 _ 2.0) / 4\nRespond with only the resulting number without providing any explanations."", ""response"": ""6""}"
2026-04-05T12:22:19.591356+00:00,facilitator_call,public_good_experiment_20260405T113818Z_xaji0y,public_good_experiment_20260405T113818Z_xaji0y_s1,public_good_experiment_20260405T113818Z_xaji0y_s1_pgg_r3_g6,public_good_experiment_20260405T113818Z_xaji0y_22,"{""prompt_type"": ""FACILITATOR"", ""prompt_name"": ""public_account_earnings"", ""module"": ""pgg"", ""round"": 3, ""rendered_prompt"": ""Calculate Player ID 22's earnings from the public account this round using the following formula:\n(12 _ 2.0) / 4\nRespond with only the resulting number without providing any explanations."", ""response"": ""6""}"
2026-04-05T12:22:23.383714+00:00,facilitator_call,public_good_experiment_20260405T113818Z_xaji0y,public_good_experiment_20260405T113818Z_xaji0y_s1,public_good_experiment_20260405T113818Z_xaji0y_s1_pgg_r3_g6,public_good_experiment_20260405T113818Z_xaji0y_23,"{""prompt_type"": ""FACILITATOR"", ""prompt_name"": ""public_account_earnings"", ""module"": ""pgg"", ""round"": 3, ""rendered_prompt"": ""Calculate Player ID 23's earnings from the public account this round using the following formula:\n(12 _ 2.0) / 4\nRespond with only the resulting number without providing any explanations."", ""response"": ""6""}"
2026-04-05T12:22:26.210808+00:00,facilitator_call,public_good_experiment_20260405T113818Z_xaji0y,public_good_experiment_20260405T113818Z_xaji0y_s1,public_good_experiment_20260405T113818Z_xaji0y_s1_pgg_r3_g6,public_good_experiment_20260405T113818Z_xaji0y_24,"{""prompt_type"": ""FACILITATOR"", ""prompt_name"": ""public_account_earnings"", ""module"": ""pgg"", ""round"": 3, ""rendered_prompt"": ""Calculate Player ID 24's earnings from the public account this round using the following formula:\n(12 _ 2.0) / 4\nRespond with only the resulting number without providing any explanations."", ""response"": ""6""}"
2026-04-05T12:22:33.266959+00:00,facilitator_call,public_good_experiment_20260405T113818Z_xaji0y,public_good_experiment_20260405T113818Z_xaji0y_s1,public_good_experiment_20260405T113818Z_xaji0y_s1_pgg_r3_g6,public_good_experiment_20260405T113818Z_xaji0y_21,"{""prompt_type"": ""FACILITATOR"", ""prompt_name"": ""private_account_remaining"", ""module"": ""pgg"", ""round"": 3, ""rendered_prompt"": ""Calculate Player ID 21's remaining private tokens this round using the following formula:\n13 _ 0\nRespond with only the resulting number without any explanations."", ""response"": ""13""}"
2026-04-05T12:22:39.032211+00:00,facilitator_call,public_good_experiment_20260405T113818Z_xaji0y,public_good_experiment_20260405T113818Z_xaji0y_s1,public_good_experiment_20260405T113818Z_xaji0y_s1_pgg_r3_g6,public_good_experiment_20260405T113818Z_xaji0y_22,"{""prompt_type"": ""FACILITATOR"", ""prompt_name"": ""private_account_remaining"", ""module"": ""pgg"", ""round"": 3, ""rendered_prompt"": ""Calculate Player ID 22's remaining private tokens this round using the following formula:\n13 _ 3\nRespond with only the resulting number without any explanations."", ""response"": ""10""}"
2026-04-05T12:22:45.091542+00:00,facilitator_call,public_good_experiment_20260405T113818Z_xaji0y,public_good_experiment_20260405T113818Z_xaji0y_s1,public_good_experiment_20260405T113818Z_xaji0y_s1_pgg_r3_g6,public_good_experiment_20260405T113818Z_xaji0y_23,"{""prompt_type"": ""FACILITATOR"", ""prompt_name"": ""private_account_remaining"", ""module"": ""pgg"", ""round"": 3, ""rendered_prompt"": ""Calculate Player ID 23's remaining private tokens this round using the following formula:\n13 _ 0\nRespond with only the resulting number without any explanations."", ""response"": ""13""}"
2026-04-05T12:22:49.086338+00:00,facilitator_call,public_good_experiment_20260405T113818Z_xaji0y,public_good_experiment_20260405T113818Z_xaji0y_s1,public_good_experiment_20260405T113818Z_xaji0y_s1_pgg_r3_g6,public_good_experiment_20260405T113818Z_xaji0y_24,"{""prompt_type"": ""FACILITATOR"", ""prompt_name"": ""private_account_remaining"", ""module"": ""pgg"", ""round"": 3, ""rendered_prompt"": ""Calculate Player ID 24's remaining private tokens this round using the following formula:\n13 _ 9\nRespond with only the resulting number without any explanations."", ""response"": ""4""}"
2026-04-05T12:22:55.844078+00:00,facilitator_call,public_good_experiment_20260405T113818Z_xaji0y,public_good_experiment_20260405T113818Z_xaji0y_s1,public_good_experiment_20260405T113818Z_xaji0y_s1_pgg_r3_g6,public_good_experiment_20260405T113818Z_xaji0y_21,"{""prompt_type"": ""FACILITATOR"", ""prompt_name"": ""payoff"", ""module"": ""pgg"", ""round"": 3, ""rendered_prompt"": ""Calculate Player ID 21's total earnings this round using the following formula:\n6 + 13\nRespond with only the resulting number without any explanations."", ""response"": ""19""}"
2026-04-05T12:22:58.093087+00:00,facilitator_call,public_good_experiment_20260405T113818Z_xaji0y,public_good_experiment_20260405T113818Z_xaji0y_s1,public_good_experiment_20260405T113818Z_xaji0y_s1_pgg_r3_g6,public_good_experiment_20260405T113818Z_xaji0y_22,"{""prompt_type"": ""FACILITATOR"", ""prompt_name"": ""payoff"", ""module"": ""pgg"", ""round"": 3, ""rendered_prompt"": ""Calculate Player ID 22's total earnings this round using the following formula:\n6 + 10\nRespond with only the resulting number without any explanations."", ""response"": ""16""}"
2026-04-05T12:23:01.404314+00:00,facilitator_call,public_good_experiment_20260405T113818Z_xaji0y,public_good_experiment_20260405T113818Z_xaji0y_s1,public_good_experiment_20260405T113818Z_xaji0y_s1_pgg_r3_g6,public_good_experiment_20260405T113818Z_xaji0y_23,"{""prompt_type"": ""FACILITATOR"", ""prompt_name"": ""payoff"", ""module"": ""pgg"", ""round"": 3, ""rendered_prompt"": ""Calculate Player ID 23's total earnings this round using the following formula:\n6 + 13\nRespond with only the resulting number without any explanations."", ""response"": ""19""}"
2026-04-05T12:23:03.840585+00:00,facilitator_call,public_good_experiment_20260405T113818Z_xaji0y,public_good_experiment_20260405T113818Z_xaji0y_s1,public_good_experiment_20260405T113818Z_xaji0y_s1_pgg_r3_g6,public_good_experiment_20260405T113818Z_xaji0y_24,"{""prompt_type"": ""FACILITATOR"", ""prompt_name"": ""payoff"", ""module"": ""pgg"", ""round"": 3, ""rendered_prompt"": ""Calculate Player ID 24's total earnings this round using the following formula:\n6 + 4\nRespond with only the resulting number without any explanations."", ""response"": ""10""}"
2026-04-05T12:23:44.878234+00:00,facilitator_call,public_good_experiment_20260405T113818Z_xaji0y,public_good_experiment_20260405T113818Z_xaji0y_s1,public_good_experiment_20260405T113818Z_xaji0y_s1_pgg_r4_g1,public_good_experiment_20260405T113818Z_xaji0y_1,"{""prompt_type"": ""FACILITATOR"", ""prompt_name"": ""endowment"", ""module"": ""pgg"", ""round"": 4, ""rendered_prompt"": ""Choose a random integer between 8 and 20 as the initial endowment assigned to this player. Respond with only the resulting endowment without providing any explanations."", ""response"": ""11""}"
2026-04-05T12:23:47.553378+00:00,facilitator_call,public_good_experiment_20260405T113818Z_xaji0y,public_good_experiment_20260405T113818Z_xaji0y_s1,public_good_experiment_20260405T113818Z_xaji0y_s1_pgg_r4_g1,public_good_experiment_20260405T113818Z_xaji0y_2,"{""prompt_type"": ""FACILITATOR"", ""prompt_name"": ""endowment"", ""module"": ""pgg"", ""round"": 4, ""rendered_prompt"": ""Choose a random integer between 8 and 20 as the initial endowment assigned to this player. Respond with only the resulting endowment without providing any explanations."", ""response"": ""11""}"
2026-04-05T12:23:50.433232+00:00,facilitator_call,public_good_experiment_20260405T113818Z_xaji0y,public_good_experiment_20260405T113818Z_xaji0y_s1,public_good_experiment_20260405T113818Z_xaji0y_s1_pgg_r4_g1,public_good_experiment_20260405T113818Z_xaji0y_3,"{""prompt_type"": ""FACILITATOR"", ""prompt_name"": ""endowment"", ""module"": ""pgg"", ""round"": 4, ""rendered_prompt"": ""Choose a random integer between 8 and 20 as the initial endowment assigned to this player. Respond with only the resulting endowment without providing any explanations."", ""response"": ""18""}"
2026-04-05T12:23:53.506474+00:00,facilitator_call,public_good_experiment_20260405T113818Z_xaji0y,public_good_experiment_20260405T113818Z_xaji0y_s1,public_good_experiment_20260405T113818Z_xaji0y_s1_pgg_r4_g1,public_good_experiment_20260405T113818Z_xaji0y_4,"{""prompt_type"": ""FACILITATOR"", ""prompt_name"": ""endowment"", ""module"": ""pgg"", ""round"": 4, ""rendered_prompt"": ""Choose a random integer between 8 and 20 as the initial endowment assigned to this player. Respond with only the resulting endowment without providing any explanations."", ""response"": ""15""}"
2026-04-05T12:24:36.198929+00:00,facilitator_call,public_good_experiment_20260405T113818Z_xaji0y,public_good_experiment_20260405T113818Z_xaji0y_s1,public_good_experiment_20260405T113818Z_xaji0y_s1_pgg_r4_g1,,"{""prompt_type"": ""FACILITATOR"", ""prompt_name"": ""total_contribution"", ""module"": ""pgg"", ""round"": 4, ""rendered_prompt"": ""Calculate the total number of tokens contributed to the public account by all participants in this round using the following formula:\nPlayer 1's contribution to public account in this round + Player 2's contribution to public account in this round + Player 3's contribution to public account in this round + Player 4's contribution to public account in this round\nRespond with only the resulting nunber without providing any explanations."", ""response"": ""24""}"
2026-04-05T12:24:39.083878+00:00,facilitator_call,public_good_experiment_20260405T113818Z_xaji0y,public_good_experiment_20260405T113818Z_xaji0y_s1,public_good_experiment_20260405T113818Z_xaji0y_s1_pgg_r4_g1,public_good_experiment_20260405T113818Z_xaji0y_1,"{""prompt_type"": ""FACILITATOR"", ""prompt_name"": ""public_account_earnings"", ""module"": ""pgg"", ""round"": 4, ""rendered_prompt"": ""Calculate Player ID 1's earnings from the public account this round using the following formula:\n(24 _ 2.0) / 4\nRespond with only the resulting number without providing any explanations."", ""response"": ""12""}"
2026-04-05T12:24:42.035660+00:00,facilitator_call,public_good_experiment_20260405T113818Z_xaji0y,public_good_experiment_20260405T113818Z_xaji0y_s1,public_good_experiment_20260405T113818Z_xaji0y_s1_pgg_r4_g1,public_good_experiment_20260405T113818Z_xaji0y_2,"{""prompt_type"": ""FACILITATOR"", ""prompt_name"": ""public_account_earnings"", ""module"": ""pgg"", ""round"": 4, ""rendered_prompt"": ""Calculate Player ID 2's earnings from the public account this round using the following formula:\n(24 _ 2.0) / 4\nRespond with only the resulting number without providing any explanations."", ""response"": ""12""}"
2026-04-05T12:24:45.988941+00:00,facilitator_call,public_good_experiment_20260405T113818Z_xaji0y,public_good_experiment_20260405T113818Z_xaji0y_s1,public_good_experiment_20260405T113818Z_xaji0y_s1_pgg_r4_g1,public_good_experiment_20260405T113818Z_xaji0y_3,"{""prompt_type"": ""FACILITATOR"", ""prompt_name"": ""public_account_earnings"", ""module"": ""pgg"", ""round"": 4, ""rendered_prompt"": ""Calculate Player ID 3's earnings from the public account this round using the following formula:\n(24 _ 2.0) / 4\nRespond with only the resulting number without providing any explanations."", ""response"": ""12""}"
2026-04-05T12:24:48.287516+00:00,facilitator_call,public_good_experiment_20260405T113818Z_xaji0y,public_good_experiment_20260405T113818Z_xaji0y_s1,public_good_experiment_20260405T113818Z_xaji0y_s1_pgg_r4_g1,public_good_experiment_20260405T113818Z_xaji0y_4,"{""prompt_type"": ""FACILITATOR"", ""prompt_name"": ""public_account_earnings"", ""module"": ""pgg"", ""round"": 4, ""rendered_prompt"": ""Calculate Player ID 4's earnings from the public account this round using the following formula:\n(24 _ 2.0) / 4\nRespond with only the resulting number without providing any explanations."", ""response"": ""12""}"
2026-04-05T12:24:53.097005+00:00,facilitator_call,public_good_experiment_20260405T113818Z_xaji0y,public_good_experiment_20260405T113818Z_xaji0y_s1,public_good_experiment_20260405T113818Z_xaji0y_s1_pgg_r4_g1,public_good_experiment_20260405T113818Z_xaji0y_1,"{""prompt_type"": ""FACILITATOR"", ""prompt_name"": ""private_account_remaining"", ""module"": ""pgg"", ""round"": 4, ""rendered_prompt"": ""Calculate Player ID 1's remaining private tokens this round using the following formula:\n11 _ 6\nRespond with only the resulting number without any explanations."", ""response"": ""5""}"
2026-04-05T12:25:03.174257+00:00,facilitator_call,public_good_experiment_20260405T113818Z_xaji0y,public_good_experiment_20260405T113818Z_xaji0y_s1,public_good_experiment_20260405T113818Z_xaji0y_s1_pgg_r4_g1,public_good_experiment_20260405T113818Z_xaji0y_2,"{""prompt_type"": ""FACILITATOR"", ""prompt_name"": ""private_account_remaining"", ""module"": ""pgg"", ""round"": 4, ""rendered_prompt"": ""Calculate Player ID 2's remaining private tokens this round using the following formula:\n11 _ 6\nRespond with only the resulting number without any explanations."", ""response"": ""5""}"
2026-04-05T12:25:07.427904+00:00,facilitator_call,public_good_experiment_20260405T113818Z_xaji0y,public_good_experiment_20260405T113818Z_xaji0y_s1,public_good_experiment_20260405T113818Z_xaji0y_s1_pgg_r4_g1,public_good_experiment_20260405T113818Z_xaji0y_3,"{""prompt_type"": ""FACILITATOR"", ""prompt_name"": ""private_account_remaining"", ""module"": ""pgg"", ""round"": 4, ""rendered_prompt"": ""Calculate Player ID 3's remaining private tokens this round using the following formula:\n18 _ 6\nRespond with only the resulting number without any explanations."", ""response"": ""12""}"
2026-04-05T12:25:12.647449+00:00,facilitator_call,public_good_experiment_20260405T113818Z_xaji0y,public_good_experiment_20260405T113818Z_xaji0y_s1,public_good_experiment_20260405T113818Z_xaji0y_s1_pgg_r4_g1,public_good_experiment_20260405T113818Z_xaji0y_4,"{""prompt_type"": ""FACILITATOR"", ""prompt_name"": ""private_account_remaining"", ""module"": ""pgg"", ""round"": 4, ""rendered_prompt"": ""Calculate Player ID 4's remaining private tokens this round using the following formula:\n15 _ 6\nRespond with only the resulting number without any explanations."", ""response"": ""9""}"
2026-04-05T12:25:15.248766+00:00,facilitator_call,public_good_experiment_20260405T113818Z_xaji0y,public_good_experiment_20260405T113818Z_xaji0y_s1,public_good_experiment_20260405T113818Z_xaji0y_s1_pgg_r4_g1,public_good_experiment_20260405T113818Z_xaji0y_1,"{""prompt_type"": ""FACILITATOR"", ""prompt_name"": ""payoff"", ""module"": ""pgg"", ""round"": 4, ""rendered_prompt"": ""Calculate Player ID 1's total earnings this round using the following formula:\n12 + 5\nRespond with only the resulting number without any explanations."", ""response"": ""17""}"
2026-04-05T12:25:17.772654+00:00,facilitator_call,public_good_experiment_20260405T113818Z_xaji0y,public_good_experiment_20260405T113818Z_xaji0y_s1,public_good_experiment_20260405T113818Z_xaji0y_s1_pgg_r4_g1,public_good_experiment_20260405T113818Z_xaji0y_2,"{""prompt_type"": ""FACILITATOR"", ""prompt_name"": ""payoff"", ""module"": ""pgg"", ""round"": 4, ""rendered_prompt"": ""Calculate Player ID 2's total earnings this round using the following formula:\n12 + 5\nRespond with only the resulting number without any explanations."", ""response"": ""17""}"
2026-04-05T12:25:21.203268+00:00,facilitator_call,public_good_experiment_20260405T113818Z_xaji0y,public_good_experiment_20260405T113818Z_xaji0y_s1,public_good_experiment_20260405T113818Z_xaji0y_s1_pgg_r4_g1,public_good_experiment_20260405T113818Z_xaji0y_3,"{""prompt_type"": ""FACILITATOR"", ""prompt_name"": ""payoff"", ""module"": ""pgg"", ""round"": 4, ""rendered_prompt"": ""Calculate Player ID 3's total earnings this round using the following formula:\n12 + 12\nRespond with only the resulting number without any explanations."", ""response"": ""24""}"
2026-04-05T12:25:23.800768+00:00,facilitator_call,public_good_experiment_20260405T113818Z_xaji0y,public_good_experiment_20260405T113818Z_xaji0y_s1,public_good_experiment_20260405T113818Z_xaji0y_s1_pgg_r4_g1,public_good_experiment_20260405T113818Z_xaji0y_4,"{""prompt_type"": ""FACILITATOR"", ""prompt_name"": ""payoff"", ""module"": ""pgg"", ""round"": 4, ""rendered_prompt"": ""Calculate Player ID 4's total earnings this round using the following formula:\n12 + 9\nRespond with only the resulting number without any explanations."", ""response"": ""21""}"
2026-04-05T12:25:52.999955+00:00,facilitator_call,public_good_experiment_20260405T113818Z_xaji0y,public_good_experiment_20260405T113818Z_xaji0y_s1,public_good_experiment_20260405T113818Z_xaji0y_s1_pgg_r4_g2,public_good_experiment_20260405T113818Z_xaji0y_5,"{""prompt_type"": ""FACILITATOR"", ""prompt_name"": ""endowment"", ""module"": ""pgg"", ""round"": 4, ""rendered_prompt"": ""Choose a random integer between 8 and 20 as the initial endowment assigned to this player. Respond with only the resulting endowment without providing any explanations."", ""response"": ""10""}"
2026-04-05T12:25:55.711316+00:00,facilitator_call,public_good_experiment_20260405T113818Z_xaji0y,public_good_experiment_20260405T113818Z_xaji0y_s1,public_good_experiment_20260405T113818Z_xaji0y_s1_pgg_r4_g2,public_good_experiment_20260405T113818Z_xaji0y_6,"{""prompt_type"": ""FACILITATOR"", ""prompt_name"": ""endowment"", ""module"": ""pgg"", ""round"": 4, ""rendered_prompt"": ""Choose a random integer between 8 and 20 as the initial endowment assigned to this player. Respond with only the resulting endowment without providing any explanations."", ""response"": ""16""}"
2026-04-05T12:25:59.034126+00:00,facilitator_call,public_good_experiment_20260405T113818Z_xaji0y,public_good_experiment_20260405T113818Z_xaji0y_s1,public_good_experiment_20260405T113818Z_xaji0y_s1_pgg_r4_g2,public_good_experiment_20260405T113818Z_xaji0y_7,"{""prompt_type"": ""FACILITATOR"", ""prompt_name"": ""endowment"", ""module"": ""pgg"", ""round"": 4, ""rendered_prompt"": ""Choose a random integer between 8 and 20 as the initial endowment assigned to this player. Respond with only the resulting endowment without providing any explanations."", ""response"": ""11""}"
2026-04-05T12:26:02.857263+00:00,facilitator_call,public_good_experiment_20260405T113818Z_xaji0y,public_good_experiment_20260405T113818Z_xaji0y_s1,public_good_experiment_20260405T113818Z_xaji0y_s1_pgg_r4_g2,public_good_experiment_20260405T113818Z_xaji0y_8,"{""prompt_type"": ""FACILITATOR"", ""prompt_name"": ""endowment"", ""module"": ""pgg"", ""round"": 4, ""rendered_prompt"": ""Choose a random integer between 8 and 20 as the initial endowment assigned to this player. Respond with only the resulting endowment without providing any explanations."", ""response"": ""16""}"
2026-04-05T12:26:31.637536+00:00,facilitator_call,public_good_experiment_20260405T113818Z_xaji0y,public_good_experiment_20260405T113818Z_xaji0y_s1,public_good_experiment_20260405T113818Z_xaji0y_s1_pgg_r4_g2,,"{""prompt_type"": ""FACILITATOR"", ""prompt_name"": ""total_contribution"", ""module"": ""pgg"", ""round"": 4, ""rendered_prompt"": ""Calculate the total number of tokens contributed to the public account by all participants in this round using the following formula:\nPlayer 1's contribution to public account in this round + Player 2's contribution to public account in this round + Player 3's contribution to public account in this round + Player 4's contribution to public account in this round\nRespond with only the resulting nunber without providing any explanations."", ""response"": ""0""}"
2026-04-05T12:26:35.293400+00:00,facilitator_call,public_good_experiment_20260405T113818Z_xaji0y,public_good_experiment_20260405T113818Z_xaji0y_s1,public_good_experiment_20260405T113818Z_xaji0y_s1_pgg_r4_g2,public_good_experiment_20260405T113818Z_xaji0y_5,"{""prompt_type"": ""FACILITATOR"", ""prompt_name"": ""public_account_earnings"", ""module"": ""pgg"", ""round"": 4, ""rendered_prompt"": ""Calculate Player ID 5's earnings from the public account this round using the following formula:\n(0 _ 2.0) / 4\nRespond with only the resulting number without providing any explanations."", ""response"": ""0""}"
2026-04-05T12:26:38.137559+00:00,facilitator_call,public_good_experiment_20260405T113818Z_xaji0y,public_good_experiment_20260405T113818Z_xaji0y_s1,public_good_experiment_20260405T113818Z_xaji0y_s1_pgg_r4_g2,public_good_experiment_20260405T113818Z_xaji0y_6,"{""prompt_type"": ""FACILITATOR"", ""prompt_name"": ""public_account_earnings"", ""module"": ""pgg"", ""round"": 4, ""rendered_prompt"": ""Calculate Player ID 6's earnings from the public account this round using the following formula:\n(0 _ 2.0) / 4\nRespond with only the resulting number without providing any explanations."", ""response"": ""0""}"
2026-04-05T12:26:46.559925+00:00,facilitator_call,public_good_experiment_20260405T113818Z_xaji0y,public_good_experiment_20260405T113818Z_xaji0y_s1,public_good_experiment_20260405T113818Z_xaji0y_s1_pgg_r4_g2,public_good_experiment_20260405T113818Z_xaji0y_7,"{""prompt_type"": ""FACILITATOR"", ""prompt_name"": ""public_account_earnings"", ""module"": ""pgg"", ""round"": 4, ""rendered_prompt"": ""Calculate Player ID 7's earnings from the public account this round using the following formula:\n(0 _ 2.0) / 4\nRespond with only the resulting number without providing any explanations."", ""response"": ""0""}"
2026-04-05T12:26:50.925946+00:00,facilitator_call,public_good_experiment_20260405T113818Z_xaji0y,public_good_experiment_20260405T113818Z_xaji0y_s1,public_good_experiment_20260405T113818Z_xaji0y_s1_pgg_r4_g2,public_good_experiment_20260405T113818Z_xaji0y_8,"{""prompt_type"": ""FACILITATOR"", ""prompt_name"": ""public_account_earnings"", ""module"": ""pgg"", ""round"": 4, ""rendered_prompt"": ""Calculate Player ID 8's earnings from the public account this round using the following formula:\n(0 _ 2.0) / 4\nRespond with only the resulting number without providing any explanations."", ""response"": ""0""}"
2026-04-05T12:26:55.076384+00:00,facilitator_call,public_good_experiment_20260405T113818Z_xaji0y,public_good_experiment_20260405T113818Z_xaji0y_s1,public_good_experiment_20260405T113818Z_xaji0y_s1_pgg_r4_g2,public_good_experiment_20260405T113818Z_xaji0y_5,"{""prompt_type"": ""FACILITATOR"", ""prompt_name"": ""private_account_remaining"", ""module"": ""pgg"", ""round"": 4, ""rendered_prompt"": ""Calculate Player ID 5's remaining private tokens this round using the following formula:\n10 _ 0\nRespond with only the resulting number without any explanations."", ""response"": ""10""}"
2026-04-05T12:26:58.138479+00:00,facilitator_call,public_good_experiment_20260405T113818Z_xaji0y,public_good_experiment_20260405T113818Z_xaji0y_s1,public_good_experiment_20260405T113818Z_xaji0y_s1_pgg_r4_g2,public_good_experiment_20260405T113818Z_xaji0y_6,"{""prompt_type"": ""FACILITATOR"", ""prompt_name"": ""private_account_remaining"", ""module"": ""pgg"", ""round"": 4, ""rendered_prompt"": ""Calculate Player ID 6's remaining private tokens this round using the following formula:\n16 _ 0\nRespond with only the resulting number without any explanations."", ""response"": ""16""}"
2026-04-05T12:27:02.113318+00:00,facilitator_call,public_good_experiment_20260405T113818Z_xaji0y,public_good_experiment_20260405T113818Z_xaji0y_s1,public_good_experiment_20260405T113818Z_xaji0y_s1_pgg_r4_g2,public_good_experiment_20260405T113818Z_xaji0y_7,"{""prompt_type"": ""FACILITATOR"", ""prompt_name"": ""private_account_remaining"", ""module"": ""pgg"", ""round"": 4, ""rendered_prompt"": ""Calculate Player ID 7's remaining private tokens this round using the following formula:\n11 _ 0\nRespond with only the resulting number without any explanations."", ""response"": ""11""}"
2026-04-05T12:27:09.361633+00:00,facilitator_call,public_good_experiment_20260405T113818Z_xaji0y,public_good_experiment_20260405T113818Z_xaji0y_s1,public_good_experiment_20260405T113818Z_xaji0y_s1_pgg_r4_g2,public_good_experiment_20260405T113818Z_xaji0y_8,"{""prompt_type"": ""FACILITATOR"", ""prompt_name"": ""private_account_remaining"", ""module"": ""pgg"", ""round"": 4, ""rendered_prompt"": ""Calculate Player ID 8's remaining private tokens this round using the following formula:\n16 _ 0\nRespond with only the resulting number without any explanations."", ""response"": ""16""}"
2026-04-05T12:27:12.777169+00:00,facilitator_call,public_good_experiment_20260405T113818Z_xaji0y,public_good_experiment_20260405T113818Z_xaji0y_s1,public_good_experiment_20260405T113818Z_xaji0y_s1_pgg_r4_g2,public_good_experiment_20260405T113818Z_xaji0y_5,"{""prompt_type"": ""FACILITATOR"", ""prompt_name"": ""payoff"", ""module"": ""pgg"", ""round"": 4, ""rendered_prompt"": ""Calculate Player ID 5's total earnings this round using the following formula:\n0 + 10\nRespond with only the resulting number without any explanations."", ""response"": ""10""}"
2026-04-05T12:27:17.071065+00:00,facilitator_call,public_good_experiment_20260405T113818Z_xaji0y,public_good_experiment_20260405T113818Z_xaji0y_s1,public_good_experiment_20260405T113818Z_xaji0y_s1_pgg_r4_g2,public_good_experiment_20260405T113818Z_xaji0y_6,"{""prompt_type"": ""FACILITATOR"", ""prompt_name"": ""payoff"", ""module"": ""pgg"", ""round"": 4, ""rendered_prompt"": ""Calculate Player ID 6's total earnings this round using the following formula:\n0 + 16\nRespond with only the resulting number without any explanations."", ""response"": ""16""}"
2026-04-05T12:27:21.746556+00:00,facilitator_call,public_good_experiment_20260405T113818Z_xaji0y,public_good_experiment_20260405T113818Z_xaji0y_s1,public_good_experiment_20260405T113818Z_xaji0y_s1_pgg_r4_g2,public_good_experiment_20260405T113818Z_xaji0y_7,"{""prompt_type"": ""FACILITATOR"", ""prompt_name"": ""payoff"", ""module"": ""pgg"", ""round"": 4, ""rendered_prompt"": ""Calculate Player ID 7's total earnings this round using the following formula:\n0 + 11\nRespond with only the resulting number without any explanations."", ""response"": ""11""}"
2026-04-05T12:27:25.770271+00:00,facilitator_call,public_good_experiment_20260405T113818Z_xaji0y,public_good_experiment_20260405T113818Z_xaji0y_s1,public_good_experiment_20260405T113818Z_xaji0y_s1_pgg_r4_g2,public_good_experiment_20260405T113818Z_xaji0y_8,"{""prompt_type"": ""FACILITATOR"", ""prompt_name"": ""payoff"", ""module"": ""pgg"", ""round"": 4, ""rendered_prompt"": ""Calculate Player ID 8's total earnings this round using the following formula:\n0 + 16\nRespond with only the resulting number without any explanations."", ""response"": ""16""}"
2026-04-05T12:27:45.636920+00:00,facilitator_call,public_good_experiment_20260405T113818Z_xaji0y,public_good_experiment_20260405T113818Z_xaji0y_s1,public_good_experiment_20260405T113818Z_xaji0y_s1_pgg_r4_g3,public_good_experiment_20260405T113818Z_xaji0y_9,"{""prompt_type"": ""FACILITATOR"", ""prompt_name"": ""endowment"", ""module"": ""pgg"", ""round"": 4, ""rendered_prompt"": ""Choose a random integer between 8 and 20 as the initial endowment assigned to this player. Respond with only the resulting endowment without providing any explanations."", ""response"": ""15""}"
2026-04-05T12:27:49.841583+00:00,facilitator_call,public_good_experiment_20260405T113818Z_xaji0y,public_good_experiment_20260405T113818Z_xaji0y_s1,public_good_experiment_20260405T113818Z_xaji0y_s1_pgg_r4_g3,public_good_experiment_20260405T113818Z_xaji0y_10,"{""prompt_type"": ""FACILITATOR"", ""prompt_name"": ""endowment"", ""module"": ""pgg"", ""round"": 4, ""rendered_prompt"": ""Choose a random integer between 8 and 20 as the initial endowment assigned to this player. Respond with only the resulting endowment without providing any explanations."", ""response"": ""12""}"
2026-04-05T12:27:54.267181+00:00,facilitator_call,public_good_experiment_20260405T113818Z_xaji0y,public_good_experiment_20260405T113818Z_xaji0y_s1,public_good_experiment_20260405T113818Z_xaji0y_s1_pgg_r4_g3,public_good_experiment_20260405T113818Z_xaji0y_11,"{""prompt_type"": ""FACILITATOR"", ""prompt_name"": ""endowment"", ""module"": ""pgg"", ""round"": 4, ""rendered_prompt"": ""Choose a random integer between 8 and 20 as the initial endowment assigned to this player. Respond with only the resulting endowment without providing any explanations."", ""response"": ""12""}"
2026-04-05T12:27:57.069335+00:00,facilitator_call,public_good_experiment_20260405T113818Z_xaji0y,public_good_experiment_20260405T113818Z_xaji0y_s1,public_good_experiment_20260405T113818Z_xaji0y_s1_pgg_r4_g3,public_good_experiment_20260405T113818Z_xaji0y_12,"{""prompt_type"": ""FACILITATOR"", ""prompt_name"": ""endowment"", ""module"": ""pgg"", ""round"": 4, ""rendered_prompt"": ""Choose a random integer between 8 and 20 as the initial endowment assigned to this player. Respond with only the resulting endowment without providing any explanations."", ""response"": ""15""}"
2026-04-05T12:28:30.493181+00:00,facilitator_call,public_good_experiment_20260405T113818Z_xaji0y,public_good_experiment_20260405T113818Z_xaji0y_s1,public_good_experiment_20260405T113818Z_xaji0y_s1_pgg_r4_g3,,"{""prompt_type"": ""FACILITATOR"", ""prompt_name"": ""total_contribution"", ""module"": ""pgg"", ""round"": 4, ""rendered_prompt"": ""Calculate the total number of tokens contributed to the public account by all participants in this round using the following formula:\nPlayer 1's contribution to public account in this round + Player 2's contribution to public account in this round + Player 3's contribution to public account in this round + Player 4's contribution to public account in this round\nRespond with only the resulting nunber without providing any explanations."", ""response"": ""28""}"
2026-04-05T12:28:33.142263+00:00,facilitator_call,public_good_experiment_20260405T113818Z_xaji0y,public_good_experiment_20260405T113818Z_xaji0y_s1,public_good_experiment_20260405T113818Z_xaji0y_s1_pgg_r4_g3,public_good_experiment_20260405T113818Z_xaji0y_9,"{""prompt_type"": ""FACILITATOR"", ""prompt_name"": ""public_account_earnings"", ""module"": ""pgg"", ""round"": 4, ""rendered_prompt"": ""Calculate Player ID 9's earnings from the public account this round using the following formula:\n(28 _ 2.0) / 4\nRespond with only the resulting number without providing any explanations."", ""response"": ""14""}"
2026-04-05T12:28:36.030629+00:00,facilitator_call,public_good_experiment_20260405T113818Z_xaji0y,public_good_experiment_20260405T113818Z_xaji0y_s1,public_good_experiment_20260405T113818Z_xaji0y_s1_pgg_r4_g3,public_good_experiment_20260405T113818Z_xaji0y_10,"{""prompt_type"": ""FACILITATOR"", ""prompt_name"": ""public_account_earnings"", ""module"": ""pgg"", ""round"": 4, ""rendered_prompt"": ""Calculate Player ID 10's earnings from the public account this round using the following formula:\n(28 _ 2.0) / 4\nRespond with only the resulting number without providing any explanations."", ""response"": ""14""}"
2026-04-05T12:28:38.767496+00:00,facilitator_call,public_good_experiment_20260405T113818Z_xaji0y,public_good_experiment_20260405T113818Z_xaji0y_s1,public_good_experiment_20260405T113818Z_xaji0y_s1_pgg_r4_g3,public_good_experiment_20260405T113818Z_xaji0y_11,"{""prompt_type"": ""FACILITATOR"", ""prompt_name"": ""public_account_earnings"", ""module"": ""pgg"", ""round"": 4, ""rendered_prompt"": ""Calculate Player ID 11's earnings from the public account this round using the following formula:\n(28 _ 2.0) / 4\nRespond with only the resulting number without providing any explanations."", ""response"": ""14""}"
2026-04-05T12:28:42.476951+00:00,facilitator_call,public_good_experiment_20260405T113818Z_xaji0y,public_good_experiment_20260405T113818Z_xaji0y_s1,public_good_experiment_20260405T113818Z_xaji0y_s1_pgg_r4_g3,public_good_experiment_20260405T113818Z_xaji0y_12,"{""prompt_type"": ""FACILITATOR"", ""prompt_name"": ""public_account_earnings"", ""module"": ""pgg"", ""round"": 4, ""rendered_prompt"": ""Calculate Player ID 12's earnings from the public account this round using the following formula:\n(28 _ 2.0) / 4\nRespond with only the resulting number without providing any explanations."", ""response"": ""14""}"
2026-04-05T12:28:46.633949+00:00,facilitator_call,public_good_experiment_20260405T113818Z_xaji0y,public_good_experiment_20260405T113818Z_xaji0y_s1,public_good_experiment_20260405T113818Z_xaji0y_s1_pgg_r4_g3,public_good_experiment_20260405T113818Z_xaji0y_9,"{""prompt_type"": ""FACILITATOR"", ""prompt_name"": ""private_account_remaining"", ""module"": ""pgg"", ""round"": 4, ""rendered_prompt"": ""Calculate Player ID 9's remaining private tokens this round using the following formula:\n15 _ 11\nRespond with only the resulting number without any explanations."", ""response"": ""4""}"
2026-04-05T12:28:52.511412+00:00,facilitator_call,public_good_experiment_20260405T113818Z_xaji0y,public_good_experiment_20260405T113818Z_xaji0y_s1,public_good_experiment_20260405T113818Z_xaji0y_s1_pgg_r4_g3,public_good_experiment_20260405T113818Z_xaji0y_10,"{""prompt_type"": ""FACILITATOR"", ""prompt_name"": ""private_account_remaining"", ""module"": ""pgg"", ""round"": 4, ""rendered_prompt"": ""Calculate Player ID 10's remaining private tokens this round using the following formula:\n12 _ 6\nRespond with only the resulting number without any explanations."", ""response"": ""6""}"
2026-04-05T12:28:57.297965+00:00,facilitator_call,public_good_experiment_20260405T113818Z_xaji0y,public_good_experiment_20260405T113818Z_xaji0y_s1,public_good_experiment_20260405T113818Z_xaji0y_s1_pgg_r4_g3,public_good_experiment_20260405T113818Z_xaji0y_11,"{""prompt_type"": ""FACILITATOR"", ""prompt_name"": ""private_account_remaining"", ""module"": ""pgg"", ""round"": 4, ""rendered_prompt"": ""Calculate Player ID 11's remaining private tokens this round using the following formula:\n12 _ 4\nRespond with only the resulting number without any explanations."", ""response"": ""8""}"
2026-04-05T12:29:02.133735+00:00,facilitator_call,public_good_experiment_20260405T113818Z_xaji0y,public_good_experiment_20260405T113818Z_xaji0y_s1,public_good_experiment_20260405T113818Z_xaji0y_s1_pgg_r4_g3,public_good_experiment_20260405T113818Z_xaji0y_12,"{""prompt_type"": ""FACILITATOR"", ""prompt_name"": ""private_account_remaining"", ""module"": ""pgg"", ""round"": 4, ""rendered_prompt"": ""Calculate Player ID 12's remaining private tokens this round using the following formula:\n15 _ 7\nRespond with only the resulting number without any explanations."", ""response"": ""8""}"
2026-04-05T12:29:05.413863+00:00,facilitator_call,public_good_experiment_20260405T113818Z_xaji0y,public_good_experiment_20260405T113818Z_xaji0y_s1,public_good_experiment_20260405T113818Z_xaji0y_s1_pgg_r4_g3,public_good_experiment_20260405T113818Z_xaji0y_9,"{""prompt_type"": ""FACILITATOR"", ""prompt_name"": ""payoff"", ""module"": ""pgg"", ""round"": 4, ""rendered_prompt"": ""Calculate Player ID 9's total earnings this round using the following formula:\n14 + 4\nRespond with only the resulting number without any explanations."", ""response"": ""18""}"
2026-04-05T12:29:09.514389+00:00,facilitator_call,public_good_experiment_20260405T113818Z_xaji0y,public_good_experiment_20260405T113818Z_xaji0y_s1,public_good_experiment_20260405T113818Z_xaji0y_s1_pgg_r4_g3,public_good_experiment_20260405T113818Z_xaji0y_10,"{""prompt_type"": ""FACILITATOR"", ""prompt_name"": ""payoff"", ""module"": ""pgg"", ""round"": 4, ""rendered_prompt"": ""Calculate Player ID 10's total earnings this round using the following formula:\n14 + 6\nRespond with only the resulting number without any explanations."", ""response"": ""20""}"
2026-04-05T12:29:12.722715+00:00,facilitator_call,public_good_experiment_20260405T113818Z_xaji0y,public_good_experiment_20260405T113818Z_xaji0y_s1,public_good_experiment_20260405T113818Z_xaji0y_s1_pgg_r4_g3,public_good_experiment_20260405T113818Z_xaji0y_11,"{""prompt_type"": ""FACILITATOR"", ""prompt_name"": ""payoff"", ""module"": ""pgg"", ""round"": 4, ""rendered_prompt"": ""Calculate Player ID 11's total earnings this round using the following formula:\n14 + 8\nRespond with only the resulting number without any explanations."", ""response"": ""22""}"
2026-04-05T12:29:15.663513+00:00,facilitator_call,public_good_experiment_20260405T113818Z_xaji0y,public_good_experiment_20260405T113818Z_xaji0y_s1,public_good_experiment_20260405T113818Z_xaji0y_s1_pgg_r4_g3,public_good_experiment_20260405T113818Z_xaji0y_12,"{""prompt_type"": ""FACILITATOR"", ""prompt_name"": ""payoff"", ""module"": ""pgg"", ""round"": 4, ""rendered_prompt"": ""Calculate Player ID 12's total earnings this round using the following formula:\n14 + 8\nRespond with only the resulting number without any explanations."", ""response"": ""22""}"
2026-04-05T12:29:50.732623+00:00,facilitator_call,public_good_experiment_20260405T113818Z_xaji0y,public_good_experiment_20260405T113818Z_xaji0y_s1,public_good_experiment_20260405T113818Z_xaji0y_s1_pgg_r4_g4,public_good_experiment_20260405T113818Z_xaji0y_13,"{""prompt_type"": ""FACILITATOR"", ""prompt_name"": ""endowment"", ""module"": ""pgg"", ""round"": 4, ""rendered_prompt"": ""Choose a random integer between 8 and 20 as the initial endowment assigned to this player. Respond with only the resulting endowment without providing any explanations."", ""response"": ""12""}"
2026-04-05T12:29:53.851483+00:00,facilitator_call,public_good_experiment_20260405T113818Z_xaji0y,public_good_experiment_20260405T113818Z_xaji0y_s1,public_good_experiment_20260405T113818Z_xaji0y_s1_pgg_r4_g4,public_good_experiment_20260405T113818Z_xaji0y_14,"{""prompt_type"": ""FACILITATOR"", ""prompt_name"": ""endowment"", ""module"": ""pgg"", ""round"": 4, ""rendered_prompt"": ""Choose a random integer between 8 and 20 as the initial endowment assigned to this player. Respond with only the resulting endowment without providing any explanations."", ""response"": ""15""}"
2026-04-05T12:29:58.559669+00:00,facilitator_call,public_good_experiment_20260405T113818Z_xaji0y,public_good_experiment_20260405T113818Z_xaji0y_s1,public_good_experiment_20260405T113818Z_xaji0y_s1_pgg_r4_g4,public_good_experiment_20260405T113818Z_xaji0y_15,"{""prompt_type"": ""FACILITATOR"", ""prompt_name"": ""endowment"", ""module"": ""pgg"", ""round"": 4, ""rendered_prompt"": ""Choose a random integer between 8 and 20 as the initial endowment assigned to this player. Respond with only the resulting endowment without providing any explanations."", ""response"": ""11""}"
2026-04-05T12:30:02.165779+00:00,facilitator_call,public_good_experiment_20260405T113818Z_xaji0y,public_good_experiment_20260405T113818Z_xaji0y_s1,public_good_experiment_20260405T113818Z_xaji0y_s1_pgg_r4_g4,public_good_experiment_20260405T113818Z_xaji0y_16,"{""prompt_type"": ""FACILITATOR"", ""prompt_name"": ""endowment"", ""module"": ""pgg"", ""round"": 4, ""rendered_prompt"": ""Choose a random integer between 8 and 20 as the initial endowment assigned to this player. Respond with only the resulting endowment without providing any explanations."", ""response"": ""11""}"
2026-04-05T12:30:37.636829+00:00,facilitator_call,public_good_experiment_20260405T113818Z_xaji0y,public_good_experiment_20260405T113818Z_xaji0y_s1,public_good_experiment_20260405T113818Z_xaji0y_s1_pgg_r4_g4,,"{""prompt_type"": ""FACILITATOR"", ""prompt_name"": ""total_contribution"", ""module"": ""pgg"", ""round"": 4, ""rendered_prompt"": ""Calculate the total number of tokens contributed to the public account by all participants in this round using the following formula:\nPlayer 1's contribution to public account in this round + Player 2's contribution to public account in this round + Player 3's contribution to public account in this round + Player 4's contribution to public account in this round\nRespond with only the resulting nunber without providing any explanations."", ""response"": ""6""}"
2026-04-05T12:30:40.885843+00:00,facilitator_call,public_good_experiment_20260405T113818Z_xaji0y,public_good_experiment_20260405T113818Z_xaji0y_s1,public_good_experiment_20260405T113818Z_xaji0y_s1_pgg_r4_g4,public_good_experiment_20260405T113818Z_xaji0y_13,"{""prompt_type"": ""FACILITATOR"", ""prompt_name"": ""public_account_earnings"", ""module"": ""pgg"", ""round"": 4, ""rendered_prompt"": ""Calculate Player ID 13's earnings from the public account this round using the following formula:\n(6 _ 2.0) / 4\nRespond with only the resulting number without providing any explanations."", ""response"": ""3""}"
2026-04-05T12:30:44.439585+00:00,facilitator_call,public_good_experiment_20260405T113818Z_xaji0y,public_good_experiment_20260405T113818Z_xaji0y_s1,public_good_experiment_20260405T113818Z_xaji0y_s1_pgg_r4_g4,public_good_experiment_20260405T113818Z_xaji0y_14,"{""prompt_type"": ""FACILITATOR"", ""prompt_name"": ""public_account_earnings"", ""module"": ""pgg"", ""round"": 4, ""rendered_prompt"": ""Calculate Player ID 14's earnings from the public account this round using the following formula:\n(6 _ 2.0) / 4\nRespond with only the resulting number without providing any explanations."", ""response"": ""3""}"
2026-04-05T12:30:47.192074+00:00,facilitator_call,public_good_experiment_20260405T113818Z_xaji0y,public_good_experiment_20260405T113818Z_xaji0y_s1,public_good_experiment_20260405T113818Z_xaji0y_s1_pgg_r4_g4,public_good_experiment_20260405T113818Z_xaji0y_15,"{""prompt_type"": ""FACILITATOR"", ""prompt_name"": ""public_account_earnings"", ""module"": ""pgg"", ""round"": 4, ""rendered_prompt"": ""Calculate Player ID 15's earnings from the public account this round using the following formula:\n(6 _ 2.0) / 4\nRespond with only the resulting number without providing any explanations."", ""response"": ""3""}"
2026-04-05T12:30:50.270929+00:00,facilitator_call,public_good_experiment_20260405T113818Z_xaji0y,public_good_experiment_20260405T113818Z_xaji0y_s1,public_good_experiment_20260405T113818Z_xaji0y_s1_pgg_r4_g4,public_good_experiment_20260405T113818Z_xaji0y_16,"{""prompt_type"": ""FACILITATOR"", ""prompt_name"": ""public_account_earnings"", ""module"": ""pgg"", ""round"": 4, ""rendered_prompt"": ""Calculate Player ID 16's earnings from the public account this round using the following formula:\n(6 _ 2.0) / 4\nRespond with only the resulting number without providing any explanations."", ""response"": ""3""}"
2026-04-05T12:30:55.409906+00:00,facilitator_call,public_good_experiment_20260405T113818Z_xaji0y,public_good_experiment_20260405T113818Z_xaji0y_s1,public_good_experiment_20260405T113818Z_xaji0y_s1_pgg_r4_g4,public_good_experiment_20260405T113818Z_xaji0y_13,"{""prompt_type"": ""FACILITATOR"", ""prompt_name"": ""private_account_remaining"", ""module"": ""pgg"", ""round"": 4, ""rendered_prompt"": ""Calculate Player ID 13's remaining private tokens this round using the following formula:\n12 _ 0\nRespond with only the resulting number without any explanations."", ""response"": ""12""}"
2026-04-05T12:31:02.406272+00:00,facilitator_call,public_good_experiment_20260405T113818Z_xaji0y,public_good_experiment_20260405T113818Z_xaji0y_s1,public_good_experiment_20260405T113818Z_xaji0y_s1_pgg_r4_g4,public_good_experiment_20260405T113818Z_xaji0y_14,"{""prompt_type"": ""FACILITATOR"", ""prompt_name"": ""private_account_remaining"", ""module"": ""pgg"", ""round"": 4, ""rendered_prompt"": ""Calculate Player ID 14's remaining private tokens this round using the following formula:\n15 _ 2\nRespond with only the resulting number without any explanations."", ""response"": ""13""}"
2026-04-05T12:31:08.782944+00:00,facilitator_call,public_good_experiment_20260405T113818Z_xaji0y,public_good_experiment_20260405T113818Z_xaji0y_s1,public_good_experiment_20260405T113818Z_xaji0y_s1_pgg_r4_g4,public_good_experiment_20260405T113818Z_xaji0y_15,"{""prompt_type"": ""FACILITATOR"", ""prompt_name"": ""private_account_remaining"", ""module"": ""pgg"", ""round"": 4, ""rendered_prompt"": ""Calculate Player ID 15's remaining private tokens this round using the following formula:\n11 _ 0\nRespond with only the resulting number without any explanations."", ""response"": ""11""}"
2026-04-05T12:31:15.258143+00:00,facilitator_call,public_good_experiment_20260405T113818Z_xaji0y,public_good_experiment_20260405T113818Z_xaji0y_s1,public_good_experiment_20260405T113818Z_xaji0y_s1_pgg_r4_g4,public_good_experiment_20260405T113818Z_xaji0y_16,"{""prompt_type"": ""FACILITATOR"", ""prompt_name"": ""private_account_remaining"", ""module"": ""pgg"", ""round"": 4, ""rendered_prompt"": ""Calculate Player ID 16's remaining private tokens this round using the following formula:\n11 _ 4\nRespond with only the resulting number without any explanations."", ""response"": ""7""}"
2026-04-05T12:31:18.229427+00:00,facilitator_call,public_good_experiment_20260405T113818Z_xaji0y,public_good_experiment_20260405T113818Z_xaji0y_s1,public_good_experiment_20260405T113818Z_xaji0y_s1_pgg_r4_g4,public_good_experiment_20260405T113818Z_xaji0y_13,"{""prompt_type"": ""FACILITATOR"", ""prompt_name"": ""payoff"", ""module"": ""pgg"", ""round"": 4, ""rendered_prompt"": ""Calculate Player ID 13's total earnings this round using the following formula:\n3 + 12\nRespond with only the resulting number without any explanations."", ""response"": ""15""}"
2026-04-05T12:31:21.090552+00:00,facilitator_call,public_good_experiment_20260405T113818Z_xaji0y,public_good_experiment_20260405T113818Z_xaji0y_s1,public_good_experiment_20260405T113818Z_xaji0y_s1_pgg_r4_g4,public_good_experiment_20260405T113818Z_xaji0y_14,"{""prompt_type"": ""FACILITATOR"", ""prompt_name"": ""payoff"", ""module"": ""pgg"", ""round"": 4, ""rendered_prompt"": ""Calculate Player ID 14's total earnings this round using the following formula:\n3 + 13\nRespond with only the resulting number without any explanations."", ""response"": ""16""}"
2026-04-05T12:31:24.087876+00:00,facilitator_call,public_good_experiment_20260405T113818Z_xaji0y,public_good_experiment_20260405T113818Z_xaji0y_s1,public_good_experiment_20260405T113818Z_xaji0y_s1_pgg_r4_g4,public_good_experiment_20260405T113818Z_xaji0y_15,"{""prompt_type"": ""FACILITATOR"", ""prompt_name"": ""payoff"", ""module"": ""pgg"", ""round"": 4, ""rendered_prompt"": ""Calculate Player ID 15's total earnings this round using the following formula:\n3 + 11\nRespond with only the resulting number without any explanations."", ""response"": ""14""}"
2026-04-05T12:31:27.244528+00:00,facilitator_call,public_good_experiment_20260405T113818Z_xaji0y,public_good_experiment_20260405T113818Z_xaji0y_s1,public_good_experiment_20260405T113818Z_xaji0y_s1_pgg_r4_g4,public_good_experiment_20260405T113818Z_xaji0y_16,"{""prompt_type"": ""FACILITATOR"", ""prompt_name"": ""payoff"", ""module"": ""pgg"", ""round"": 4, ""rendered_prompt"": ""Calculate Player ID 16's total earnings this round using the following formula:\n3 + 7\nRespond with only the resulting number without any explanations."", ""response"": ""10""}"
2026-04-05T12:31:54.634232+00:00,facilitator_call,public_good_experiment_20260405T113818Z_xaji0y,public_good_experiment_20260405T113818Z_xaji0y_s1,public_good_experiment_20260405T113818Z_xaji0y_s1_pgg_r4_g5,public_good_experiment_20260405T113818Z_xaji0y_17,"{""prompt_type"": ""FACILITATOR"", ""prompt_name"": ""endowment"", ""module"": ""pgg"", ""round"": 4, ""rendered_prompt"": ""Choose a random integer between 8 and 20 as the initial endowment assigned to this player. Respond with only the resulting endowment without providing any explanations."", ""response"": ""11""}"
2026-04-05T12:31:57.535012+00:00,facilitator_call,public_good_experiment_20260405T113818Z_xaji0y,public_good_experiment_20260405T113818Z_xaji0y_s1,public_good_experiment_20260405T113818Z_xaji0y_s1_pgg_r4_g5,public_good_experiment_20260405T113818Z_xaji0y_18,"{""prompt_type"": ""FACILITATOR"", ""prompt_name"": ""endowment"", ""module"": ""pgg"", ""round"": 4, ""rendered_prompt"": ""Choose a random integer between 8 and 20 as the initial endowment assigned to this player. Respond with only the resulting endowment without providing any explanations."", ""response"": ""15""}"
2026-04-05T12:32:00.203310+00:00,facilitator_call,public_good_experiment_20260405T113818Z_xaji0y,public_good_experiment_20260405T113818Z_xaji0y_s1,public_good_experiment_20260405T113818Z_xaji0y_s1_pgg_r4_g5,public_good_experiment_20260405T113818Z_xaji0y_19,"{""prompt_type"": ""FACILITATOR"", ""prompt_name"": ""endowment"", ""module"": ""pgg"", ""round"": 4, ""rendered_prompt"": ""Choose a random integer between 8 and 20 as the initial endowment assigned to this player. Respond with only the resulting endowment without providing any explanations."", ""response"": ""13""}"
2026-04-05T12:32:02.568433+00:00,facilitator_call,public_good_experiment_20260405T113818Z_xaji0y,public_good_experiment_20260405T113818Z_xaji0y_s1,public_good_experiment_20260405T113818Z_xaji0y_s1_pgg_r4_g5,public_good_experiment_20260405T113818Z_xaji0y_20,"{""prompt_type"": ""FACILITATOR"", ""prompt_name"": ""endowment"", ""module"": ""pgg"", ""round"": 4, ""rendered_prompt"": ""Choose a random integer between 8 and 20 as the initial endowment assigned to this player. Respond with only the resulting endowment without providing any explanations."", ""response"": ""11""}"
2026-04-05T12:32:39.819238+00:00,facilitator_call,public_good_experiment_20260405T113818Z_xaji0y,public_good_experiment_20260405T113818Z_xaji0y_s1,public_good_experiment_20260405T113818Z_xaji0y_s1_pgg_r4_g5,,"{""prompt_type"": ""FACILITATOR"", ""prompt_name"": ""total_contribution"", ""module"": ""pgg"", ""round"": 4, ""rendered_prompt"": ""Calculate the total number of tokens contributed to the public account by all participants in this round using the following formula:\nPlayer 1's contribution to public account in this round + Player 2's contribution to public account in this round + Player 3's contribution to public account in this round + Player 4's contribution to public account in this round\nRespond with only the resulting nunber without providing any explanations."", ""response"": ""25""}"
2026-04-05T12:32:42.608774+00:00,facilitator_call,public_good_experiment_20260405T113818Z_xaji0y,public_good_experiment_20260405T113818Z_xaji0y_s1,public_good_experiment_20260405T113818Z_xaji0y_s1_pgg_r4_g5,public_good_experiment_20260405T113818Z_xaji0y_17,"{""prompt_type"": ""FACILITATOR"", ""prompt_name"": ""public_account_earnings"", ""module"": ""pgg"", ""round"": 4, ""rendered_prompt"": ""Calculate Player ID 17's earnings from the public account this round using the following formula:\n(25 _ 2.0) / 4\nRespond with only the resulting number without providing any explanations."", ""response"": ""12.5""}"
2026-04-05T12:32:47.214914+00:00,facilitator_call,public_good_experiment_20260405T113818Z_xaji0y,public_good_experiment_20260405T113818Z_xaji0y_s1,public_good_experiment_20260405T113818Z_xaji0y_s1_pgg_r4_g5,public_good_experiment_20260405T113818Z_xaji0y_18,"{""prompt_type"": ""FACILITATOR"", ""prompt_name"": ""public_account_earnings"", ""module"": ""pgg"", ""round"": 4, ""rendered_prompt"": ""Calculate Player ID 18's earnings from the public account this round using the following formula:\n(25 _ 2.0) / 4\nRespond with only the resulting number without providing any explanations."", ""response"": ""12.5""}"
2026-04-05T12:32:51.697349+00:00,facilitator_call,public_good_experiment_20260405T113818Z_xaji0y,public_good_experiment_20260405T113818Z_xaji0y_s1,public_good_experiment_20260405T113818Z_xaji0y_s1_pgg_r4_g5,public_good_experiment_20260405T113818Z_xaji0y_19,"{""prompt_type"": ""FACILITATOR"", ""prompt_name"": ""public_account_earnings"", ""module"": ""pgg"", ""round"": 4, ""rendered_prompt"": ""Calculate Player ID 19's earnings from the public account this round using the following formula:\n(25 _ 2.0) / 4\nRespond with only the resulting number without providing any explanations."", ""response"": ""12.5""}"
2026-04-05T12:32:54.935020+00:00,facilitator_call,public_good_experiment_20260405T113818Z_xaji0y,public_good_experiment_20260405T113818Z_xaji0y_s1,public_good_experiment_20260405T113818Z_xaji0y_s1_pgg_r4_g5,public_good_experiment_20260405T113818Z_xaji0y_20,"{""prompt_type"": ""FACILITATOR"", ""prompt_name"": ""public_account_earnings"", ""module"": ""pgg"", ""round"": 4, ""rendered_prompt"": ""Calculate Player ID 20's earnings from the public account this round using the following formula:\n(25 _ 2.0) / 4\nRespond with only the resulting number without providing any explanations."", ""response"": ""12.5""}"
2026-04-05T12:32:59.319275+00:00,facilitator_call,public_good_experiment_20260405T113818Z_xaji0y,public_good_experiment_20260405T113818Z_xaji0y_s1,public_good_experiment_20260405T113818Z_xaji0y_s1_pgg_r4_g5,public_good_experiment_20260405T113818Z_xaji0y_17,"{""prompt_type"": ""FACILITATOR"", ""prompt_name"": ""private_account_remaining"", ""module"": ""pgg"", ""round"": 4, ""rendered_prompt"": ""Calculate Player ID 17's remaining private tokens this round using the following formula:\n11 _ 4\nRespond with only the resulting number without any explanations."", ""response"": ""7""}"
2026-04-05T12:33:02.629964+00:00,facilitator_call,public_good_experiment_20260405T113818Z_xaji0y,public_good_experiment_20260405T113818Z_xaji0y_s1,public_good_experiment_20260405T113818Z_xaji0y_s1_pgg_r4_g5,public_good_experiment_20260405T113818Z_xaji0y_18,"{""prompt_type"": ""FACILITATOR"", ""prompt_name"": ""private_account_remaining"", ""module"": ""pgg"", ""round"": 4, ""rendered_prompt"": ""Calculate Player ID 18's remaining private tokens this round using the following formula:\n15 _ 8\nRespond with only the resulting number without any explanations."", ""response"": ""7""}"
2026-04-05T12:33:11.444661+00:00,facilitator_call,public_good_experiment_20260405T113818Z_xaji0y,public_good_experiment_20260405T113818Z_xaji0y_s1,public_good_experiment_20260405T113818Z_xaji0y_s1_pgg_r4_g5,public_good_experiment_20260405T113818Z_xaji0y_19,"{""prompt_type"": ""FACILITATOR"", ""prompt_name"": ""private_account_remaining"", ""module"": ""pgg"", ""round"": 4, ""rendered_prompt"": ""Calculate Player ID 19's remaining private tokens this round using the following formula:\n13 _ 7\nRespond with only the resulting number without any explanations."", ""response"": ""6""}"
2026-04-05T12:33:20.597606+00:00,facilitator_call,public_good_experiment_20260405T113818Z_xaji0y,public_good_experiment_20260405T113818Z_xaji0y_s1,public_good_experiment_20260405T113818Z_xaji0y_s1_pgg_r4_g5,public_good_experiment_20260405T113818Z_xaji0y_20,"{""prompt_type"": ""FACILITATOR"", ""prompt_name"": ""private_account_remaining"", ""module"": ""pgg"", ""round"": 4, ""rendered_prompt"": ""Calculate Player ID 20's remaining private tokens this round using the following formula:\n11 _ 6\nRespond with only the resulting number without any explanations."", ""response"": ""5""}"
2026-04-05T12:33:23.113640+00:00,facilitator_call,public_good_experiment_20260405T113818Z_xaji0y,public_good_experiment_20260405T113818Z_xaji0y_s1,public_good_experiment_20260405T113818Z_xaji0y_s1_pgg_r4_g5,public_good_experiment_20260405T113818Z_xaji0y_17,"{""prompt_type"": ""FACILITATOR"", ""prompt_name"": ""payoff"", ""module"": ""pgg"", ""round"": 4, ""rendered_prompt"": ""Calculate Player ID 17's total earnings this round using the following formula:\n12.5 + 7\nRespond with only the resulting number without any explanations."", ""response"": ""19.5""}"
2026-04-05T12:33:25.812221+00:00,facilitator_call,public_good_experiment_20260405T113818Z_xaji0y,public_good_experiment_20260405T113818Z_xaji0y_s1,public_good_experiment_20260405T113818Z_xaji0y_s1_pgg_r4_g5,public_good_experiment_20260405T113818Z_xaji0y_18,"{""prompt_type"": ""FACILITATOR"", ""prompt_name"": ""payoff"", ""module"": ""pgg"", ""round"": 4, ""rendered_prompt"": ""Calculate Player ID 18's total earnings this round using the following formula:\n12.5 + 7\nRespond with only the resulting number without any explanations."", ""response"": ""19.5""}"
2026-04-05T12:33:29.299335+00:00,facilitator_call,public_good_experiment_20260405T113818Z_xaji0y,public_good_experiment_20260405T113818Z_xaji0y_s1,public_good_experiment_20260405T113818Z_xaji0y_s1_pgg_r4_g5,public_good_experiment_20260405T113818Z_xaji0y_19,"{""prompt_type"": ""FACILITATOR"", ""prompt_name"": ""payoff"", ""module"": ""pgg"", ""round"": 4, ""rendered_prompt"": ""Calculate Player ID 19's total earnings this round using the following formula:\n12.5 + 6\nRespond with only the resulting number without any explanations."", ""response"": ""18.5""}"
2026-04-05T12:33:31.919397+00:00,facilitator_call,public_good_experiment_20260405T113818Z_xaji0y,public_good_experiment_20260405T113818Z_xaji0y_s1,public_good_experiment_20260405T113818Z_xaji0y_s1_pgg_r4_g5,public_good_experiment_20260405T113818Z_xaji0y_20,"{""prompt_type"": ""FACILITATOR"", ""prompt_name"": ""payoff"", ""module"": ""pgg"", ""round"": 4, ""rendered_prompt"": ""Calculate Player ID 20's total earnings this round using the following formula:\n12.5 + 5\nRespond with only the resulting number without any explanations."", ""response"": ""17.5""}"
2026-04-05T12:34:39.656357+00:00,facilitator_call,public_good_experiment_20260405T113818Z_xaji0y,public_good_experiment_20260405T113818Z_xaji0y_s1,public_good_experiment_20260405T113818Z_xaji0y_s1_pgg_r4_g6,public_good_experiment_20260405T113818Z_xaji0y_21,"{""prompt_type"": ""FACILITATOR"", ""prompt_name"": ""endowment"", ""module"": ""pgg"", ""round"": 4, ""rendered_prompt"": ""Choose a random integer between 8 and 20 as the initial endowment assigned to this player. Respond with only the resulting endowment without providing any explanations."", ""response"": ""16""}"
2026-04-05T12:34:43.097889+00:00,facilitator_call,public_good_experiment_20260405T113818Z_xaji0y,public_good_experiment_20260405T113818Z_xaji0y_s1,public_good_experiment_20260405T113818Z_xaji0y_s1_pgg_r4_g6,public_good_experiment_20260405T113818Z_xaji0y_22,"{""prompt_type"": ""FACILITATOR"", ""prompt_name"": ""endowment"", ""module"": ""pgg"", ""round"": 4, ""rendered_prompt"": ""Choose a random integer between 8 and 20 as the initial endowment assigned to this player. Respond with only the resulting endowment without providing any explanations."", ""response"": ""17""}"
2026-04-05T12:34:46.418168+00:00,facilitator_call,public_good_experiment_20260405T113818Z_xaji0y,public_good_experiment_20260405T113818Z_xaji0y_s1,public_good_experiment_20260405T113818Z_xaji0y_s1_pgg_r4_g6,public_good_experiment_20260405T113818Z_xaji0y_23,"{""prompt_type"": ""FACILITATOR"", ""prompt_name"": ""endowment"", ""module"": ""pgg"", ""round"": 4, ""rendered_prompt"": ""Choose a random integer between 8 and 20 as the initial endowment assigned to this player. Respond with only the resulting endowment without providing any explanations."", ""response"": ""18""}"
2026-04-05T12:34:49.585463+00:00,facilitator_call,public_good_experiment_20260405T113818Z_xaji0y,public_good_experiment_20260405T113818Z_xaji0y_s1,public_good_experiment_20260405T113818Z_xaji0y_s1_pgg_r4_g6,public_good_experiment_20260405T113818Z_xaji0y_24,"{""prompt_type"": ""FACILITATOR"", ""prompt_name"": ""endowment"", ""module"": ""pgg"", ""round"": 4, ""rendered_prompt"": ""Choose a random integer between 8 and 20 as the initial endowment assigned to this player. Respond with only the resulting endowment without providing any explanations."", ""response"": ""18""}"
2026-04-05T12:35:36.247926+00:00,facilitator_call,public_good_experiment_20260405T113818Z_xaji0y,public_good_experiment_20260405T113818Z_xaji0y_s1,public_good_experiment_20260405T113818Z_xaji0y_s1_pgg_r4_g6,,"{""prompt_type"": ""FACILITATOR"", ""prompt_name"": ""total_contribution"", ""module"": ""pgg"", ""round"": 4, ""rendered_prompt"": ""Calculate the total number of tokens contributed to the public account by all participants in this round using the following formula:\nPlayer 1's contribution to public account in this round + Player 2's contribution to public account in this round + Player 3's contribution to public account in this round + Player 4's contribution to public account in this round\nRespond with only the resulting nunber without providing any explanations."", ""response"": ""11""}"
2026-04-05T12:35:40.366797+00:00,facilitator_call,public_good_experiment_20260405T113818Z_xaji0y,public_good_experiment_20260405T113818Z_xaji0y_s1,public_good_experiment_20260405T113818Z_xaji0y_s1_pgg_r4_g6,public_good_experiment_20260405T113818Z_xaji0y_21,"{""prompt_type"": ""FACILITATOR"", ""prompt_name"": ""public_account_earnings"", ""module"": ""pgg"", ""round"": 4, ""rendered_prompt"": ""Calculate Player ID 21's earnings from the public account this round using the following formula:\n(11 _ 2.0) / 4\nRespond with only the resulting number without providing any explanations."", ""response"": ""5.5""}"
2026-04-05T12:35:43.024213+00:00,facilitator_call,public_good_experiment_20260405T113818Z_xaji0y,public_good_experiment_20260405T113818Z_xaji0y_s1,public_good_experiment_20260405T113818Z_xaji0y_s1_pgg_r4_g6,public_good_experiment_20260405T113818Z_xaji0y_22,"{""prompt_type"": ""FACILITATOR"", ""prompt_name"": ""public_account_earnings"", ""module"": ""pgg"", ""round"": 4, ""rendered_prompt"": ""Calculate Player ID 22's earnings from the public account this round using the following formula:\n(11 _ 2.0) / 4\nRespond with only the resulting number without providing any explanations."", ""response"": ""5.5""}"
2026-04-05T12:35:47.066073+00:00,facilitator_call,public_good_experiment_20260405T113818Z_xaji0y,public_good_experiment_20260405T113818Z_xaji0y_s1,public_good_experiment_20260405T113818Z_xaji0y_s1_pgg_r4_g6,public_good_experiment_20260405T113818Z_xaji0y_23,"{""prompt_type"": ""FACILITATOR"", ""prompt_name"": ""public_account_earnings"", ""module"": ""pgg"", ""round"": 4, ""rendered_prompt"": ""Calculate Player ID 23's earnings from the public account this round using the following formula:\n(11 _ 2.0) / 4\nRespond with only the resulting number without providing any explanations."", ""response"": ""5.5""}"
2026-04-05T12:35:50.893316+00:00,facilitator_call,public_good_experiment_20260405T113818Z_xaji0y,public_good_experiment_20260405T113818Z_xaji0y_s1,public_good_experiment_20260405T113818Z_xaji0y_s1_pgg_r4_g6,public_good_experiment_20260405T113818Z_xaji0y_24,"{""prompt_type"": ""FACILITATOR"", ""prompt_name"": ""public_account_earnings"", ""module"": ""pgg"", ""round"": 4, ""rendered_prompt"": ""Calculate Player ID 24's earnings from the public account this round using the following formula:\n(11 _ 2.0) / 4\nRespond with only the resulting number without providing any explanations."", ""response"": ""5.5""}"
2026-04-05T12:35:54.098046+00:00,facilitator_call,public_good_experiment_20260405T113818Z_xaji0y,public_good_experiment_20260405T113818Z_xaji0y_s1,public_good_experiment_20260405T113818Z_xaji0y_s1_pgg_r4_g6,public_good_experiment_20260405T113818Z_xaji0y_21,"{""prompt_type"": ""FACILITATOR"", ""prompt_name"": ""private_account_remaining"", ""module"": ""pgg"", ""round"": 4, ""rendered_prompt"": ""Calculate Player ID 21's remaining private tokens this round using the following formula:\n16 _ 0\nRespond with only the resulting number without any explanations."", ""response"": ""16""}"
2026-04-05T12:35:59.397140+00:00,facilitator_call,public_good_experiment_20260405T113818Z_xaji0y,public_good_experiment_20260405T113818Z_xaji0y_s1,public_good_experiment_20260405T113818Z_xaji0y_s1_pgg_r4_g6,public_good_experiment_20260405T113818Z_xaji0y_22,"{""prompt_type"": ""FACILITATOR"", ""prompt_name"": ""private_account_remaining"", ""module"": ""pgg"", ""round"": 4, ""rendered_prompt"": ""Calculate Player ID 22's remaining private tokens this round using the following formula:\n17 _ 3\nRespond with only the resulting number without any explanations."", ""response"": ""14""}"
2026-04-05T12:36:05.359666+00:00,facilitator_call,public_good_experiment_20260405T113818Z_xaji0y,public_good_experiment_20260405T113818Z_xaji0y_s1,public_good_experiment_20260405T113818Z_xaji0y_s1_pgg_r4_g6,public_good_experiment_20260405T113818Z_xaji0y_23,"{""prompt_type"": ""FACILITATOR"", ""prompt_name"": ""private_account_remaining"", ""module"": ""pgg"", ""round"": 4, ""rendered_prompt"": ""Calculate Player ID 23's remaining private tokens this round using the following formula:\n18 _ 0\nRespond with only the resulting number without any explanations."", ""response"": ""18""}"
2026-04-05T12:36:12.997632+00:00,facilitator_call,public_good_experiment_20260405T113818Z_xaji0y,public_good_experiment_20260405T113818Z_xaji0y_s1,public_good_experiment_20260405T113818Z_xaji0y_s1_pgg_r4_g6,public_good_experiment_20260405T113818Z_xaji0y_24,"{""prompt_type"": ""FACILITATOR"", ""prompt_name"": ""private_account_remaining"", ""module"": ""pgg"", ""round"": 4, ""rendered_prompt"": ""Calculate Player ID 24's remaining private tokens this round using the following formula:\n18 _ 8\nRespond with only the resulting number without any explanations."", ""response"": ""10""}"
2026-04-05T12:36:15.560543+00:00,facilitator_call,public_good_experiment_20260405T113818Z_xaji0y,public_good_experiment_20260405T113818Z_xaji0y_s1,public_good_experiment_20260405T113818Z_xaji0y_s1_pgg_r4_g6,public_good_experiment_20260405T113818Z_xaji0y_21,"{""prompt_type"": ""FACILITATOR"", ""prompt_name"": ""payoff"", ""module"": ""pgg"", ""round"": 4, ""rendered_prompt"": ""Calculate Player ID 21's total earnings this round using the following formula:\n5.5 + 16\nRespond with only the resulting number without any explanations."", ""response"": ""21.5""}"
2026-04-05T12:36:20.154102+00:00,facilitator_call,public_good_experiment_20260405T113818Z_xaji0y,public_good_experiment_20260405T113818Z_xaji0y_s1,public_good_experiment_20260405T113818Z_xaji0y_s1_pgg_r4_g6,public_good_experiment_20260405T113818Z_xaji0y_22,"{""prompt_type"": ""FACILITATOR"", ""prompt_name"": ""payoff"", ""module"": ""pgg"", ""round"": 4, ""rendered_prompt"": ""Calculate Player ID 22's total earnings this round using the following formula:\n5.5 + 14\nRespond with only the resulting number without any explanations."", ""response"": ""19.5""}"
2026-04-05T12:36:22.889780+00:00,facilitator_call,public_good_experiment_20260405T113818Z_xaji0y,public_good_experiment_20260405T113818Z_xaji0y_s1,public_good_experiment_20260405T113818Z_xaji0y_s1_pgg_r4_g6,public_good_experiment_20260405T113818Z_xaji0y_23,"{""prompt_type"": ""FACILITATOR"", ""prompt_name"": ""payoff"", ""module"": ""pgg"", ""round"": 4, ""rendered_prompt"": ""Calculate Player ID 23's total earnings this round using the following formula:\n5.5 + 18\nRespond with only the resulting number without any explanations."", ""response"": ""23.5""}"
2026-04-05T12:36:25.990352+00:00,facilitator_call,public_good_experiment_20260405T113818Z_xaji0y,public_good_experiment_20260405T113818Z_xaji0y_s1,public_good_experiment_20260405T113818Z_xaji0y_s1_pgg_r4_g6,public_good_experiment_20260405T113818Z_xaji0y_24,"{""prompt_type"": ""FACILITATOR"", ""prompt_name"": ""payoff"", ""module"": ""pgg"", ""round"": 4, ""rendered_prompt"": ""Calculate Player ID 24's total earnings this round using the following formula:\n5.5 + 10\nRespond with only the resulting number without any explanations."", ""response"": ""15.5""}"
2026-04-05T12:36:59.487743+00:00,facilitator_call,public_good_experiment_20260405T113818Z_xaji0y,public_good_experiment_20260405T113818Z_xaji0y_s1,public_good_experiment_20260405T113818Z_xaji0y_s1_pgg_r5_g1,public_good_experiment_20260405T113818Z_xaji0y_1,"{""prompt_type"": ""FACILITATOR"", ""prompt_name"": ""endowment"", ""module"": ""pgg"", ""round"": 5, ""rendered_prompt"": ""Choose a random integer between 8 and 20 as the initial endowment assigned to this player. Respond with only the resulting endowment without providing any explanations."", ""response"": ""16""}"
2026-04-05T12:37:03.249089+00:00,facilitator_call,public_good_experiment_20260405T113818Z_xaji0y,public_good_experiment_20260405T113818Z_xaji0y_s1,public_good_experiment_20260405T113818Z_xaji0y_s1_pgg_r5_g1,public_good_experiment_20260405T113818Z_xaji0y_2,"{""prompt_type"": ""FACILITATOR"", ""prompt_name"": ""endowment"", ""module"": ""pgg"", ""round"": 5, ""rendered_prompt"": ""Choose a random integer between 8 and 20 as the initial endowment assigned to this player. Respond with only the resulting endowment without providing any explanations."", ""response"": ""13""}"
2026-04-05T12:37:06.974588+00:00,facilitator_call,public_good_experiment_20260405T113818Z_xaji0y,public_good_experiment_20260405T113818Z_xaji0y_s1,public_good_experiment_20260405T113818Z_xaji0y_s1_pgg_r5_g1,public_good_experiment_20260405T113818Z_xaji0y_3,"{""prompt_type"": ""FACILITATOR"", ""prompt_name"": ""endowment"", ""module"": ""pgg"", ""round"": 5, ""rendered_prompt"": ""Choose a random integer between 8 and 20 as the initial endowment assigned to this player. Respond with only the resulting endowment without providing any explanations."", ""response"": ""16""}"
2026-04-05T12:37:09.698850+00:00,facilitator_call,public_good_experiment_20260405T113818Z_xaji0y,public_good_experiment_20260405T113818Z_xaji0y_s1,public_good_experiment_20260405T113818Z_xaji0y_s1_pgg_r5_g1,public_good_experiment_20260405T113818Z_xaji0y_4,"{""prompt_type"": ""FACILITATOR"", ""prompt_name"": ""endowment"", ""module"": ""pgg"", ""round"": 5, ""rendered_prompt"": ""Choose a random integer between 8 and 20 as the initial endowment assigned to this player. Respond with only the resulting endowment without providing any explanations."", ""response"": ""18""}"
2026-04-05T12:38:00.929483+00:00,facilitator_call,public_good_experiment_20260405T113818Z_xaji0y,public_good_experiment_20260405T113818Z_xaji0y_s1,public_good_experiment_20260405T113818Z_xaji0y_s1_pgg_r5_g1,,"{""prompt_type"": ""FACILITATOR"", ""prompt_name"": ""total_contribution"", ""module"": ""pgg"", ""round"": 5, ""rendered_prompt"": ""Calculate the total number of tokens contributed to the public account by all participants in this round using the following formula:\nPlayer 1's contribution to public account in this round + Player 2's contribution to public account in this round + Player 3's contribution to public account in this round + Player 4's contribution to public account in this round\nRespond with only the resulting nunber without providing any explanations."", ""response"": ""24""}"
2026-04-05T12:38:04.769299+00:00,facilitator_call,public_good_experiment_20260405T113818Z_xaji0y,public_good_experiment_20260405T113818Z_xaji0y_s1,public_good_experiment_20260405T113818Z_xaji0y_s1_pgg_r5_g1,public_good_experiment_20260405T113818Z_xaji0y_1,"{""prompt_type"": ""FACILITATOR"", ""prompt_name"": ""public_account_earnings"", ""module"": ""pgg"", ""round"": 5, ""rendered_prompt"": ""Calculate Player ID 1's earnings from the public account this round using the following formula:\n(24 _ 2.0) / 4\nRespond with only the resulting number without providing any explanations."", ""response"": ""12""}"
2026-04-05T12:38:08.464546+00:00,facilitator_call,public_good_experiment_20260405T113818Z_xaji0y,public_good_experiment_20260405T113818Z_xaji0y_s1,public_good_experiment_20260405T113818Z_xaji0y_s1_pgg_r5_g1,public_good_experiment_20260405T113818Z_xaji0y_2,"{""prompt_type"": ""FACILITATOR"", ""prompt_name"": ""public_account_earnings"", ""module"": ""pgg"", ""round"": 5, ""rendered_prompt"": ""Calculate Player ID 2's earnings from the public account this round using the following formula:\n(24 _ 2.0) / 4\nRespond with only the resulting number without providing any explanations."", ""response"": ""12""}"
2026-04-05T12:38:13.215093+00:00,facilitator_call,public_good_experiment_20260405T113818Z_xaji0y,public_good_experiment_20260405T113818Z_xaji0y_s1,public_good_experiment_20260405T113818Z_xaji0y_s1_pgg_r5_g1,public_good_experiment_20260405T113818Z_xaji0y_3,"{""prompt_type"": ""FACILITATOR"", ""prompt_name"": ""public_account_earnings"", ""module"": ""pgg"", ""round"": 5, ""rendered_prompt"": ""Calculate Player ID 3's earnings from the public account this round using the following formula:\n(24 _ 2.0) / 4\nRespond with only the resulting number without providing any explanations."", ""response"": ""12""}"
2026-04-05T12:38:21.457989+00:00,facilitator_call,public_good_experiment_20260405T113818Z_xaji0y,public_good_experiment_20260405T113818Z_xaji0y_s1,public_good_experiment_20260405T113818Z_xaji0y_s1_pgg_r5_g1,public_good_experiment_20260405T113818Z_xaji0y_4,"{""prompt_type"": ""FACILITATOR"", ""prompt_name"": ""public_account_earnings"", ""module"": ""pgg"", ""round"": 5, ""rendered_prompt"": ""Calculate Player ID 4's earnings from the public account this round using the following formula:\n(24 _ 2.0) / 4\nRespond with only the resulting number without providing any explanations."", ""response"": ""12""}"
2026-04-05T12:38:24.625757+00:00,facilitator_call,public_good_experiment_20260405T113818Z_xaji0y,public_good_experiment_20260405T113818Z_xaji0y_s1,public_good_experiment_20260405T113818Z_xaji0y_s1_pgg_r5_g1,public_good_experiment_20260405T113818Z_xaji0y_1,"{""prompt_type"": ""FACILITATOR"", ""prompt_name"": ""private_account_remaining"", ""module"": ""pgg"", ""round"": 5, ""rendered_prompt"": ""Calculate Player ID 1's remaining private tokens this round using the following formula:\n16 _ 6\nRespond with only the resulting number without any explanations."", ""response"": ""10""}"
2026-04-05T12:38:30.083467+00:00,facilitator_call,public_good_experiment_20260405T113818Z_xaji0y,public_good_experiment_20260405T113818Z_xaji0y_s1,public_good_experiment_20260405T113818Z_xaji0y_s1_pgg_r5_g1,public_good_experiment_20260405T113818Z_xaji0y_2,"{""prompt_type"": ""FACILITATOR"", ""prompt_name"": ""private_account_remaining"", ""module"": ""pgg"", ""round"": 5, ""rendered_prompt"": ""Calculate Player ID 2's remaining private tokens this round using the following formula:\n13 _ 6\nRespond with only the resulting number without any explanations."", ""response"": ""7""}"
2026-04-05T12:38:33.433850+00:00,facilitator_call,public_good_experiment_20260405T113818Z_xaji0y,public_good_experiment_20260405T113818Z_xaji0y_s1,public_good_experiment_20260405T113818Z_xaji0y_s1_pgg_r5_g1,public_good_experiment_20260405T113818Z_xaji0y_3,"{""prompt_type"": ""FACILITATOR"", ""prompt_name"": ""private_account_remaining"", ""module"": ""pgg"", ""round"": 5, ""rendered_prompt"": ""Calculate Player ID 3's remaining private tokens this round using the following formula:\n16 _ 6\nRespond with only the resulting number without any explanations."", ""response"": ""10""}"
2026-04-05T12:38:37.630320+00:00,facilitator_call,public_good_experiment_20260405T113818Z_xaji0y,public_good_experiment_20260405T113818Z_xaji0y_s1,public_good_experiment_20260405T113818Z_xaji0y_s1_pgg_r5_g1,public_good_experiment_20260405T113818Z_xaji0y_4,"{""prompt_type"": ""FACILITATOR"", ""prompt_name"": ""private_account_remaining"", ""module"": ""pgg"", ""round"": 5, ""rendered_prompt"": ""Calculate Player ID 4's remaining private tokens this round using the following formula:\n18 _ 6\nRespond with only the resulting number without any explanations."", ""response"": ""12""}"
2026-04-05T12:38:41.977547+00:00,facilitator_call,public_good_experiment_20260405T113818Z_xaji0y,public_good_experiment_20260405T113818Z_xaji0y_s1,public_good_experiment_20260405T113818Z_xaji0y_s1_pgg_r5_g1,public_good_experiment_20260405T113818Z_xaji0y_1,"{""prompt_type"": ""FACILITATOR"", ""prompt_name"": ""payoff"", ""module"": ""pgg"", ""round"": 5, ""rendered_prompt"": ""Calculate Player ID 1's total earnings this round using the following formula:\n12 + 10\nRespond with only the resulting number without any explanations."", ""response"": ""22""}"
2026-04-05T12:38:45.001098+00:00,facilitator_call,public_good_experiment_20260405T113818Z_xaji0y,public_good_experiment_20260405T113818Z_xaji0y_s1,public_good_experiment_20260405T113818Z_xaji0y_s1_pgg_r5_g1,public_good_experiment_20260405T113818Z_xaji0y_2,"{""prompt_type"": ""FACILITATOR"", ""prompt_name"": ""payoff"", ""module"": ""pgg"", ""round"": 5, ""rendered_prompt"": ""Calculate Player ID 2's total earnings this round using the following formula:\n12 + 7\nRespond with only the resulting number without any explanations."", ""response"": ""19""}"
2026-04-05T12:38:48.482818+00:00,facilitator_call,public_good_experiment_20260405T113818Z_xaji0y,public_good_experiment_20260405T113818Z_xaji0y_s1,public_good_experiment_20260405T113818Z_xaji0y_s1_pgg_r5_g1,public_good_experiment_20260405T113818Z_xaji0y_3,"{""prompt_type"": ""FACILITATOR"", ""prompt_name"": ""payoff"", ""module"": ""pgg"", ""round"": 5, ""rendered_prompt"": ""Calculate Player ID 3's total earnings this round using the following formula:\n12 + 10\nRespond with only the resulting number without any explanations."", ""response"": ""22""}"
2026-04-05T12:38:53.613924+00:00,facilitator_call,public_good_experiment_20260405T113818Z_xaji0y,public_good_experiment_20260405T113818Z_xaji0y_s1,public_good_experiment_20260405T113818Z_xaji0y_s1_pgg_r5_g1,public_good_experiment_20260405T113818Z_xaji0y_4,"{""prompt_type"": ""FACILITATOR"", ""prompt_name"": ""payoff"", ""module"": ""pgg"", ""round"": 5, ""rendered_prompt"": ""Calculate Player ID 4's total earnings this round using the following formula:\n12 + 12\nRespond with only the resulting number without any explanations."", ""response"": ""24""}"
2026-04-05T12:39:35.184311+00:00,facilitator_call,public_good_experiment_20260405T113818Z_xaji0y,public_good_experiment_20260405T113818Z_xaji0y_s1,public_good_experiment_20260405T113818Z_xaji0y_s1_pgg_r5_g2,public_good_experiment_20260405T113818Z_xaji0y_5,"{""prompt_type"": ""FACILITATOR"", ""prompt_name"": ""endowment"", ""module"": ""pgg"", ""round"": 5, ""rendered_prompt"": ""Choose a random integer between 8 and 20 as the initial endowment assigned to this player. Respond with only the resulting endowment without providing any explanations."", ""response"": ""11""}"
2026-04-05T12:39:38.192847+00:00,facilitator_call,public_good_experiment_20260405T113818Z_xaji0y,public_good_experiment_20260405T113818Z_xaji0y_s1,public_good_experiment_20260405T113818Z_xaji0y_s1_pgg_r5_g2,public_good_experiment_20260405T113818Z_xaji0y_6,"{""prompt_type"": ""FACILITATOR"", ""prompt_name"": ""endowment"", ""module"": ""pgg"", ""round"": 5, ""rendered_prompt"": ""Choose a random integer between 8 and 20 as the initial endowment assigned to this player. Respond with only the resulting endowment without providing any explanations."", ""response"": ""11""}"
2026-04-05T12:39:42.237421+00:00,facilitator_call,public_good_experiment_20260405T113818Z_xaji0y,public_good_experiment_20260405T113818Z_xaji0y_s1,public_good_experiment_20260405T113818Z_xaji0y_s1_pgg_r5_g2,public_good_experiment_20260405T113818Z_xaji0y_7,"{""prompt_type"": ""FACILITATOR"", ""prompt_name"": ""endowment"", ""module"": ""pgg"", ""round"": 5, ""rendered_prompt"": ""Choose a random integer between 8 and 20 as the initial endowment assigned to this player. Respond with only the resulting endowment without providing any explanations."", ""response"": ""11""}"
2026-04-05T12:39:44.978057+00:00,facilitator_call,public_good_experiment_20260405T113818Z_xaji0y,public_good_experiment_20260405T113818Z_xaji0y_s1,public_good_experiment_20260405T113818Z_xaji0y_s1_pgg_r5_g2,public_good_experiment_20260405T113818Z_xaji0y_8,"{""prompt_type"": ""FACILITATOR"", ""prompt_name"": ""endowment"", ""module"": ""pgg"", ""round"": 5, ""rendered_prompt"": ""Choose a random integer between 8 and 20 as the initial endowment assigned to this player. Respond with only the resulting endowment without providing any explanations."", ""response"": ""11""}"
2026-04-05T12:40:17.162898+00:00,facilitator_call,public_good_experiment_20260405T113818Z_xaji0y,public_good_experiment_20260405T113818Z_xaji0y_s1,public_good_experiment_20260405T113818Z_xaji0y_s1_pgg_r5_g2,,"{""prompt_type"": ""FACILITATOR"", ""prompt_name"": ""total_contribution"", ""module"": ""pgg"", ""round"": 5, ""rendered_prompt"": ""Calculate the total number of tokens contributed to the public account by all participants in this round using the following formula:\nPlayer 1's contribution to public account in this round + Player 2's contribution to public account in this round + Player 3's contribution to public account in this round + Player 4's contribution to public account in this round\nRespond with only the resulting nunber without providing any explanations."", ""response"": ""0""}"
2026-04-05T12:40:22.901329+00:00,facilitator_call,public_good_experiment_20260405T113818Z_xaji0y,public_good_experiment_20260405T113818Z_xaji0y_s1,public_good_experiment_20260405T113818Z_xaji0y_s1_pgg_r5_g2,public_good_experiment_20260405T113818Z_xaji0y_5,"{""prompt_type"": ""FACILITATOR"", ""prompt_name"": ""public_account_earnings"", ""module"": ""pgg"", ""round"": 5, ""rendered_prompt"": ""Calculate Player ID 5's earnings from the public account this round using the following formula:\n(0 _ 2.0) / 4\nRespond with only the resulting number without providing any explanations."", ""response"": ""0""}"
2026-04-05T12:40:26.723866+00:00,facilitator_call,public_good_experiment_20260405T113818Z_xaji0y,public_good_experiment_20260405T113818Z_xaji0y_s1,public_good_experiment_20260405T113818Z_xaji0y_s1_pgg_r5_g2,public_good_experiment_20260405T113818Z_xaji0y_6,"{""prompt_type"": ""FACILITATOR"", ""prompt_name"": ""public_account_earnings"", ""module"": ""pgg"", ""round"": 5, ""rendered_prompt"": ""Calculate Player ID 6's earnings from the public account this round using the following formula:\n(0 _ 2.0) / 4\nRespond with only the resulting number without providing any explanations."", ""response"": ""0""}"
2026-04-05T12:40:31.500382+00:00,facilitator_call,public_good_experiment_20260405T113818Z_xaji0y,public_good_experiment_20260405T113818Z_xaji0y_s1,public_good_experiment_20260405T113818Z_xaji0y_s1_pgg_r5_g2,public_good_experiment_20260405T113818Z_xaji0y_7,"{""prompt_type"": ""FACILITATOR"", ""prompt_name"": ""public_account_earnings"", ""module"": ""pgg"", ""round"": 5, ""rendered_prompt"": ""Calculate Player ID 7's earnings from the public account this round using the following formula:\n(0 _ 2.0) / 4\nRespond with only the resulting number without providing any explanations."", ""response"": ""0""}"
2026-04-05T12:40:35.599668+00:00,facilitator_call,public_good_experiment_20260405T113818Z_xaji0y,public_good_experiment_20260405T113818Z_xaji0y_s1,public_good_experiment_20260405T113818Z_xaji0y_s1_pgg_r5_g2,public_good_experiment_20260405T113818Z_xaji0y_8,"{""prompt_type"": ""FACILITATOR"", ""prompt_name"": ""public_account_earnings"", ""module"": ""pgg"", ""round"": 5, ""rendered_prompt"": ""Calculate Player ID 8's earnings from the public account this round using the following formula:\n(0 _ 2.0) / 4\nRespond with only the resulting number without providing any explanations."", ""response"": ""0""}"
2026-04-05T12:40:42.865426+00:00,facilitator_call,public_good_experiment_20260405T113818Z_xaji0y,public_good_experiment_20260405T113818Z_xaji0y_s1,public_good_experiment_20260405T113818Z_xaji0y_s1_pgg_r5_g2,public_good_experiment_20260405T113818Z_xaji0y_5,"{""prompt_type"": ""FACILITATOR"", ""prompt_name"": ""private_account_remaining"", ""module"": ""pgg"", ""round"": 5, ""rendered_prompt"": ""Calculate Player ID 5's remaining private tokens this round using the following formula:\n11 _ 0\nRespond with only the resulting number without any explanations."", ""response"": ""11""}"
2026-04-05T12:40:47.077491+00:00,facilitator_call,public_good_experiment_20260405T113818Z_xaji0y,public_good_experiment_20260405T113818Z_xaji0y_s1,public_good_experiment_20260405T113818Z_xaji0y_s1_pgg_r5_g2,public_good_experiment_20260405T113818Z_xaji0y_6,"{""prompt_type"": ""FACILITATOR"", ""prompt_name"": ""private_account_remaining"", ""module"": ""pgg"", ""round"": 5, ""rendered_prompt"": ""Calculate Player ID 6's remaining private tokens this round using the following formula:\n11 _ 0\nRespond with only the resulting number without any explanations."", ""response"": ""11""}"
2026-04-05T12:40:51.777176+00:00,facilitator_call,public_good_experiment_20260405T113818Z_xaji0y,public_good_experiment_20260405T113818Z_xaji0y_s1,public_good_experiment_20260405T113818Z_xaji0y_s1_pgg_r5_g2,public_good_experiment_20260405T113818Z_xaji0y_7,"{""prompt_type"": ""FACILITATOR"", ""prompt_name"": ""private_account_remaining"", ""module"": ""pgg"", ""round"": 5, ""rendered_prompt"": ""Calculate Player ID 7's remaining private tokens this round using the following formula:\n11 _ 0\nRespond with only the resulting number without any explanations."", ""response"": ""11""}"
2026-04-05T12:40:57.354275+00:00,facilitator_call,public_good_experiment_20260405T113818Z_xaji0y,public_good_experiment_20260405T113818Z_xaji0y_s1,public_good_experiment_20260405T113818Z_xaji0y_s1_pgg_r5_g2,public_good_experiment_20260405T113818Z_xaji0y_8,"{""prompt_type"": ""FACILITATOR"", ""prompt_name"": ""private_account_remaining"", ""module"": ""pgg"", ""round"": 5, ""rendered_prompt"": ""Calculate Player ID 8's remaining private tokens this round using the following formula:\n11 _ 0\nRespond with only the resulting number without any explanations."", ""response"": ""11""}"
2026-04-05T12:41:02.533950+00:00,facilitator_call,public_good_experiment_20260405T113818Z_xaji0y,public_good_experiment_20260405T113818Z_xaji0y_s1,public_good_experiment_20260405T113818Z_xaji0y_s1_pgg_r5_g2,public_good_experiment_20260405T113818Z_xaji0y_5,"{""prompt_type"": ""FACILITATOR"", ""prompt_name"": ""payoff"", ""module"": ""pgg"", ""round"": 5, ""rendered_prompt"": ""Calculate Player ID 5's total earnings this round using the following formula:\n0 + 11\nRespond with only the resulting number without any explanations."", ""response"": ""11""}"
2026-04-05T12:41:06.099972+00:00,facilitator_call,public_good_experiment_20260405T113818Z_xaji0y,public_good_experiment_20260405T113818Z_xaji0y_s1,public_good_experiment_20260405T113818Z_xaji0y_s1_pgg_r5_g2,public_good_experiment_20260405T113818Z_xaji0y_6,"{""prompt_type"": ""FACILITATOR"", ""prompt_name"": ""payoff"", ""module"": ""pgg"", ""round"": 5, ""rendered_prompt"": ""Calculate Player ID 6's total earnings this round using the following formula:\n0 + 11\nRespond with only the resulting number without any explanations."", ""response"": ""11""}"
2026-04-05T12:41:11.994050+00:00,facilitator_call,public_good_experiment_20260405T113818Z_xaji0y,public_good_experiment_20260405T113818Z_xaji0y_s1,public_good_experiment_20260405T113818Z_xaji0y_s1_pgg_r5_g2,public_good_experiment_20260405T113818Z_xaji0y_7,"{""prompt_type"": ""FACILITATOR"", ""prompt_name"": ""payoff"", ""module"": ""pgg"", ""round"": 5, ""rendered_prompt"": ""Calculate Player ID 7's total earnings this round using the following formula:\n0 + 11\nRespond with only the resulting number without any explanations."", ""response"": ""11""}"
2026-04-05T12:41:15.223667+00:00,facilitator_call,public_good_experiment_20260405T113818Z_xaji0y,public_good_experiment_20260405T113818Z_xaji0y_s1,public_good_experiment_20260405T113818Z_xaji0y_s1_pgg_r5_g2,public_good_experiment_20260405T113818Z_xaji0y_8,"{""prompt_type"": ""FACILITATOR"", ""prompt_name"": ""payoff"", ""module"": ""pgg"", ""round"": 5, ""rendered_prompt"": ""Calculate Player ID 8's total earnings this round using the following formula:\n0 + 11\nRespond with only the resulting number without any explanations."", ""response"": ""11""}"
2026-04-05T12:41:46.097851+00:00,facilitator_call,public_good_experiment_20260405T113818Z_xaji0y,public_good_experiment_20260405T113818Z_xaji0y_s1,public_good_experiment_20260405T113818Z_xaji0y_s1_pgg_r5_g3,public_good_experiment_20260405T113818Z_xaji0y_9,"{""prompt_type"": ""FACILITATOR"", ""prompt_name"": ""endowment"", ""module"": ""pgg"", ""round"": 5, ""rendered_prompt"": ""Choose a random integer between 8 and 20 as the initial endowment assigned to this player. Respond with only the resulting endowment without providing any explanations."", ""response"": ""12""}"
2026-04-05T12:41:49.324531+00:00,facilitator_call,public_good_experiment_20260405T113818Z_xaji0y,public_good_experiment_20260405T113818Z_xaji0y_s1,public_good_experiment_20260405T113818Z_xaji0y_s1_pgg_r5_g3,public_good_experiment_20260405T113818Z_xaji0y_10,"{""prompt_type"": ""FACILITATOR"", ""prompt_name"": ""endowment"", ""module"": ""pgg"", ""round"": 5, ""rendered_prompt"": ""Choose a random integer between 8 and 20 as the initial endowment assigned to this player. Respond with only the resulting endowment without providing any explanations."", ""response"": ""12""}"
2026-04-05T12:41:52.497003+00:00,facilitator_call,public_good_experiment_20260405T113818Z_xaji0y,public_good_experiment_20260405T113818Z_xaji0y_s1,public_good_experiment_20260405T113818Z_xaji0y_s1_pgg_r5_g3,public_good_experiment_20260405T113818Z_xaji0y_11,"{""prompt_type"": ""FACILITATOR"", ""prompt_name"": ""endowment"", ""module"": ""pgg"", ""round"": 5, ""rendered_prompt"": ""Choose a random integer between 8 and 20 as the initial endowment assigned to this player. Respond with only the resulting endowment without providing any explanations."", ""response"": ""14""}"
2026-04-05T12:41:57.132832+00:00,facilitator_call,public_good_experiment_20260405T113818Z_xaji0y,public_good_experiment_20260405T113818Z_xaji0y_s1,public_good_experiment_20260405T113818Z_xaji0y_s1_pgg_r5_g3,public_good_experiment_20260405T113818Z_xaji0y_12,"{""prompt_type"": ""FACILITATOR"", ""prompt_name"": ""endowment"", ""module"": ""pgg"", ""round"": 5, ""rendered_prompt"": ""Choose a random integer between 8 and 20 as the initial endowment assigned to this player. Respond with only the resulting endowment without providing any explanations."", ""response"": ""14""}"
2026-04-05T12:42:29.469651+00:00,facilitator_call,public_good_experiment_20260405T113818Z_xaji0y,public_good_experiment_20260405T113818Z_xaji0y_s1,public_good_experiment_20260405T113818Z_xaji0y_s1_pgg_r5_g3,,"{""prompt_type"": ""FACILITATOR"", ""prompt_name"": ""total_contribution"", ""module"": ""pgg"", ""round"": 5, ""rendered_prompt"": ""Calculate the total number of tokens contributed to the public account by all participants in this round using the following formula:\nPlayer 1's contribution to public account in this round + Player 2's contribution to public account in this round + Player 3's contribution to public account in this round + Player 4's contribution to public account in this round\nRespond with only the resulting nunber without providing any explanations."", ""response"": ""27""}"
2026-04-05T12:42:33.254851+00:00,facilitator_call,public_good_experiment_20260405T113818Z_xaji0y,public_good_experiment_20260405T113818Z_xaji0y_s1,public_good_experiment_20260405T113818Z_xaji0y_s1_pgg_r5_g3,public_good_experiment_20260405T113818Z_xaji0y_9,"{""prompt_type"": ""FACILITATOR"", ""prompt_name"": ""public_account_earnings"", ""module"": ""pgg"", ""round"": 5, ""rendered_prompt"": ""Calculate Player ID 9's earnings from the public account this round using the following formula:\n(27 _ 2.0) / 4\nRespond with only the resulting number without providing any explanations."", ""response"": ""13.5""}"
2026-04-05T12:42:36.322313+00:00,facilitator_call,public_good_experiment_20260405T113818Z_xaji0y,public_good_experiment_20260405T113818Z_xaji0y_s1,public_good_experiment_20260405T113818Z_xaji0y_s1_pgg_r5_g3,public_good_experiment_20260405T113818Z_xaji0y_10,"{""prompt_type"": ""FACILITATOR"", ""prompt_name"": ""public_account_earnings"", ""module"": ""pgg"", ""round"": 5, ""rendered_prompt"": ""Calculate Player ID 10's earnings from the public account this round using the following formula:\n(27 _ 2.0) / 4\nRespond with only the resulting number without providing any explanations."", ""response"": ""13.5""}"
2026-04-05T12:42:39.686428+00:00,facilitator_call,public_good_experiment_20260405T113818Z_xaji0y,public_good_experiment_20260405T113818Z_xaji0y_s1,public_good_experiment_20260405T113818Z_xaji0y_s1_pgg_r5_g3,public_good_experiment_20260405T113818Z_xaji0y_11,"{""prompt_type"": ""FACILITATOR"", ""prompt_name"": ""public_account_earnings"", ""module"": ""pgg"", ""round"": 5, ""rendered_prompt"": ""Calculate Player ID 11's earnings from the public account this round using the following formula:\n(27 _ 2.0) / 4\nRespond with only the resulting number without providing any explanations."", ""response"": ""13.5""}"
2026-04-05T12:42:42.680452+00:00,facilitator_call,public_good_experiment_20260405T113818Z_xaji0y,public_good_experiment_20260405T113818Z_xaji0y_s1,public_good_experiment_20260405T113818Z_xaji0y_s1_pgg_r5_g3,public_good_experiment_20260405T113818Z_xaji0y_12,"{""prompt_type"": ""FACILITATOR"", ""prompt_name"": ""public_account_earnings"", ""module"": ""pgg"", ""round"": 5, ""rendered_prompt"": ""Calculate Player ID 12's earnings from the public account this round using the following formula:\n(27 _ 2.0) / 4\nRespond with only the resulting number without providing any explanations."", ""response"": ""13.5""}"
2026-04-05T12:42:46.026716+00:00,facilitator_call,public_good_experiment_20260405T113818Z_xaji0y,public_good_experiment_20260405T113818Z_xaji0y_s1,public_good_experiment_20260405T113818Z_xaji0y_s1_pgg_r5_g3,public_good_experiment_20260405T113818Z_xaji0y_9,"{""prompt_type"": ""FACILITATOR"", ""prompt_name"": ""private_account_remaining"", ""module"": ""pgg"", ""round"": 5, ""rendered_prompt"": ""Calculate Player ID 9's remaining private tokens this round using the following formula:\n12 _ 11\nRespond with only the resulting number without any explanations."", ""response"": ""1""}"
2026-04-05T12:42:51.982862+00:00,facilitator_call,public_good_experiment_20260405T113818Z_xaji0y,public_good_experiment_20260405T113818Z_xaji0y_s1,public_good_experiment_20260405T113818Z_xaji0y_s1_pgg_r5_g3,public_good_experiment_20260405T113818Z_xaji0y_10,"{""prompt_type"": ""FACILITATOR"", ""prompt_name"": ""private_account_remaining"", ""module"": ""pgg"", ""round"": 5, ""rendered_prompt"": ""Calculate Player ID 10's remaining private tokens this round using the following formula:\n12 _ 6\nRespond with only the resulting number without any explanations."", ""response"": ""6""}"
2026-04-05T12:42:57.531319+00:00,facilitator_call,public_good_experiment_20260405T113818Z_xaji0y,public_good_experiment_20260405T113818Z_xaji0y_s1,public_good_experiment_20260405T113818Z_xaji0y_s1_pgg_r5_g3,public_good_experiment_20260405T113818Z_xaji0y_11,"{""prompt_type"": ""FACILITATOR"", ""prompt_name"": ""private_account_remaining"", ""module"": ""pgg"", ""round"": 5, ""rendered_prompt"": ""Calculate Player ID 11's remaining private tokens this round using the following formula:\n14 _ 4\nRespond with only the resulting number without any explanations."", ""response"": ""10""}"
2026-04-05T12:43:03.661363+00:00,facilitator_call,public_good_experiment_20260405T113818Z_xaji0y,public_good_experiment_20260405T113818Z_xaji0y_s1,public_good_experiment_20260405T113818Z_xaji0y_s1_pgg_r5_g3,public_good_experiment_20260405T113818Z_xaji0y_12,"{""prompt_type"": ""FACILITATOR"", ""prompt_name"": ""private_account_remaining"", ""module"": ""pgg"", ""round"": 5, ""rendered_prompt"": ""Calculate Player ID 12's remaining private tokens this round using the following formula:\n14 _ 6\nRespond with only the resulting number without any explanations."", ""response"": ""8""}"
2026-04-05T12:43:06.571529+00:00,facilitator_call,public_good_experiment_20260405T113818Z_xaji0y,public_good_experiment_20260405T113818Z_xaji0y_s1,public_good_experiment_20260405T113818Z_xaji0y_s1_pgg_r5_g3,public_good_experiment_20260405T113818Z_xaji0y_9,"{""prompt_type"": ""FACILITATOR"", ""prompt_name"": ""payoff"", ""module"": ""pgg"", ""round"": 5, ""rendered_prompt"": ""Calculate Player ID 9's total earnings this round using the following formula:\n13.5 + 1\nRespond with only the resulting number without any explanations."", ""response"": ""14.5""}"
2026-04-05T12:43:10.069428+00:00,facilitator_call,public_good_experiment_20260405T113818Z_xaji0y,public_good_experiment_20260405T113818Z_xaji0y_s1,public_good_experiment_20260405T113818Z_xaji0y_s1_pgg_r5_g3,public_good_experiment_20260405T113818Z_xaji0y_10,"{""prompt_type"": ""FACILITATOR"", ""prompt_name"": ""payoff"", ""module"": ""pgg"", ""round"": 5, ""rendered_prompt"": ""Calculate Player ID 10's total earnings this round using the following formula:\n13.5 + 6\nRespond with only the resulting number without any explanations."", ""response"": ""19.5""}"
2026-04-05T12:43:14.518551+00:00,facilitator_call,public_good_experiment_20260405T113818Z_xaji0y,public_good_experiment_20260405T113818Z_xaji0y_s1,public_good_experiment_20260405T113818Z_xaji0y_s1_pgg_r5_g3,public_good_experiment_20260405T113818Z_xaji0y_11,"{""prompt_type"": ""FACILITATOR"", ""prompt_name"": ""payoff"", ""module"": ""pgg"", ""round"": 5, ""rendered_prompt"": ""Calculate Player ID 11's total earnings this round using the following formula:\n13.5 + 10\nRespond with only the resulting number without any explanations."", ""response"": ""23.5""}"
2026-04-05T12:43:18.347543+00:00,facilitator_call,public_good_experiment_20260405T113818Z_xaji0y,public_good_experiment_20260405T113818Z_xaji0y_s1,public_good_experiment_20260405T113818Z_xaji0y_s1_pgg_r5_g3,public_good_experiment_20260405T113818Z_xaji0y_12,"{""prompt_type"": ""FACILITATOR"", ""prompt_name"": ""payoff"", ""module"": ""pgg"", ""round"": 5, ""rendered_prompt"": ""Calculate Player ID 12's total earnings this round using the following formula:\n13.5 + 8\nRespond with only the resulting number without any explanations."", ""response"": ""21.5""}"
2026-04-05T12:44:03.573116+00:00,facilitator_call,public_good_experiment_20260405T113818Z_xaji0y,public_good_experiment_20260405T113818Z_xaji0y_s1,public_good_experiment_20260405T113818Z_xaji0y_s1_pgg_r5_g4,public_good_experiment_20260405T113818Z_xaji0y_13,"{""prompt_type"": ""FACILITATOR"", ""prompt_name"": ""endowment"", ""module"": ""pgg"", ""round"": 5, ""rendered_prompt"": ""Choose a random integer between 8 and 20 as the initial endowment assigned to this player. Respond with only the resulting endowment without providing any explanations."", ""response"": ""11""}"
2026-04-05T12:44:07.195096+00:00,facilitator_call,public_good_experiment_20260405T113818Z_xaji0y,public_good_experiment_20260405T113818Z_xaji0y_s1,public_good_experiment_20260405T113818Z_xaji0y_s1_pgg_r5_g4,public_good_experiment_20260405T113818Z_xaji0y_14,"{""prompt_type"": ""FACILITATOR"", ""prompt_name"": ""endowment"", ""module"": ""pgg"", ""round"": 5, ""rendered_prompt"": ""Choose a random integer between 8 and 20 as the initial endowment assigned to this player. Respond with only the resulting endowment without providing any explanations."", ""response"": ""15""}"
2026-04-05T12:44:10.437602+00:00,facilitator_call,public_good_experiment_20260405T113818Z_xaji0y,public_good_experiment_20260405T113818Z_xaji0y_s1,public_good_experiment_20260405T113818Z_xaji0y_s1_pgg_r5_g4,public_good_experiment_20260405T113818Z_xaji0y_15,"{""prompt_type"": ""FACILITATOR"", ""prompt_name"": ""endowment"", ""module"": ""pgg"", ""round"": 5, ""rendered_prompt"": ""Choose a random integer between 8 and 20 as the initial endowment assigned to this player. Respond with only the resulting endowment without providing any explanations."", ""response"": ""16""}"
2026-04-05T12:44:13.918649+00:00,facilitator_call,public_good_experiment_20260405T113818Z_xaji0y,public_good_experiment_20260405T113818Z_xaji0y_s1,public_good_experiment_20260405T113818Z_xaji0y_s1_pgg_r5_g4,public_good_experiment_20260405T113818Z_xaji0y_16,"{""prompt_type"": ""FACILITATOR"", ""prompt_name"": ""endowment"", ""module"": ""pgg"", ""round"": 5, ""rendered_prompt"": ""Choose a random integer between 8 and 20 as the initial endowment assigned to this player. Respond with only the resulting endowment without providing any explanations."", ""response"": ""15""}"
2026-04-05T12:44:56.927777+00:00,facilitator_call,public_good_experiment_20260405T113818Z_xaji0y,public_good_experiment_20260405T113818Z_xaji0y_s1,public_good_experiment_20260405T113818Z_xaji0y_s1_pgg_r5_g4,,"{""prompt_type"": ""FACILITATOR"", ""prompt_name"": ""total_contribution"", ""module"": ""pgg"", ""round"": 5, ""rendered_prompt"": ""Calculate the total number of tokens contributed to the public account by all participants in this round using the following formula:\nPlayer 1's contribution to public account in this round + Player 2's contribution to public account in this round + Player 3's contribution to public account in this round + Player 4's contribution to public account in this round\nRespond with only the resulting nunber without providing any explanations."", ""response"": ""6""}"
2026-04-05T12:45:00.533365+00:00,facilitator_call,public_good_experiment_20260405T113818Z_xaji0y,public_good_experiment_20260405T113818Z_xaji0y_s1,public_good_experiment_20260405T113818Z_xaji0y_s1_pgg_r5_g4,public_good_experiment_20260405T113818Z_xaji0y_13,"{""prompt_type"": ""FACILITATOR"", ""prompt_name"": ""public_account_earnings"", ""module"": ""pgg"", ""round"": 5, ""rendered_prompt"": ""Calculate Player ID 13's earnings from the public account this round using the following formula:\n(6 _ 2.0) / 4\nRespond with only the resulting number without providing any explanations."", ""response"": ""3""}"
2026-04-05T12:45:03.987723+00:00,facilitator_call,public_good_experiment_20260405T113818Z_xaji0y,public_good_experiment_20260405T113818Z_xaji0y_s1,public_good_experiment_20260405T113818Z_xaji0y_s1_pgg_r5_g4,public_good_experiment_20260405T113818Z_xaji0y_14,"{""prompt_type"": ""FACILITATOR"", ""prompt_name"": ""public_account_earnings"", ""module"": ""pgg"", ""round"": 5, ""rendered_prompt"": ""Calculate Player ID 14's earnings from the public account this round using the following formula:\n(6 _ 2.0) / 4\nRespond with only the resulting number without providing any explanations."", ""response"": ""3""}"
2026-04-05T12:45:07.989396+00:00,facilitator_call,public_good_experiment_20260405T113818Z_xaji0y,public_good_experiment_20260405T113818Z_xaji0y_s1,public_good_experiment_20260405T113818Z_xaji0y_s1_pgg_r5_g4,public_good_experiment_20260405T113818Z_xaji0y_15,"{""prompt_type"": ""FACILITATOR"", ""prompt_name"": ""public_account_earnings"", ""module"": ""pgg"", ""round"": 5, ""rendered_prompt"": ""Calculate Player ID 15's earnings from the public account this round using the following formula:\n(6 _ 2.0) / 4\nRespond with only the resulting number without providing any explanations."", ""response"": ""3""}"
2026-04-05T12:45:12.693493+00:00,facilitator_call,public_good_experiment_20260405T113818Z_xaji0y,public_good_experiment_20260405T113818Z_xaji0y_s1,public_good_experiment_20260405T113818Z_xaji0y_s1_pgg_r5_g4,public_good_experiment_20260405T113818Z_xaji0y_16,"{""prompt_type"": ""FACILITATOR"", ""prompt_name"": ""public_account_earnings"", ""module"": ""pgg"", ""round"": 5, ""rendered_prompt"": ""Calculate Player ID 16's earnings from the public account this round using the following formula:\n(6 _ 2.0) / 4\nRespond with only the resulting number without providing any explanations."", ""response"": ""3""}"
2026-04-05T12:45:18.071219+00:00,facilitator_call,public_good_experiment_20260405T113818Z_xaji0y,public_good_experiment_20260405T113818Z_xaji0y_s1,public_good_experiment_20260405T113818Z_xaji0y_s1_pgg_r5_g4,public_good_experiment_20260405T113818Z_xaji0y_13,"{""prompt_type"": ""FACILITATOR"", ""prompt_name"": ""private_account_remaining"", ""module"": ""pgg"", ""round"": 5, ""rendered_prompt"": ""Calculate Player ID 13's remaining private tokens this round using the following formula:\n11 _ 0\nRespond with only the resulting number without any explanations."", ""response"": ""11""}"
2026-04-05T12:45:34.032396+00:00,facilitator_call,public_good_experiment_20260405T113818Z_xaji0y,public_good_experiment_20260405T113818Z_xaji0y_s1,public_good_experiment_20260405T113818Z_xaji0y_s1_pgg_r5_g4,public_good_experiment_20260405T113818Z_xaji0y_14,"{""prompt_type"": ""FACILITATOR"", ""prompt_name"": ""private_account_remaining"", ""module"": ""pgg"", ""round"": 5, ""rendered_prompt"": ""Calculate Player ID 14's remaining private tokens this round using the following formula:\n15 _ 2\nRespond with only the resulting number without any explanations."", ""response"": ""13""}"
2026-04-05T12:45:44.619495+00:00,facilitator_call,public_good_experiment_20260405T113818Z_xaji0y,public_good_experiment_20260405T113818Z_xaji0y_s1,public_good_experiment_20260405T113818Z_xaji0y_s1_pgg_r5_g4,public_good_experiment_20260405T113818Z_xaji0y_15,"{""prompt_type"": ""FACILITATOR"", ""prompt_name"": ""private_account_remaining"", ""module"": ""pgg"", ""round"": 5, ""rendered_prompt"": ""Calculate Player ID 15's remaining private tokens this round using the following formula:\n16 _ 0\nRespond with only the resulting number without any explanations."", ""response"": ""16""}"
2026-04-05T12:45:49.457455+00:00,facilitator_call,public_good_experiment_20260405T113818Z_xaji0y,public_good_experiment_20260405T113818Z_xaji0y_s1,public_good_experiment_20260405T113818Z_xaji0y_s1_pgg_r5_g4,public_good_experiment_20260405T113818Z_xaji0y_16,"{""prompt_type"": ""FACILITATOR"", ""prompt_name"": ""private_account_remaining"", ""module"": ""pgg"", ""round"": 5, ""rendered_prompt"": ""Calculate Player ID 16's remaining private tokens this round using the following formula:\n15 _ 4\nRespond with only the resulting number without any explanations."", ""response"": ""11""}"
2026-04-05T12:45:52.631271+00:00,facilitator_call,public_good_experiment_20260405T113818Z_xaji0y,public_good_experiment_20260405T113818Z_xaji0y_s1,public_good_experiment_20260405T113818Z_xaji0y_s1_pgg_r5_g4,public_good_experiment_20260405T113818Z_xaji0y_13,"{""prompt_type"": ""FACILITATOR"", ""prompt_name"": ""payoff"", ""module"": ""pgg"", ""round"": 5, ""rendered_prompt"": ""Calculate Player ID 13's total earnings this round using the following formula:\n3 + 11\nRespond with only the resulting number without any explanations."", ""response"": ""14""}"
2026-04-05T12:45:57.742181+00:00,facilitator_call,public_good_experiment_20260405T113818Z_xaji0y,public_good_experiment_20260405T113818Z_xaji0y_s1,public_good_experiment_20260405T113818Z_xaji0y_s1_pgg_r5_g4,public_good_experiment_20260405T113818Z_xaji0y_14,"{""prompt_type"": ""FACILITATOR"", ""prompt_name"": ""payoff"", ""module"": ""pgg"", ""round"": 5, ""rendered_prompt"": ""Calculate Player ID 14's total earnings this round using the following formula:\n3 + 13\nRespond with only the resulting number without any explanations."", ""response"": ""16""}"
2026-04-05T12:46:00.920187+00:00,facilitator_call,public_good_experiment_20260405T113818Z_xaji0y,public_good_experiment_20260405T113818Z_xaji0y_s1,public_good_experiment_20260405T113818Z_xaji0y_s1_pgg_r5_g4,public_good_experiment_20260405T113818Z_xaji0y_15,"{""prompt_type"": ""FACILITATOR"", ""prompt_name"": ""payoff"", ""module"": ""pgg"", ""round"": 5, ""rendered_prompt"": ""Calculate Player ID 15's total earnings this round using the following formula:\n3 + 16\nRespond with only the resulting number without any explanations."", ""response"": ""19""}"
2026-04-05T12:46:06.130958+00:00,facilitator_call,public_good_experiment_20260405T113818Z_xaji0y,public_good_experiment_20260405T113818Z_xaji0y_s1,public_good_experiment_20260405T113818Z_xaji0y_s1_pgg_r5_g4,public_good_experiment_20260405T113818Z_xaji0y_16,"{""prompt_type"": ""FACILITATOR"", ""prompt_name"": ""payoff"", ""module"": ""pgg"", ""round"": 5, ""rendered_prompt"": ""Calculate Player ID 16's total earnings this round using the following formula:\n3 + 11\nRespond with only the resulting number without any explanations."", ""response"": ""14""}"
2026-04-05T12:46:36.886484+00:00,facilitator_call,public_good_experiment_20260405T113818Z_xaji0y,public_good_experiment_20260405T113818Z_xaji0y_s1,public_good_experiment_20260405T113818Z_xaji0y_s1_pgg_r5_g5,public_good_experiment_20260405T113818Z_xaji0y_17,"{""prompt_type"": ""FACILITATOR"", ""prompt_name"": ""endowment"", ""module"": ""pgg"", ""round"": 5, ""rendered_prompt"": ""Choose a random integer between 8 and 20 as the initial endowment assigned to this player. Respond with only the resulting endowment without providing any explanations."", ""response"": ""13""}"
2026-04-05T12:46:41.068878+00:00,facilitator_call,public_good_experiment_20260405T113818Z_xaji0y,public_good_experiment_20260405T113818Z_xaji0y_s1,public_good_experiment_20260405T113818Z_xaji0y_s1_pgg_r5_g5,public_good_experiment_20260405T113818Z_xaji0y_18,"{""prompt_type"": ""FACILITATOR"", ""prompt_name"": ""endowment"", ""module"": ""pgg"", ""round"": 5, ""rendered_prompt"": ""Choose a random integer between 8 and 20 as the initial endowment assigned to this player. Respond with only the resulting endowment without providing any explanations."", ""response"": ""13""}"
2026-04-05T12:46:44.654480+00:00,facilitator_call,public_good_experiment_20260405T113818Z_xaji0y,public_good_experiment_20260405T113818Z_xaji0y_s1,public_good_experiment_20260405T113818Z_xaji0y_s1_pgg_r5_g5,public_good_experiment_20260405T113818Z_xaji0y_19,"{""prompt_type"": ""FACILITATOR"", ""prompt_name"": ""endowment"", ""module"": ""pgg"", ""round"": 5, ""rendered_prompt"": ""Choose a random integer between 8 and 20 as the initial endowment assigned to this player. Respond with only the resulting endowment without providing any explanations."", ""response"": ""13""}"
2026-04-05T12:46:49.244341+00:00,facilitator_call,public_good_experiment_20260405T113818Z_xaji0y,public_good_experiment_20260405T113818Z_xaji0y_s1,public_good_experiment_20260405T113818Z_xaji0y_s1_pgg_r5_g5,public_good_experiment_20260405T113818Z_xaji0y_20,"{""prompt_type"": ""FACILITATOR"", ""prompt_name"": ""endowment"", ""module"": ""pgg"", ""round"": 5, ""rendered_prompt"": ""Choose a random integer between 8 and 20 as the initial endowment assigned to this player. Respond with only the resulting endowment without providing any explanations."", ""response"": ""13""}"
2026-04-05T12:47:39.748930+00:00,facilitator_call,public_good_experiment_20260405T113818Z_xaji0y,public_good_experiment_20260405T113818Z_xaji0y_s1,public_good_experiment_20260405T113818Z_xaji0y_s1_pgg_r5_g5,,"{""prompt_type"": ""FACILITATOR"", ""prompt_name"": ""total_contribution"", ""module"": ""pgg"", ""round"": 5, ""rendered_prompt"": ""Calculate the total number of tokens contributed to the public account by all participants in this round using the following formula:\nPlayer 1's contribution to public account in this round + Player 2's contribution to public account in this round + Player 3's contribution to public account in this round + Player 4's contribution to public account in this round\nRespond with only the resulting nunber without providing any explanations."", ""response"": ""26""}"
2026-04-05T12:47:44.264548+00:00,facilitator_call,public_good_experiment_20260405T113818Z_xaji0y,public_good_experiment_20260405T113818Z_xaji0y_s1,public_good_experiment_20260405T113818Z_xaji0y_s1_pgg_r5_g5,public_good_experiment_20260405T113818Z_xaji0y_17,"{""prompt_type"": ""FACILITATOR"", ""prompt_name"": ""public_account_earnings"", ""module"": ""pgg"", ""round"": 5, ""rendered_prompt"": ""Calculate Player ID 17's earnings from the public account this round using the following formula:\n(26 _ 2.0) / 4\nRespond with only the resulting number without providing any explanations."", ""response"": ""13""}"
2026-04-05T12:47:47.056518+00:00,facilitator_call,public_good_experiment_20260405T113818Z_xaji0y,public_good_experiment_20260405T113818Z_xaji0y_s1,public_good_experiment_20260405T113818Z_xaji0y_s1_pgg_r5_g5,public_good_experiment_20260405T113818Z_xaji0y_18,"{""prompt_type"": ""FACILITATOR"", ""prompt_name"": ""public_account_earnings"", ""module"": ""pgg"", ""round"": 5, ""rendered_prompt"": ""Calculate Player ID 18's earnings from the public account this round using the following formula:\n(26 _ 2.0) / 4\nRespond with only the resulting number without providing any explanations."", ""response"": ""13""}"
2026-04-05T12:47:51.474405+00:00,facilitator_call,public_good_experiment_20260405T113818Z_xaji0y,public_good_experiment_20260405T113818Z_xaji0y_s1,public_good_experiment_20260405T113818Z_xaji0y_s1_pgg_r5_g5,public_good_experiment_20260405T113818Z_xaji0y_19,"{""prompt_type"": ""FACILITATOR"", ""prompt_name"": ""public_account_earnings"", ""module"": ""pgg"", ""round"": 5, ""rendered_prompt"": ""Calculate Player ID 19's earnings from the public account this round using the following formula:\n(26 _ 2.0) / 4\nRespond with only the resulting number without providing any explanations."", ""response"": ""13""}"
2026-04-05T12:47:54.489499+00:00,facilitator_call,public_good_experiment_20260405T113818Z_xaji0y,public_good_experiment_20260405T113818Z_xaji0y_s1,public_good_experiment_20260405T113818Z_xaji0y_s1_pgg_r5_g5,public_good_experiment_20260405T113818Z_xaji0y_20,"{""prompt_type"": ""FACILITATOR"", ""prompt_name"": ""public_account_earnings"", ""module"": ""pgg"", ""round"": 5, ""rendered_prompt"": ""Calculate Player ID 20's earnings from the public account this round using the following formula:\n(26 _ 2.0) / 4\nRespond with only the resulting number without providing any explanations."", ""response"": ""13""}"
2026-04-05T12:48:01.149667+00:00,facilitator_call,public_good_experiment_20260405T113818Z_xaji0y,public_good_experiment_20260405T113818Z_xaji0y_s1,public_good_experiment_20260405T113818Z_xaji0y_s1_pgg_r5_g5,public_good_experiment_20260405T113818Z_xaji0y_17,"{""prompt_type"": ""FACILITATOR"", ""prompt_name"": ""private_account_remaining"", ""module"": ""pgg"", ""round"": 5, ""rendered_prompt"": ""Calculate Player ID 17's remaining private tokens this round using the following formula:\n13 _ 4\nRespond with only the resulting number without any explanations."", ""response"": ""9""}"
2026-04-05T12:48:06.502703+00:00,facilitator_call,public_good_experiment_20260405T113818Z_xaji0y,public_good_experiment_20260405T113818Z_xaji0y_s1,public_good_experiment_20260405T113818Z_xaji0y_s1_pgg_r5_g5,public_good_experiment_20260405T113818Z_xaji0y_18,"{""prompt_type"": ""FACILITATOR"", ""prompt_name"": ""private_account_remaining"", ""module"": ""pgg"", ""round"": 5, ""rendered_prompt"": ""Calculate Player ID 18's remaining private tokens this round using the following formula:\n13 _ 8\nRespond with only the resulting number without any explanations."", ""response"": ""5""}"
2026-04-05T12:48:13.381915+00:00,facilitator_call,public_good_experiment_20260405T113818Z_xaji0y,public_good_experiment_20260405T113818Z_xaji0y_s1,public_good_experiment_20260405T113818Z_xaji0y_s1_pgg_r5_g5,public_good_experiment_20260405T113818Z_xaji0y_19,"{""prompt_type"": ""FACILITATOR"", ""prompt_name"": ""private_account_remaining"", ""module"": ""pgg"", ""round"": 5, ""rendered_prompt"": ""Calculate Player ID 19's remaining private tokens this round using the following formula:\n13 _ 8\nRespond with only the resulting number without any explanations."", ""response"": ""5""}"
2026-04-05T12:48:18.077402+00:00,facilitator_call,public_good_experiment_20260405T113818Z_xaji0y,public_good_experiment_20260405T113818Z_xaji0y_s1,public_good_experiment_20260405T113818Z_xaji0y_s1_pgg_r5_g5,public_good_experiment_20260405T113818Z_xaji0y_20,"{""prompt_type"": ""FACILITATOR"", ""prompt_name"": ""private_account_remaining"", ""module"": ""pgg"", ""round"": 5, ""rendered_prompt"": ""Calculate Player ID 20's remaining private tokens this round using the following formula:\n13 _ 6\nRespond with only the resulting number without any explanations."", ""response"": ""7""}"
2026-04-05T12:48:21.105526+00:00,facilitator_call,public_good_experiment_20260405T113818Z_xaji0y,public_good_experiment_20260405T113818Z_xaji0y_s1,public_good_experiment_20260405T113818Z_xaji0y_s1_pgg_r5_g5,public_good_experiment_20260405T113818Z_xaji0y_17,"{""prompt_type"": ""FACILITATOR"", ""prompt_name"": ""payoff"", ""module"": ""pgg"", ""round"": 5, ""rendered_prompt"": ""Calculate Player ID 17's total earnings this round using the following formula:\n13 + 9\nRespond with only the resulting number without any explanations."", ""response"": ""22""}"
2026-04-05T12:48:26.954532+00:00,facilitator_call,public_good_experiment_20260405T113818Z_xaji0y,public_good_experiment_20260405T113818Z_xaji0y_s1,public_good_experiment_20260405T113818Z_xaji0y_s1_pgg_r5_g5,public_good_experiment_20260405T113818Z_xaji0y_18,"{""prompt_type"": ""FACILITATOR"", ""prompt_name"": ""payoff"", ""module"": ""pgg"", ""round"": 5, ""rendered_prompt"": ""Calculate Player ID 18's total earnings this round using the following formula:\n13 + 5\nRespond with only the resulting number without any explanations."", ""response"": ""18""}"
2026-04-05T12:48:31.092358+00:00,facilitator_call,public_good_experiment_20260405T113818Z_xaji0y,public_good_experiment_20260405T113818Z_xaji0y_s1,public_good_experiment_20260405T113818Z_xaji0y_s1_pgg_r5_g5,public_good_experiment_20260405T113818Z_xaji0y_19,"{""prompt_type"": ""FACILITATOR"", ""prompt_name"": ""payoff"", ""module"": ""pgg"", ""round"": 5, ""rendered_prompt"": ""Calculate Player ID 19's total earnings this round using the following formula:\n13 + 5\nRespond with only the resulting number without any explanations."", ""response"": ""18""}"
2026-04-05T12:48:35.859024+00:00,facilitator_call,public_good_experiment_20260405T113818Z_xaji0y,public_good_experiment_20260405T113818Z_xaji0y_s1,public_good_experiment_20260405T113818Z_xaji0y_s1_pgg_r5_g5,public_good_experiment_20260405T113818Z_xaji0y_20,"{""prompt_type"": ""FACILITATOR"", ""prompt_name"": ""payoff"", ""module"": ""pgg"", ""round"": 5, ""rendered_prompt"": ""Calculate Player ID 20's total earnings this round using the following formula:\n13 + 7\nRespond with only the resulting number without any explanations."", ""response"": ""20""}"
2026-04-05T12:49:10.879180+00:00,facilitator_call,public_good_experiment_20260405T113818Z_xaji0y,public_good_experiment_20260405T113818Z_xaji0y_s1,public_good_experiment_20260405T113818Z_xaji0y_s1_pgg_r5_g6,public_good_experiment_20260405T113818Z_xaji0y_21,"{""prompt_type"": ""FACILITATOR"", ""prompt_name"": ""endowment"", ""module"": ""pgg"", ""round"": 5, ""rendered_prompt"": ""Choose a random integer between 8 and 20 as the initial endowment assigned to this player. Respond with only the resulting endowment without providing any explanations."", ""response"": ""16""}"
2026-04-05T12:49:14.030119+00:00,facilitator_call,public_good_experiment_20260405T113818Z_xaji0y,public_good_experiment_20260405T113818Z_xaji0y_s1,public_good_experiment_20260405T113818Z_xaji0y_s1_pgg_r5_g6,public_good_experiment_20260405T113818Z_xaji0y_22,"{""prompt_type"": ""FACILITATOR"", ""prompt_name"": ""endowment"", ""module"": ""pgg"", ""round"": 5, ""rendered_prompt"": ""Choose a random integer between 8 and 20 as the initial endowment assigned to this player. Respond with only the resulting endowment without providing any explanations."", ""response"": ""13""}"
2026-04-05T12:49:17.976030+00:00,facilitator_call,public_good_experiment_20260405T113818Z_xaji0y,public_good_experiment_20260405T113818Z_xaji0y_s1,public_good_experiment_20260405T113818Z_xaji0y_s1_pgg_r5_g6,public_good_experiment_20260405T113818Z_xaji0y_23,"{""prompt_type"": ""FACILITATOR"", ""prompt_name"": ""endowment"", ""module"": ""pgg"", ""round"": 5, ""rendered_prompt"": ""Choose a random integer between 8 and 20 as the initial endowment assigned to this player. Respond with only the resulting endowment without providing any explanations."", ""response"": ""13""}"
2026-04-05T12:49:21.866293+00:00,facilitator_call,public_good_experiment_20260405T113818Z_xaji0y,public_good_experiment_20260405T113818Z_xaji0y_s1,public_good_experiment_20260405T113818Z_xaji0y_s1_pgg_r5_g6,public_good_experiment_20260405T113818Z_xaji0y_24,"{""prompt_type"": ""FACILITATOR"", ""prompt_name"": ""endowment"", ""module"": ""pgg"", ""round"": 5, ""rendered_prompt"": ""Choose a random integer between 8 and 20 as the initial endowment assigned to this player. Respond with only the resulting endowment without providing any explanations."", ""response"": ""16""}"
2026-04-05T12:51:34.854631+00:00,facilitator_call,public_good_experiment_20260405T113818Z_xaji0y,public_good_experiment_20260405T113818Z_xaji0y_s1,public_good_experiment_20260405T113818Z_xaji0y_s1_pgg_r5_g6,,"{""prompt_type"": ""FACILITATOR"", ""prompt_name"": ""total_contribution"", ""module"": ""pgg"", ""round"": 5, ""rendered_prompt"": ""Calculate the total number of tokens contributed to the public account by all participants in this round using the following formula:\nPlayer 1's contribution to public account in this round + Player 2's contribution to public account in this round + Player 3's contribution to public account in this round + Player 4's contribution to public account in this round\nRespond with only the resulting nunber without providing any explanations."", ""response"": ""15""}"
2026-04-05T12:51:39.475960+00:00,facilitator_call,public_good_experiment_20260405T113818Z_xaji0y,public_good_experiment_20260405T113818Z_xaji0y_s1,public_good_experiment_20260405T113818Z_xaji0y_s1_pgg_r5_g6,public_good_experiment_20260405T113818Z_xaji0y_21,"{""prompt_type"": ""FACILITATOR"", ""prompt_name"": ""public_account_earnings"", ""module"": ""pgg"", ""round"": 5, ""rendered_prompt"": ""Calculate Player ID 21's earnings from the public account this round using the following formula:\n(15 _ 2.0) / 4\nRespond with only the resulting number without providing any explanations."", ""response"": ""7.5""}"
2026-04-05T12:51:42.573464+00:00,facilitator_call,public_good_experiment_20260405T113818Z_xaji0y,public_good_experiment_20260405T113818Z_xaji0y_s1,public_good_experiment_20260405T113818Z_xaji0y_s1_pgg_r5_g6,public_good_experiment_20260405T113818Z_xaji0y_22,"{""prompt_type"": ""FACILITATOR"", ""prompt_name"": ""public_account_earnings"", ""module"": ""pgg"", ""round"": 5, ""rendered_prompt"": ""Calculate Player ID 22's earnings from the public account this round using the following formula:\n(15 _ 2.0) / 4\nRespond with only the resulting number without providing any explanations."", ""response"": ""7.5""}"
2026-04-05T12:51:45.815283+00:00,facilitator_call,public_good_experiment_20260405T113818Z_xaji0y,public_good_experiment_20260405T113818Z_xaji0y_s1,public_good_experiment_20260405T113818Z_xaji0y_s1_pgg_r5_g6,public_good_experiment_20260405T113818Z_xaji0y_23,"{""prompt_type"": ""FACILITATOR"", ""prompt_name"": ""public_account_earnings"", ""module"": ""pgg"", ""round"": 5, ""rendered_prompt"": ""Calculate Player ID 23's earnings from the public account this round using the following formula:\n(15 _ 2.0) / 4\nRespond with only the resulting number without providing any explanations."", ""response"": ""7.5""}"
2026-04-05T12:51:51.105466+00:00,facilitator_call,public_good_experiment_20260405T113818Z_xaji0y,public_good_experiment_20260405T113818Z_xaji0y_s1,public_good_experiment_20260405T113818Z_xaji0y_s1_pgg_r5_g6,public_good_experiment_20260405T113818Z_xaji0y_24,"{""prompt_type"": ""FACILITATOR"", ""prompt_name"": ""public_account_earnings"", ""module"": ""pgg"", ""round"": 5, ""rendered_prompt"": ""Calculate Player ID 24's earnings from the public account this round using the following formula:\n(15 _ 2.0) / 4\nRespond with only the resulting number without providing any explanations."", ""response"": ""7.5""}"
2026-04-05T12:51:55.055497+00:00,facilitator_call,public_good_experiment_20260405T113818Z_xaji0y,public_good_experiment_20260405T113818Z_xaji0y_s1,public_good_experiment_20260405T113818Z_xaji0y_s1_pgg_r5_g6,public_good_experiment_20260405T113818Z_xaji0y_21,"{""prompt_type"": ""FACILITATOR"", ""prompt_name"": ""private_account_remaining"", ""module"": ""pgg"", ""round"": 5, ""rendered_prompt"": ""Calculate Player ID 21's remaining private tokens this round using the following formula:\n16 _ 0\nRespond with only the resulting number without any explanations."", ""response"": ""16""}"
2026-04-05T12:52:05.118207+00:00,facilitator_call,public_good_experiment_20260405T113818Z_xaji0y,public_good_experiment_20260405T113818Z_xaji0y_s1,public_good_experiment_20260405T113818Z_xaji0y_s1_pgg_r5_g6,public_good_experiment_20260405T113818Z_xaji0y_22,"{""prompt_type"": ""FACILITATOR"", ""prompt_name"": ""private_account_remaining"", ""module"": ""pgg"", ""round"": 5, ""rendered_prompt"": ""Calculate Player ID 22's remaining private tokens this round using the following formula:\n13 _ 3\nRespond with only the resulting number without any explanations."", ""response"": ""10""}"
2026-04-05T12:52:10.903668+00:00,facilitator_call,public_good_experiment_20260405T113818Z_xaji0y,public_good_experiment_20260405T113818Z_xaji0y_s1,public_good_experiment_20260405T113818Z_xaji0y_s1_pgg_r5_g6,public_good_experiment_20260405T113818Z_xaji0y_23,"{""prompt_type"": ""FACILITATOR"", ""prompt_name"": ""private_account_remaining"", ""module"": ""pgg"", ""round"": 5, ""rendered_prompt"": ""Calculate Player ID 23's remaining private tokens this round using the following formula:\n13 _ 0\nRespond with only the resulting number without any explanations."", ""response"": ""13""}"
2026-04-05T12:52:15.495792+00:00,facilitator_call,public_good_experiment_20260405T113818Z_xaji0y,public_good_experiment_20260405T113818Z_xaji0y_s1,public_good_experiment_20260405T113818Z_xaji0y_s1_pgg_r5_g6,public_good_experiment_20260405T113818Z_xaji0y_24,"{""prompt_type"": ""FACILITATOR"", ""prompt_name"": ""private_account_remaining"", ""module"": ""pgg"", ""round"": 5, ""rendered_prompt"": ""Calculate Player ID 24's remaining private tokens this round using the following formula:\n16 _ 12\nRespond with only the resulting number without any explanations."", ""response"": ""4""}"
2026-04-05T12:52:18.421374+00:00,facilitator_call,public_good_experiment_20260405T113818Z_xaji0y,public_good_experiment_20260405T113818Z_xaji0y_s1,public_good_experiment_20260405T113818Z_xaji0y_s1_pgg_r5_g6,public_good_experiment_20260405T113818Z_xaji0y_21,"{""prompt_type"": ""FACILITATOR"", ""prompt_name"": ""payoff"", ""module"": ""pgg"", ""round"": 5, ""rendered_prompt"": ""Calculate Player ID 21's total earnings this round using the following formula:\n7.5 + 16\nRespond with only the resulting number without any explanations."", ""response"": ""23.5""}"
2026-04-05T12:52:21.553192+00:00,facilitator_call,public_good_experiment_20260405T113818Z_xaji0y,public_good_experiment_20260405T113818Z_xaji0y_s1,public_good_experiment_20260405T113818Z_xaji0y_s1_pgg_r5_g6,public_good_experiment_20260405T113818Z_xaji0y_22,"{""prompt_type"": ""FACILITATOR"", ""prompt_name"": ""payoff"", ""module"": ""pgg"", ""round"": 5, ""rendered_prompt"": ""Calculate Player ID 22's total earnings this round using the following formula:\n7.5 + 10\nRespond with only the resulting number without any explanations."", ""response"": ""17.5""}"
2026-04-05T12:52:24.409364+00:00,facilitator_call,public_good_experiment_20260405T113818Z_xaji0y,public_good_experiment_20260405T113818Z_xaji0y_s1,public_good_experiment_20260405T113818Z_xaji0y_s1_pgg_r5_g6,public_good_experiment_20260405T113818Z_xaji0y_23,"{""prompt_type"": ""FACILITATOR"", ""prompt_name"": ""payoff"", ""module"": ""pgg"", ""round"": 5, ""rendered_prompt"": ""Calculate Player ID 23's total earnings this round using the following formula:\n7.5 + 13\nRespond with only the resulting number without any explanations."", ""response"": ""20.5""}"
2026-04-05T12:52:27.818568+00:00,facilitator_call,public_good_experiment_20260405T113818Z_xaji0y,public_good_experiment_20260405T113818Z_xaji0y_s1,public_good_experiment_20260405T113818Z_xaji0y_s1_pgg_r5_g6,public_good_experiment_20260405T113818Z_xaji0y_24,"{""prompt_type"": ""FACILITATOR"", ""prompt_name"": ""payoff"", ""module"": ""pgg"", ""round"": 5, ""rendered_prompt"": ""Calculate Player ID 24's total earnings this round using the following formula:\n7.5 + 4\nRespond with only the resulting number without any explanations."", ""response"": ""11.5""}"
