timestamp,event_type,run_id,session_id,group_id,agent_instance_id,data
2026-04-05T11:39:22.691530+00:00,facilitator_call,conjoint_policy_experiment_20260405T113918Z_bdod6b,conjoint_policy_experiment_20260405T113918Z_bdod6b_s1,conjoint_policy_experiment_20260405T113918Z_bdod6b_s1_conjoint_r1_g1,conjoint_policy_experiment_20260405T113918Z_bdod6b_1,"{""prompt_type"": ""FACILITATOR"", ""prompt_name"": ""profile_a_tax_rate"", ""module"": ""conjoint"", ""round"": 1, ""rendered_prompt"": ""Without providing any explanation, sample at random from [\""10% flat tax\"", \""Progressive (15-35%)\"", \""Current rates maintained\""]."", ""response"": ""Progressive (15-35%)""}"
2026-04-05T11:39:26.127782+00:00,facilitator_call,conjoint_policy_experiment_20260405T113918Z_bdod6b,conjoint_policy_experiment_20260405T113918Z_bdod6b_s1,conjoint_policy_experiment_20260405T113918Z_bdod6b_s1_conjoint_r1_g1,conjoint_policy_experiment_20260405T113918Z_bdod6b_1,"{""prompt_type"": ""FACILITATOR"", ""prompt_name"": ""profile_a_healthcare_spending"", ""module"": ""conjoint"", ""round"": 1, ""rendered_prompt"": ""Without providing any explanation, sample at random from [\""Increase by 20%\"", \""Maintain current levels\"", \""Decrease by 15%\""]."", ""response"": ""Maintain current levels""}"
2026-04-05T11:39:28.540381+00:00,facilitator_call,conjoint_policy_experiment_20260405T113918Z_bdod6b,conjoint_policy_experiment_20260405T113918Z_bdod6b_s1,conjoint_policy_experiment_20260405T113918Z_bdod6b_s1_conjoint_r1_g1,conjoint_policy_experiment_20260405T113918Z_bdod6b_1,"{""prompt_type"": ""FACILITATOR"", ""prompt_name"": ""profile_a_education_spending"", ""module"": ""conjoint"", ""round"": 1, ""rendered_prompt"": ""Without providing any explanation, sample at random from [\""Double public school funding\"", \""Maintain current levels\"", \""Shift to voucher system\""]."", ""response"": ""Shift to voucher system""}"
2026-04-05T11:39:30.848938+00:00,facilitator_call,conjoint_policy_experiment_20260405T113918Z_bdod6b,conjoint_policy_experiment_20260405T113918Z_bdod6b_s1,conjoint_policy_experiment_20260405T113918Z_bdod6b_s1_conjoint_r1_g1,conjoint_policy_experiment_20260405T113918Z_bdod6b_1,"{""prompt_type"": ""FACILITATOR"", ""prompt_name"": ""profile_a_immigration_policy"", ""module"": ""conjoint"", ""round"": 1, ""rendered_prompt"": ""Without providing any explanation, sample at random from [\""Open borders\"", \""Points-based system\"", \""Reduce by 50%\""]."", ""response"": ""Points-based system""}"
2026-04-05T11:39:33.195682+00:00,facilitator_call,conjoint_policy_experiment_20260405T113918Z_bdod6b,conjoint_policy_experiment_20260405T113918Z_bdod6b_s1,conjoint_policy_experiment_20260405T113918Z_bdod6b_s1_conjoint_r1_g1,conjoint_policy_experiment_20260405T113918Z_bdod6b_1,"{""prompt_type"": ""FACILITATOR"", ""prompt_name"": ""profile_a_climate_policy"", ""module"": ""conjoint"", ""round"": 1, ""rendered_prompt"": ""Without providing any explanation, sample at random from [\""Carbon tax ($50/ton)\"", \""Green subsidies only\"", \""No new regulations\""]."", ""response"": ""Carbon tax ($50/ton)""}"
2026-04-05T11:39:38.137465+00:00,facilitator_call,conjoint_policy_experiment_20260405T113918Z_bdod6b,conjoint_policy_experiment_20260405T113918Z_bdod6b_s1,conjoint_policy_experiment_20260405T113918Z_bdod6b_s1_conjoint_r1_g1,conjoint_policy_experiment_20260405T113918Z_bdod6b_1,"{""prompt_type"": ""FACILITATOR"", ""prompt_name"": ""profile_b_tax_rate"", ""module"": ""conjoint"", ""round"": 1, ""rendered_prompt"": ""Without providing any explanation, sample at random from [\""10% flat tax\"", \""Progressive (15-35%)\"", \""Current rates maintained\""]."", ""response"": ""10% flat tax""}"
2026-04-05T11:39:40.798031+00:00,facilitator_call,conjoint_policy_experiment_20260405T113918Z_bdod6b,conjoint_policy_experiment_20260405T113918Z_bdod6b_s1,conjoint_policy_experiment_20260405T113918Z_bdod6b_s1_conjoint_r1_g1,conjoint_policy_experiment_20260405T113918Z_bdod6b_1,"{""prompt_type"": ""FACILITATOR"", ""prompt_name"": ""profile_b_healthcare_spending"", ""module"": ""conjoint"", ""round"": 1, ""rendered_prompt"": ""Without providing any explanation, sample at random from [\""Increase by 20%\"", \""Maintain current levels\"", \""Decrease by 15%\""]."", ""response"": ""Decrease by 15%""}"
2026-04-05T11:39:43.248812+00:00,facilitator_call,conjoint_policy_experiment_20260405T113918Z_bdod6b,conjoint_policy_experiment_20260405T113918Z_bdod6b_s1,conjoint_policy_experiment_20260405T113918Z_bdod6b_s1_conjoint_r1_g1,conjoint_policy_experiment_20260405T113918Z_bdod6b_1,"{""prompt_type"": ""FACILITATOR"", ""prompt_name"": ""profile_b_education_spending"", ""module"": ""conjoint"", ""round"": 1, ""rendered_prompt"": ""Without providing any explanation, sample at random from [\""Double public school funding\"", \""Maintain current levels\"", \""Shift to voucher system\""]."", ""response"": ""Double public school funding""}"
2026-04-05T11:39:45.730651+00:00,facilitator_call,conjoint_policy_experiment_20260405T113918Z_bdod6b,conjoint_policy_experiment_20260405T113918Z_bdod6b_s1,conjoint_policy_experiment_20260405T113918Z_bdod6b_s1_conjoint_r1_g1,conjoint_policy_experiment_20260405T113918Z_bdod6b_1,"{""prompt_type"": ""FACILITATOR"", ""prompt_name"": ""profile_b_immigration_policy"", ""module"": ""conjoint"", ""round"": 1, ""rendered_prompt"": ""Without providing any explanation, sample at random from [\""Open borders\"", \""Points-based system\"", \""Reduce by 50%\""]."", ""response"": ""Reduce by 50%""}"
2026-04-05T11:39:47.926982+00:00,facilitator_call,conjoint_policy_experiment_20260405T113918Z_bdod6b,conjoint_policy_experiment_20260405T113918Z_bdod6b_s1,conjoint_policy_experiment_20260405T113918Z_bdod6b_s1_conjoint_r1_g1,conjoint_policy_experiment_20260405T113918Z_bdod6b_1,"{""prompt_type"": ""FACILITATOR"", ""prompt_name"": ""profile_b_climate_policy"", ""module"": ""conjoint"", ""round"": 1, ""rendered_prompt"": ""Without providing any explanation, sample at random from [\""Carbon tax ($50/ton)\"", \""Green subsidies only\"", \""No new regulations\""]."", ""response"": ""Green subsidies only""}"
2026-04-05T11:40:04.041797+00:00,facilitator_call,conjoint_policy_experiment_20260405T113918Z_bdod6b,conjoint_policy_experiment_20260405T113918Z_bdod6b_s1,conjoint_policy_experiment_20260405T113918Z_bdod6b_s1_conjoint_r1_g2,conjoint_policy_experiment_20260405T113918Z_bdod6b_2,"{""prompt_type"": ""FACILITATOR"", ""prompt_name"": ""profile_a_tax_rate"", ""module"": ""conjoint"", ""round"": 1, ""rendered_prompt"": ""Without providing any explanation, sample at random from [\""10% flat tax\"", \""Progressive (15-35%)\"", \""Current rates maintained\""]."", ""response"": ""Progressive (15-35%)""}"
2026-04-05T11:40:08.941548+00:00,facilitator_call,conjoint_policy_experiment_20260405T113918Z_bdod6b,conjoint_policy_experiment_20260405T113918Z_bdod6b_s1,conjoint_policy_experiment_20260405T113918Z_bdod6b_s1_conjoint_r1_g2,conjoint_policy_experiment_20260405T113918Z_bdod6b_2,"{""prompt_type"": ""FACILITATOR"", ""prompt_name"": ""profile_a_healthcare_spending"", ""module"": ""conjoint"", ""round"": 1, ""rendered_prompt"": ""Without providing any explanation, sample at random from [\""Increase by 20%\"", \""Maintain current levels\"", \""Decrease by 15%\""]."", ""response"": ""Maintain current levels""}"
2026-04-05T11:40:11.318451+00:00,facilitator_call,conjoint_policy_experiment_20260405T113918Z_bdod6b,conjoint_policy_experiment_20260405T113918Z_bdod6b_s1,conjoint_policy_experiment_20260405T113918Z_bdod6b_s1_conjoint_r1_g2,conjoint_policy_experiment_20260405T113918Z_bdod6b_2,"{""prompt_type"": ""FACILITATOR"", ""prompt_name"": ""profile_a_education_spending"", ""module"": ""conjoint"", ""round"": 1, ""rendered_prompt"": ""Without providing any explanation, sample at random from [\""Double public school funding\"", \""Maintain current levels\"", \""Shift to voucher system\""]."", ""response"": ""Double public school funding""}"
2026-04-05T11:40:13.898991+00:00,facilitator_call,conjoint_policy_experiment_20260405T113918Z_bdod6b,conjoint_policy_experiment_20260405T113918Z_bdod6b_s1,conjoint_policy_experiment_20260405T113918Z_bdod6b_s1_conjoint_r1_g2,conjoint_policy_experiment_20260405T113918Z_bdod6b_2,"{""prompt_type"": ""FACILITATOR"", ""prompt_name"": ""profile_a_immigration_policy"", ""module"": ""conjoint"", ""round"": 1, ""rendered_prompt"": ""Without providing any explanation, sample at random from [\""Open borders\"", \""Points-based system\"", \""Reduce by 50%\""]."", ""response"": ""Points-based system""}"
2026-04-05T11:40:16.415124+00:00,facilitator_call,conjoint_policy_experiment_20260405T113918Z_bdod6b,conjoint_policy_experiment_20260405T113918Z_bdod6b_s1,conjoint_policy_experiment_20260405T113918Z_bdod6b_s1_conjoint_r1_g2,conjoint_policy_experiment_20260405T113918Z_bdod6b_2,"{""prompt_type"": ""FACILITATOR"", ""prompt_name"": ""profile_a_climate_policy"", ""module"": ""conjoint"", ""round"": 1, ""rendered_prompt"": ""Without providing any explanation, sample at random from [\""Carbon tax ($50/ton)\"", \""Green subsidies only\"", \""No new regulations\""]."", ""response"": ""Carbon tax ($50/ton)""}"
2026-04-05T11:40:19.082033+00:00,facilitator_call,conjoint_policy_experiment_20260405T113918Z_bdod6b,conjoint_policy_experiment_20260405T113918Z_bdod6b_s1,conjoint_policy_experiment_20260405T113918Z_bdod6b_s1_conjoint_r1_g2,conjoint_policy_experiment_20260405T113918Z_bdod6b_2,"{""prompt_type"": ""FACILITATOR"", ""prompt_name"": ""profile_b_tax_rate"", ""module"": ""conjoint"", ""round"": 1, ""rendered_prompt"": ""Without providing any explanation, sample at random from [\""10% flat tax\"", \""Progressive (15-35%)\"", \""Current rates maintained\""]."", ""response"": ""10% flat tax""}"
2026-04-05T11:40:22.456846+00:00,facilitator_call,conjoint_policy_experiment_20260405T113918Z_bdod6b,conjoint_policy_experiment_20260405T113918Z_bdod6b_s1,conjoint_policy_experiment_20260405T113918Z_bdod6b_s1_conjoint_r1_g2,conjoint_policy_experiment_20260405T113918Z_bdod6b_2,"{""prompt_type"": ""FACILITATOR"", ""prompt_name"": ""profile_b_healthcare_spending"", ""module"": ""conjoint"", ""round"": 1, ""rendered_prompt"": ""Without providing any explanation, sample at random from [\""Increase by 20%\"", \""Maintain current levels\"", \""Decrease by 15%\""]."", ""response"": ""Decrease by 15%""}"
2026-04-05T11:40:24.611168+00:00,facilitator_call,conjoint_policy_experiment_20260405T113918Z_bdod6b,conjoint_policy_experiment_20260405T113918Z_bdod6b_s1,conjoint_policy_experiment_20260405T113918Z_bdod6b_s1_conjoint_r1_g2,conjoint_policy_experiment_20260405T113918Z_bdod6b_2,"{""prompt_type"": ""FACILITATOR"", ""prompt_name"": ""profile_b_education_spending"", ""module"": ""conjoint"", ""round"": 1, ""rendered_prompt"": ""Without providing any explanation, sample at random from [\""Double public school funding\"", \""Maintain current levels\"", \""Shift to voucher system\""]."", ""response"": ""Shift to voucher system""}"
2026-04-05T11:40:29.730722+00:00,facilitator_call,conjoint_policy_experiment_20260405T113918Z_bdod6b,conjoint_policy_experiment_20260405T113918Z_bdod6b_s1,conjoint_policy_experiment_20260405T113918Z_bdod6b_s1_conjoint_r1_g2,conjoint_policy_experiment_20260405T113918Z_bdod6b_2,"{""prompt_type"": ""FACILITATOR"", ""prompt_name"": ""profile_b_immigration_policy"", ""module"": ""conjoint"", ""round"": 1, ""rendered_prompt"": ""Without providing any explanation, sample at random from [\""Open borders\"", \""Points-based system\"", \""Reduce by 50%\""]."", ""response"": ""Open borders""}"
2026-04-05T11:40:31.869950+00:00,facilitator_call,conjoint_policy_experiment_20260405T113918Z_bdod6b,conjoint_policy_experiment_20260405T113918Z_bdod6b_s1,conjoint_policy_experiment_20260405T113918Z_bdod6b_s1_conjoint_r1_g2,conjoint_policy_experiment_20260405T113918Z_bdod6b_2,"{""prompt_type"": ""FACILITATOR"", ""prompt_name"": ""profile_b_climate_policy"", ""module"": ""conjoint"", ""round"": 1, ""rendered_prompt"": ""Without providing any explanation, sample at random from [\""Carbon tax ($50/ton)\"", \""Green subsidies only\"", \""No new regulations\""]."", ""response"": ""Green subsidies only""}"
2026-04-05T11:40:51.438812+00:00,facilitator_call,conjoint_policy_experiment_20260405T113918Z_bdod6b,conjoint_policy_experiment_20260405T113918Z_bdod6b_s1,conjoint_policy_experiment_20260405T113918Z_bdod6b_s1_conjoint_r1_g3,conjoint_policy_experiment_20260405T113918Z_bdod6b_3,"{""prompt_type"": ""FACILITATOR"", ""prompt_name"": ""profile_a_tax_rate"", ""module"": ""conjoint"", ""round"": 1, ""rendered_prompt"": ""Without providing any explanation, sample at random from [\""10% flat tax\"", \""Progressive (15-35%)\"", \""Current rates maintained\""]."", ""response"": ""Progressive (15-35%)""}"
2026-04-05T11:40:53.898082+00:00,facilitator_call,conjoint_policy_experiment_20260405T113918Z_bdod6b,conjoint_policy_experiment_20260405T113918Z_bdod6b_s1,conjoint_policy_experiment_20260405T113918Z_bdod6b_s1_conjoint_r1_g3,conjoint_policy_experiment_20260405T113918Z_bdod6b_3,"{""prompt_type"": ""FACILITATOR"", ""prompt_name"": ""profile_a_healthcare_spending"", ""module"": ""conjoint"", ""round"": 1, ""rendered_prompt"": ""Without providing any explanation, sample at random from [\""Increase by 20%\"", \""Maintain current levels\"", \""Decrease by 15%\""]."", ""response"": ""Maintain current levels""}"
2026-04-05T11:40:56.283683+00:00,facilitator_call,conjoint_policy_experiment_20260405T113918Z_bdod6b,conjoint_policy_experiment_20260405T113918Z_bdod6b_s1,conjoint_policy_experiment_20260405T113918Z_bdod6b_s1_conjoint_r1_g3,conjoint_policy_experiment_20260405T113918Z_bdod6b_3,"{""prompt_type"": ""FACILITATOR"", ""prompt_name"": ""profile_a_education_spending"", ""module"": ""conjoint"", ""round"": 1, ""rendered_prompt"": ""Without providing any explanation, sample at random from [\""Double public school funding\"", \""Maintain current levels\"", \""Shift to voucher system\""]."", ""response"": ""Shift to voucher system""}"
2026-04-05T11:40:58.337434+00:00,facilitator_call,conjoint_policy_experiment_20260405T113918Z_bdod6b,conjoint_policy_experiment_20260405T113918Z_bdod6b_s1,conjoint_policy_experiment_20260405T113918Z_bdod6b_s1_conjoint_r1_g3,conjoint_policy_experiment_20260405T113918Z_bdod6b_3,"{""prompt_type"": ""FACILITATOR"", ""prompt_name"": ""profile_a_immigration_policy"", ""module"": ""conjoint"", ""round"": 1, ""rendered_prompt"": ""Without providing any explanation, sample at random from [\""Open borders\"", \""Points-based system\"", \""Reduce by 50%\""]."", ""response"": ""Points-based system""}"
2026-04-05T11:41:01.173847+00:00,facilitator_call,conjoint_policy_experiment_20260405T113918Z_bdod6b,conjoint_policy_experiment_20260405T113918Z_bdod6b_s1,conjoint_policy_experiment_20260405T113918Z_bdod6b_s1_conjoint_r1_g3,conjoint_policy_experiment_20260405T113918Z_bdod6b_3,"{""prompt_type"": ""FACILITATOR"", ""prompt_name"": ""profile_a_climate_policy"", ""module"": ""conjoint"", ""round"": 1, ""rendered_prompt"": ""Without providing any explanation, sample at random from [\""Carbon tax ($50/ton)\"", \""Green subsidies only\"", \""No new regulations\""]."", ""response"": ""Green subsidies only""}"
2026-04-05T11:41:05.124599+00:00,facilitator_call,conjoint_policy_experiment_20260405T113918Z_bdod6b,conjoint_policy_experiment_20260405T113918Z_bdod6b_s1,conjoint_policy_experiment_20260405T113918Z_bdod6b_s1_conjoint_r1_g3,conjoint_policy_experiment_20260405T113918Z_bdod6b_3,"{""prompt_type"": ""FACILITATOR"", ""prompt_name"": ""profile_b_tax_rate"", ""module"": ""conjoint"", ""round"": 1, ""rendered_prompt"": ""Without providing any explanation, sample at random from [\""10% flat tax\"", \""Progressive (15-35%)\"", \""Current rates maintained\""]."", ""response"": ""10% flat tax""}"
2026-04-05T11:41:06.964955+00:00,facilitator_call,conjoint_policy_experiment_20260405T113918Z_bdod6b,conjoint_policy_experiment_20260405T113918Z_bdod6b_s1,conjoint_policy_experiment_20260405T113918Z_bdod6b_s1_conjoint_r1_g3,conjoint_policy_experiment_20260405T113918Z_bdod6b_3,"{""prompt_type"": ""FACILITATOR"", ""prompt_name"": ""profile_b_healthcare_spending"", ""module"": ""conjoint"", ""round"": 1, ""rendered_prompt"": ""Without providing any explanation, sample at random from [\""Increase by 20%\"", \""Maintain current levels\"", \""Decrease by 15%\""]."", ""response"": ""Decrease by 15%""}"
2026-04-05T11:41:09.394254+00:00,facilitator_call,conjoint_policy_experiment_20260405T113918Z_bdod6b,conjoint_policy_experiment_20260405T113918Z_bdod6b_s1,conjoint_policy_experiment_20260405T113918Z_bdod6b_s1_conjoint_r1_g3,conjoint_policy_experiment_20260405T113918Z_bdod6b_3,"{""prompt_type"": ""FACILITATOR"", ""prompt_name"": ""profile_b_education_spending"", ""module"": ""conjoint"", ""round"": 1, ""rendered_prompt"": ""Without providing any explanation, sample at random from [\""Double public school funding\"", \""Maintain current levels\"", \""Shift to voucher system\""]."", ""response"": ""Double public school funding""}"
2026-04-05T11:41:11.897224+00:00,facilitator_call,conjoint_policy_experiment_20260405T113918Z_bdod6b,conjoint_policy_experiment_20260405T113918Z_bdod6b_s1,conjoint_policy_experiment_20260405T113918Z_bdod6b_s1_conjoint_r1_g3,conjoint_policy_experiment_20260405T113918Z_bdod6b_3,"{""prompt_type"": ""FACILITATOR"", ""prompt_name"": ""profile_b_immigration_policy"", ""module"": ""conjoint"", ""round"": 1, ""rendered_prompt"": ""Without providing any explanation, sample at random from [\""Open borders\"", \""Points-based system\"", \""Reduce by 50%\""]."", ""response"": ""Open borders""}"
2026-04-05T11:41:14.019494+00:00,facilitator_call,conjoint_policy_experiment_20260405T113918Z_bdod6b,conjoint_policy_experiment_20260405T113918Z_bdod6b_s1,conjoint_policy_experiment_20260405T113918Z_bdod6b_s1_conjoint_r1_g3,conjoint_policy_experiment_20260405T113918Z_bdod6b_3,"{""prompt_type"": ""FACILITATOR"", ""prompt_name"": ""profile_b_climate_policy"", ""module"": ""conjoint"", ""round"": 1, ""rendered_prompt"": ""Without providing any explanation, sample at random from [\""Carbon tax ($50/ton)\"", \""Green subsidies only\"", \""No new regulations\""]."", ""response"": ""Carbon tax ($50/ton)""}"
2026-04-05T11:41:33.959144+00:00,facilitator_call,conjoint_policy_experiment_20260405T113918Z_bdod6b,conjoint_policy_experiment_20260405T113918Z_bdod6b_s1,conjoint_policy_experiment_20260405T113918Z_bdod6b_s1_conjoint_r1_g4,conjoint_policy_experiment_20260405T113918Z_bdod6b_4,"{""prompt_type"": ""FACILITATOR"", ""prompt_name"": ""profile_a_tax_rate"", ""module"": ""conjoint"", ""round"": 1, ""rendered_prompt"": ""Without providing any explanation, sample at random from [\""10% flat tax\"", \""Progressive (15-35%)\"", \""Current rates maintained\""]."", ""response"": ""Progressive (15-35%)""}"
2026-04-05T11:41:37.108810+00:00,facilitator_call,conjoint_policy_experiment_20260405T113918Z_bdod6b,conjoint_policy_experiment_20260405T113918Z_bdod6b_s1,conjoint_policy_experiment_20260405T113918Z_bdod6b_s1_conjoint_r1_g4,conjoint_policy_experiment_20260405T113918Z_bdod6b_4,"{""prompt_type"": ""FACILITATOR"", ""prompt_name"": ""profile_a_healthcare_spending"", ""module"": ""conjoint"", ""round"": 1, ""rendered_prompt"": ""Without providing any explanation, sample at random from [\""Increase by 20%\"", \""Maintain current levels\"", \""Decrease by 15%\""]."", ""response"": ""Increase by 20%""}"
2026-04-05T11:41:40.493791+00:00,facilitator_call,conjoint_policy_experiment_20260405T113918Z_bdod6b,conjoint_policy_experiment_20260405T113918Z_bdod6b_s1,conjoint_policy_experiment_20260405T113918Z_bdod6b_s1_conjoint_r1_g4,conjoint_policy_experiment_20260405T113918Z_bdod6b_4,"{""prompt_type"": ""FACILITATOR"", ""prompt_name"": ""profile_a_education_spending"", ""module"": ""conjoint"", ""round"": 1, ""rendered_prompt"": ""Without providing any explanation, sample at random from [\""Double public school funding\"", \""Maintain current levels\"", \""Shift to voucher system\""]."", ""response"": ""Shift to voucher system""}"
2026-04-05T11:41:43.211380+00:00,facilitator_call,conjoint_policy_experiment_20260405T113918Z_bdod6b,conjoint_policy_experiment_20260405T113918Z_bdod6b_s1,conjoint_policy_experiment_20260405T113918Z_bdod6b_s1_conjoint_r1_g4,conjoint_policy_experiment_20260405T113918Z_bdod6b_4,"{""prompt_type"": ""FACILITATOR"", ""prompt_name"": ""profile_a_immigration_policy"", ""module"": ""conjoint"", ""round"": 1, ""rendered_prompt"": ""Without providing any explanation, sample at random from [\""Open borders\"", \""Points-based system\"", \""Reduce by 50%\""]."", ""response"": ""Points-based system""}"
2026-04-05T11:41:46.173748+00:00,facilitator_call,conjoint_policy_experiment_20260405T113918Z_bdod6b,conjoint_policy_experiment_20260405T113918Z_bdod6b_s1,conjoint_policy_experiment_20260405T113918Z_bdod6b_s1_conjoint_r1_g4,conjoint_policy_experiment_20260405T113918Z_bdod6b_4,"{""prompt_type"": ""FACILITATOR"", ""prompt_name"": ""profile_a_climate_policy"", ""module"": ""conjoint"", ""round"": 1, ""rendered_prompt"": ""Without providing any explanation, sample at random from [\""Carbon tax ($50/ton)\"", \""Green subsidies only\"", \""No new regulations\""]."", ""response"": ""Carbon tax ($50/ton)""}"
2026-04-05T11:41:49.843240+00:00,facilitator_call,conjoint_policy_experiment_20260405T113918Z_bdod6b,conjoint_policy_experiment_20260405T113918Z_bdod6b_s1,conjoint_policy_experiment_20260405T113918Z_bdod6b_s1_conjoint_r1_g4,conjoint_policy_experiment_20260405T113918Z_bdod6b_4,"{""prompt_type"": ""FACILITATOR"", ""prompt_name"": ""profile_b_tax_rate"", ""module"": ""conjoint"", ""round"": 1, ""rendered_prompt"": ""Without providing any explanation, sample at random from [\""10% flat tax\"", \""Progressive (15-35%)\"", \""Current rates maintained\""]."", ""response"": ""10% flat tax""}"
2026-04-05T11:41:52.352498+00:00,facilitator_call,conjoint_policy_experiment_20260405T113918Z_bdod6b,conjoint_policy_experiment_20260405T113918Z_bdod6b_s1,conjoint_policy_experiment_20260405T113918Z_bdod6b_s1_conjoint_r1_g4,conjoint_policy_experiment_20260405T113918Z_bdod6b_4,"{""prompt_type"": ""FACILITATOR"", ""prompt_name"": ""profile_b_healthcare_spending"", ""module"": ""conjoint"", ""round"": 1, ""rendered_prompt"": ""Without providing any explanation, sample at random from [\""Increase by 20%\"", \""Maintain current levels\"", \""Decrease by 15%\""]."", ""response"": ""Decrease by 15%""}"
2026-04-05T11:41:55.184280+00:00,facilitator_call,conjoint_policy_experiment_20260405T113918Z_bdod6b,conjoint_policy_experiment_20260405T113918Z_bdod6b_s1,conjoint_policy_experiment_20260405T113918Z_bdod6b_s1_conjoint_r1_g4,conjoint_policy_experiment_20260405T113918Z_bdod6b_4,"{""prompt_type"": ""FACILITATOR"", ""prompt_name"": ""profile_b_education_spending"", ""module"": ""conjoint"", ""round"": 1, ""rendered_prompt"": ""Without providing any explanation, sample at random from [\""Double public school funding\"", \""Maintain current levels\"", \""Shift to voucher system\""]."", ""response"": ""Maintain current levels""}"
2026-04-05T11:41:57.761767+00:00,facilitator_call,conjoint_policy_experiment_20260405T113918Z_bdod6b,conjoint_policy_experiment_20260405T113918Z_bdod6b_s1,conjoint_policy_experiment_20260405T113918Z_bdod6b_s1_conjoint_r1_g4,conjoint_policy_experiment_20260405T113918Z_bdod6b_4,"{""prompt_type"": ""FACILITATOR"", ""prompt_name"": ""profile_b_immigration_policy"", ""module"": ""conjoint"", ""round"": 1, ""rendered_prompt"": ""Without providing any explanation, sample at random from [\""Open borders\"", \""Points-based system\"", \""Reduce by 50%\""]."", ""response"": ""Open borders""}"
2026-04-05T11:42:00.763630+00:00,facilitator_call,conjoint_policy_experiment_20260405T113918Z_bdod6b,conjoint_policy_experiment_20260405T113918Z_bdod6b_s1,conjoint_policy_experiment_20260405T113918Z_bdod6b_s1_conjoint_r1_g4,conjoint_policy_experiment_20260405T113918Z_bdod6b_4,"{""prompt_type"": ""FACILITATOR"", ""prompt_name"": ""profile_b_climate_policy"", ""module"": ""conjoint"", ""round"": 1, ""rendered_prompt"": ""Without providing any explanation, sample at random from [\""Carbon tax ($50/ton)\"", \""Green subsidies only\"", \""No new regulations\""]."", ""response"": ""Green subsidies only""}"
2026-04-05T11:42:42.087207+00:00,facilitator_call,conjoint_policy_experiment_20260405T113918Z_bdod6b,conjoint_policy_experiment_20260405T113918Z_bdod6b_s1,conjoint_policy_experiment_20260405T113918Z_bdod6b_s1_conjoint_r1_g5,conjoint_policy_experiment_20260405T113918Z_bdod6b_5,"{""prompt_type"": ""FACILITATOR"", ""prompt_name"": ""profile_a_tax_rate"", ""module"": ""conjoint"", ""round"": 1, ""rendered_prompt"": ""Without providing any explanation, sample at random from [\""10% flat tax\"", \""Progressive (15-35%)\"", \""Current rates maintained\""]."", ""response"": ""Progressive (15-35%)""}"
2026-04-05T11:42:43.784188+00:00,facilitator_call,conjoint_policy_experiment_20260405T113918Z_bdod6b,conjoint_policy_experiment_20260405T113918Z_bdod6b_s1,conjoint_policy_experiment_20260405T113918Z_bdod6b_s1_conjoint_r1_g5,conjoint_policy_experiment_20260405T113918Z_bdod6b_5,"{""prompt_type"": ""FACILITATOR"", ""prompt_name"": ""profile_a_healthcare_spending"", ""module"": ""conjoint"", ""round"": 1, ""rendered_prompt"": ""Without providing any explanation, sample at random from [\""Increase by 20%\"", \""Maintain current levels\"", \""Decrease by 15%\""]."", ""response"": ""Maintain current levels""}"
2026-04-05T11:42:46.739468+00:00,facilitator_call,conjoint_policy_experiment_20260405T113918Z_bdod6b,conjoint_policy_experiment_20260405T113918Z_bdod6b_s1,conjoint_policy_experiment_20260405T113918Z_bdod6b_s1_conjoint_r1_g5,conjoint_policy_experiment_20260405T113918Z_bdod6b_5,"{""prompt_type"": ""FACILITATOR"", ""prompt_name"": ""profile_a_education_spending"", ""module"": ""conjoint"", ""round"": 1, ""rendered_prompt"": ""Without providing any explanation, sample at random from [\""Double public school funding\"", \""Maintain current levels\"", \""Shift to voucher system\""]."", ""response"": ""Double public school funding""}"
2026-04-05T11:42:48.858923+00:00,facilitator_call,conjoint_policy_experiment_20260405T113918Z_bdod6b,conjoint_policy_experiment_20260405T113918Z_bdod6b_s1,conjoint_policy_experiment_20260405T113918Z_bdod6b_s1_conjoint_r1_g5,conjoint_policy_experiment_20260405T113918Z_bdod6b_5,"{""prompt_type"": ""FACILITATOR"", ""prompt_name"": ""profile_a_immigration_policy"", ""module"": ""conjoint"", ""round"": 1, ""rendered_prompt"": ""Without providing any explanation, sample at random from [\""Open borders\"", \""Points-based system\"", \""Reduce by 50%\""]."", ""response"": ""Points-based system""}"
2026-04-05T11:42:51.657650+00:00,facilitator_call,conjoint_policy_experiment_20260405T113918Z_bdod6b,conjoint_policy_experiment_20260405T113918Z_bdod6b_s1,conjoint_policy_experiment_20260405T113918Z_bdod6b_s1_conjoint_r1_g5,conjoint_policy_experiment_20260405T113918Z_bdod6b_5,"{""prompt_type"": ""FACILITATOR"", ""prompt_name"": ""profile_a_climate_policy"", ""module"": ""conjoint"", ""round"": 1, ""rendered_prompt"": ""Without providing any explanation, sample at random from [\""Carbon tax ($50/ton)\"", \""Green subsidies only\"", \""No new regulations\""]."", ""response"": ""Green subsidies only""}"
2026-04-05T11:42:54.115090+00:00,facilitator_call,conjoint_policy_experiment_20260405T113918Z_bdod6b,conjoint_policy_experiment_20260405T113918Z_bdod6b_s1,conjoint_policy_experiment_20260405T113918Z_bdod6b_s1_conjoint_r1_g5,conjoint_policy_experiment_20260405T113918Z_bdod6b_5,"{""prompt_type"": ""FACILITATOR"", ""prompt_name"": ""profile_b_tax_rate"", ""module"": ""conjoint"", ""round"": 1, ""rendered_prompt"": ""Without providing any explanation, sample at random from [\""10% flat tax\"", \""Progressive (15-35%)\"", \""Current rates maintained\""]."", ""response"": ""10% flat tax""}"
2026-04-05T11:42:56.059899+00:00,facilitator_call,conjoint_policy_experiment_20260405T113918Z_bdod6b,conjoint_policy_experiment_20260405T113918Z_bdod6b_s1,conjoint_policy_experiment_20260405T113918Z_bdod6b_s1_conjoint_r1_g5,conjoint_policy_experiment_20260405T113918Z_bdod6b_5,"{""prompt_type"": ""FACILITATOR"", ""prompt_name"": ""profile_b_healthcare_spending"", ""module"": ""conjoint"", ""round"": 1, ""rendered_prompt"": ""Without providing any explanation, sample at random from [\""Increase by 20%\"", \""Maintain current levels\"", \""Decrease by 15%\""]."", ""response"": ""Maintain current levels""}"
2026-04-05T11:42:58.618109+00:00,facilitator_call,conjoint_policy_experiment_20260405T113918Z_bdod6b,conjoint_policy_experiment_20260405T113918Z_bdod6b_s1,conjoint_policy_experiment_20260405T113918Z_bdod6b_s1_conjoint_r1_g5,conjoint_policy_experiment_20260405T113918Z_bdod6b_5,"{""prompt_type"": ""FACILITATOR"", ""prompt_name"": ""profile_b_education_spending"", ""module"": ""conjoint"", ""round"": 1, ""rendered_prompt"": ""Without providing any explanation, sample at random from [\""Double public school funding\"", \""Maintain current levels\"", \""Shift to voucher system\""]."", ""response"": ""Shift to voucher system""}"
2026-04-05T11:43:01.084357+00:00,facilitator_call,conjoint_policy_experiment_20260405T113918Z_bdod6b,conjoint_policy_experiment_20260405T113918Z_bdod6b_s1,conjoint_policy_experiment_20260405T113918Z_bdod6b_s1_conjoint_r1_g5,conjoint_policy_experiment_20260405T113918Z_bdod6b_5,"{""prompt_type"": ""FACILITATOR"", ""prompt_name"": ""profile_b_immigration_policy"", ""module"": ""conjoint"", ""round"": 1, ""rendered_prompt"": ""Without providing any explanation, sample at random from [\""Open borders\"", \""Points-based system\"", \""Reduce by 50%\""]."", ""response"": ""Reduce by 50%""}"
2026-04-05T11:43:03.096852+00:00,facilitator_call,conjoint_policy_experiment_20260405T113918Z_bdod6b,conjoint_policy_experiment_20260405T113918Z_bdod6b_s1,conjoint_policy_experiment_20260405T113918Z_bdod6b_s1_conjoint_r1_g5,conjoint_policy_experiment_20260405T113918Z_bdod6b_5,"{""prompt_type"": ""FACILITATOR"", ""prompt_name"": ""profile_b_climate_policy"", ""module"": ""conjoint"", ""round"": 1, ""rendered_prompt"": ""Without providing any explanation, sample at random from [\""Carbon tax ($50/ton)\"", \""Green subsidies only\"", \""No new regulations\""]."", ""response"": ""No new regulations""}"
2026-04-05T11:43:45.221351+00:00,facilitator_call,conjoint_policy_experiment_20260405T113918Z_bdod6b,conjoint_policy_experiment_20260405T113918Z_bdod6b_s1,conjoint_policy_experiment_20260405T113918Z_bdod6b_s1_conjoint_r1_g6,conjoint_policy_experiment_20260405T113918Z_bdod6b_6,"{""prompt_type"": ""FACILITATOR"", ""prompt_name"": ""profile_a_tax_rate"", ""module"": ""conjoint"", ""round"": 1, ""rendered_prompt"": ""Without providing any explanation, sample at random from [\""10% flat tax\"", \""Progressive (15-35%)\"", \""Current rates maintained\""]."", ""response"": ""Progressive (15-35%)""}"
2026-04-05T11:43:47.886427+00:00,facilitator_call,conjoint_policy_experiment_20260405T113918Z_bdod6b,conjoint_policy_experiment_20260405T113918Z_bdod6b_s1,conjoint_policy_experiment_20260405T113918Z_bdod6b_s1_conjoint_r1_g6,conjoint_policy_experiment_20260405T113918Z_bdod6b_6,"{""prompt_type"": ""FACILITATOR"", ""prompt_name"": ""profile_a_healthcare_spending"", ""module"": ""conjoint"", ""round"": 1, ""rendered_prompt"": ""Without providing any explanation, sample at random from [\""Increase by 20%\"", \""Maintain current levels\"", \""Decrease by 15%\""]."", ""response"": ""Decrease by 15%""}"
2026-04-05T11:43:51.152721+00:00,facilitator_call,conjoint_policy_experiment_20260405T113918Z_bdod6b,conjoint_policy_experiment_20260405T113918Z_bdod6b_s1,conjoint_policy_experiment_20260405T113918Z_bdod6b_s1_conjoint_r1_g6,conjoint_policy_experiment_20260405T113918Z_bdod6b_6,"{""prompt_type"": ""FACILITATOR"", ""prompt_name"": ""profile_a_education_spending"", ""module"": ""conjoint"", ""round"": 1, ""rendered_prompt"": ""Without providing any explanation, sample at random from [\""Double public school funding\"", \""Maintain current levels\"", \""Shift to voucher system\""]."", ""response"": ""Shift to voucher system""}"
2026-04-05T11:43:53.308198+00:00,facilitator_call,conjoint_policy_experiment_20260405T113918Z_bdod6b,conjoint_policy_experiment_20260405T113918Z_bdod6b_s1,conjoint_policy_experiment_20260405T113918Z_bdod6b_s1_conjoint_r1_g6,conjoint_policy_experiment_20260405T113918Z_bdod6b_6,"{""prompt_type"": ""FACILITATOR"", ""prompt_name"": ""profile_a_immigration_policy"", ""module"": ""conjoint"", ""round"": 1, ""rendered_prompt"": ""Without providing any explanation, sample at random from [\""Open borders\"", \""Points-based system\"", \""Reduce by 50%\""]."", ""response"": ""Points-based system""}"
2026-04-05T11:43:55.802765+00:00,facilitator_call,conjoint_policy_experiment_20260405T113918Z_bdod6b,conjoint_policy_experiment_20260405T113918Z_bdod6b_s1,conjoint_policy_experiment_20260405T113918Z_bdod6b_s1_conjoint_r1_g6,conjoint_policy_experiment_20260405T113918Z_bdod6b_6,"{""prompt_type"": ""FACILITATOR"", ""prompt_name"": ""profile_a_climate_policy"", ""module"": ""conjoint"", ""round"": 1, ""rendered_prompt"": ""Without providing any explanation, sample at random from [\""Carbon tax ($50/ton)\"", \""Green subsidies only\"", \""No new regulations\""]."", ""response"": ""Green subsidies only""}"
2026-04-05T11:43:59.289120+00:00,facilitator_call,conjoint_policy_experiment_20260405T113918Z_bdod6b,conjoint_policy_experiment_20260405T113918Z_bdod6b_s1,conjoint_policy_experiment_20260405T113918Z_bdod6b_s1_conjoint_r1_g6,conjoint_policy_experiment_20260405T113918Z_bdod6b_6,"{""prompt_type"": ""FACILITATOR"", ""prompt_name"": ""profile_b_tax_rate"", ""module"": ""conjoint"", ""round"": 1, ""rendered_prompt"": ""Without providing any explanation, sample at random from [\""10% flat tax\"", \""Progressive (15-35%)\"", \""Current rates maintained\""]."", ""response"": ""10% flat tax""}"
2026-04-05T11:44:02.361272+00:00,facilitator_call,conjoint_policy_experiment_20260405T113918Z_bdod6b,conjoint_policy_experiment_20260405T113918Z_bdod6b_s1,conjoint_policy_experiment_20260405T113918Z_bdod6b_s1_conjoint_r1_g6,conjoint_policy_experiment_20260405T113918Z_bdod6b_6,"{""prompt_type"": ""FACILITATOR"", ""prompt_name"": ""profile_b_healthcare_spending"", ""module"": ""conjoint"", ""round"": 1, ""rendered_prompt"": ""Without providing any explanation, sample at random from [\""Increase by 20%\"", \""Maintain current levels\"", \""Decrease by 15%\""]."", ""response"": ""Maintain current levels""}"
2026-04-05T11:44:04.767002+00:00,facilitator_call,conjoint_policy_experiment_20260405T113918Z_bdod6b,conjoint_policy_experiment_20260405T113918Z_bdod6b_s1,conjoint_policy_experiment_20260405T113918Z_bdod6b_s1_conjoint_r1_g6,conjoint_policy_experiment_20260405T113918Z_bdod6b_6,"{""prompt_type"": ""FACILITATOR"", ""prompt_name"": ""profile_b_education_spending"", ""module"": ""conjoint"", ""round"": 1, ""rendered_prompt"": ""Without providing any explanation, sample at random from [\""Double public school funding\"", \""Maintain current levels\"", \""Shift to voucher system\""]."", ""response"": ""Double public school funding""}"
2026-04-05T11:44:07.844374+00:00,facilitator_call,conjoint_policy_experiment_20260405T113918Z_bdod6b,conjoint_policy_experiment_20260405T113918Z_bdod6b_s1,conjoint_policy_experiment_20260405T113918Z_bdod6b_s1_conjoint_r1_g6,conjoint_policy_experiment_20260405T113918Z_bdod6b_6,"{""prompt_type"": ""FACILITATOR"", ""prompt_name"": ""profile_b_immigration_policy"", ""module"": ""conjoint"", ""round"": 1, ""rendered_prompt"": ""Without providing any explanation, sample at random from [\""Open borders\"", \""Points-based system\"", \""Reduce by 50%\""]."", ""response"": ""Reduce by 50%""}"
2026-04-05T11:44:10.349975+00:00,facilitator_call,conjoint_policy_experiment_20260405T113918Z_bdod6b,conjoint_policy_experiment_20260405T113918Z_bdod6b_s1,conjoint_policy_experiment_20260405T113918Z_bdod6b_s1_conjoint_r1_g6,conjoint_policy_experiment_20260405T113918Z_bdod6b_6,"{""prompt_type"": ""FACILITATOR"", ""prompt_name"": ""profile_b_climate_policy"", ""module"": ""conjoint"", ""round"": 1, ""rendered_prompt"": ""Without providing any explanation, sample at random from [\""Carbon tax ($50/ton)\"", \""Green subsidies only\"", \""No new regulations\""]."", ""response"": ""Carbon tax ($50/ton)""}"
2026-04-05T11:44:28.491326+00:00,facilitator_call,conjoint_policy_experiment_20260405T113918Z_bdod6b,conjoint_policy_experiment_20260405T113918Z_bdod6b_s1,conjoint_policy_experiment_20260405T113918Z_bdod6b_s1_conjoint_r1_g7,conjoint_policy_experiment_20260405T113918Z_bdod6b_7,"{""prompt_type"": ""FACILITATOR"", ""prompt_name"": ""profile_a_tax_rate"", ""module"": ""conjoint"", ""round"": 1, ""rendered_prompt"": ""Without providing any explanation, sample at random from [\""10% flat tax\"", \""Progressive (15-35%)\"", \""Current rates maintained\""]."", ""response"": ""Progressive (15-35%)""}"
2026-04-05T11:44:30.402307+00:00,facilitator_call,conjoint_policy_experiment_20260405T113918Z_bdod6b,conjoint_policy_experiment_20260405T113918Z_bdod6b_s1,conjoint_policy_experiment_20260405T113918Z_bdod6b_s1_conjoint_r1_g7,conjoint_policy_experiment_20260405T113918Z_bdod6b_7,"{""prompt_type"": ""FACILITATOR"", ""prompt_name"": ""profile_a_healthcare_spending"", ""module"": ""conjoint"", ""round"": 1, ""rendered_prompt"": ""Without providing any explanation, sample at random from [\""Increase by 20%\"", \""Maintain current levels\"", \""Decrease by 15%\""]."", ""response"": ""Maintain current levels""}"
2026-04-05T11:44:33.136666+00:00,facilitator_call,conjoint_policy_experiment_20260405T113918Z_bdod6b,conjoint_policy_experiment_20260405T113918Z_bdod6b_s1,conjoint_policy_experiment_20260405T113918Z_bdod6b_s1_conjoint_r1_g7,conjoint_policy_experiment_20260405T113918Z_bdod6b_7,"{""prompt_type"": ""FACILITATOR"", ""prompt_name"": ""profile_a_education_spending"", ""module"": ""conjoint"", ""round"": 1, ""rendered_prompt"": ""Without providing any explanation, sample at random from [\""Double public school funding\"", \""Maintain current levels\"", \""Shift to voucher system\""]."", ""response"": ""Shift to voucher system""}"
2026-04-05T11:44:38.408103+00:00,facilitator_call,conjoint_policy_experiment_20260405T113918Z_bdod6b,conjoint_policy_experiment_20260405T113918Z_bdod6b_s1,conjoint_policy_experiment_20260405T113918Z_bdod6b_s1_conjoint_r1_g7,conjoint_policy_experiment_20260405T113918Z_bdod6b_7,"{""prompt_type"": ""FACILITATOR"", ""prompt_name"": ""profile_a_immigration_policy"", ""module"": ""conjoint"", ""round"": 1, ""rendered_prompt"": ""Without providing any explanation, sample at random from [\""Open borders\"", \""Points-based system\"", \""Reduce by 50%\""]."", ""response"": ""Points-based system""}"
2026-04-05T11:44:40.778557+00:00,facilitator_call,conjoint_policy_experiment_20260405T113918Z_bdod6b,conjoint_policy_experiment_20260405T113918Z_bdod6b_s1,conjoint_policy_experiment_20260405T113918Z_bdod6b_s1_conjoint_r1_g7,conjoint_policy_experiment_20260405T113918Z_bdod6b_7,"{""prompt_type"": ""FACILITATOR"", ""prompt_name"": ""profile_a_climate_policy"", ""module"": ""conjoint"", ""round"": 1, ""rendered_prompt"": ""Without providing any explanation, sample at random from [\""Carbon tax ($50/ton)\"", \""Green subsidies only\"", \""No new regulations\""]."", ""response"": ""Green subsidies only""}"
2026-04-05T11:44:43.543905+00:00,facilitator_call,conjoint_policy_experiment_20260405T113918Z_bdod6b,conjoint_policy_experiment_20260405T113918Z_bdod6b_s1,conjoint_policy_experiment_20260405T113918Z_bdod6b_s1_conjoint_r1_g7,conjoint_policy_experiment_20260405T113918Z_bdod6b_7,"{""prompt_type"": ""FACILITATOR"", ""prompt_name"": ""profile_b_tax_rate"", ""module"": ""conjoint"", ""round"": 1, ""rendered_prompt"": ""Without providing any explanation, sample at random from [\""10% flat tax\"", \""Progressive (15-35%)\"", \""Current rates maintained\""]."", ""response"": ""Progressive (15-35%)""}"
2026-04-05T11:44:46.613237+00:00,facilitator_call,conjoint_policy_experiment_20260405T113918Z_bdod6b,conjoint_policy_experiment_20260405T113918Z_bdod6b_s1,conjoint_policy_experiment_20260405T113918Z_bdod6b_s1_conjoint_r1_g7,conjoint_policy_experiment_20260405T113918Z_bdod6b_7,"{""prompt_type"": ""FACILITATOR"", ""prompt_name"": ""profile_b_healthcare_spending"", ""module"": ""conjoint"", ""round"": 1, ""rendered_prompt"": ""Without providing any explanation, sample at random from [\""Increase by 20%\"", \""Maintain current levels\"", \""Decrease by 15%\""]."", ""response"": ""Decrease by 15%""}"
2026-04-05T11:44:49.108598+00:00,facilitator_call,conjoint_policy_experiment_20260405T113918Z_bdod6b,conjoint_policy_experiment_20260405T113918Z_bdod6b_s1,conjoint_policy_experiment_20260405T113918Z_bdod6b_s1_conjoint_r1_g7,conjoint_policy_experiment_20260405T113918Z_bdod6b_7,"{""prompt_type"": ""FACILITATOR"", ""prompt_name"": ""profile_b_education_spending"", ""module"": ""conjoint"", ""round"": 1, ""rendered_prompt"": ""Without providing any explanation, sample at random from [\""Double public school funding\"", \""Maintain current levels\"", \""Shift to voucher system\""]."", ""response"": ""Double public school funding""}"
2026-04-05T11:44:51.472471+00:00,facilitator_call,conjoint_policy_experiment_20260405T113918Z_bdod6b,conjoint_policy_experiment_20260405T113918Z_bdod6b_s1,conjoint_policy_experiment_20260405T113918Z_bdod6b_s1_conjoint_r1_g7,conjoint_policy_experiment_20260405T113918Z_bdod6b_7,"{""prompt_type"": ""FACILITATOR"", ""prompt_name"": ""profile_b_immigration_policy"", ""module"": ""conjoint"", ""round"": 1, ""rendered_prompt"": ""Without providing any explanation, sample at random from [\""Open borders\"", \""Points-based system\"", \""Reduce by 50%\""]."", ""response"": ""Points-based system""}"
2026-04-05T11:44:54.071963+00:00,facilitator_call,conjoint_policy_experiment_20260405T113918Z_bdod6b,conjoint_policy_experiment_20260405T113918Z_bdod6b_s1,conjoint_policy_experiment_20260405T113918Z_bdod6b_s1_conjoint_r1_g7,conjoint_policy_experiment_20260405T113918Z_bdod6b_7,"{""prompt_type"": ""FACILITATOR"", ""prompt_name"": ""profile_b_climate_policy"", ""module"": ""conjoint"", ""round"": 1, ""rendered_prompt"": ""Without providing any explanation, sample at random from [\""Carbon tax ($50/ton)\"", \""Green subsidies only\"", \""No new regulations\""]."", ""response"": ""Carbon tax ($50/ton)""}"
2026-04-05T11:45:10.510373+00:00,facilitator_call,conjoint_policy_experiment_20260405T113918Z_bdod6b,conjoint_policy_experiment_20260405T113918Z_bdod6b_s1,conjoint_policy_experiment_20260405T113918Z_bdod6b_s1_conjoint_r1_g8,conjoint_policy_experiment_20260405T113918Z_bdod6b_8,"{""prompt_type"": ""FACILITATOR"", ""prompt_name"": ""profile_a_tax_rate"", ""module"": ""conjoint"", ""round"": 1, ""rendered_prompt"": ""Without providing any explanation, sample at random from [\""10% flat tax\"", \""Progressive (15-35%)\"", \""Current rates maintained\""]."", ""response"": ""Progressive (15-35%)""}"
2026-04-05T11:45:12.818727+00:00,facilitator_call,conjoint_policy_experiment_20260405T113918Z_bdod6b,conjoint_policy_experiment_20260405T113918Z_bdod6b_s1,conjoint_policy_experiment_20260405T113918Z_bdod6b_s1_conjoint_r1_g8,conjoint_policy_experiment_20260405T113918Z_bdod6b_8,"{""prompt_type"": ""FACILITATOR"", ""prompt_name"": ""profile_a_healthcare_spending"", ""module"": ""conjoint"", ""round"": 1, ""rendered_prompt"": ""Without providing any explanation, sample at random from [\""Increase by 20%\"", \""Maintain current levels\"", \""Decrease by 15%\""]."", ""response"": ""Maintain current levels""}"
2026-04-05T11:45:15.725339+00:00,facilitator_call,conjoint_policy_experiment_20260405T113918Z_bdod6b,conjoint_policy_experiment_20260405T113918Z_bdod6b_s1,conjoint_policy_experiment_20260405T113918Z_bdod6b_s1_conjoint_r1_g8,conjoint_policy_experiment_20260405T113918Z_bdod6b_8,"{""prompt_type"": ""FACILITATOR"", ""prompt_name"": ""profile_a_education_spending"", ""module"": ""conjoint"", ""round"": 1, ""rendered_prompt"": ""Without providing any explanation, sample at random from [\""Double public school funding\"", \""Maintain current levels\"", \""Shift to voucher system\""]."", ""response"": ""Double public school funding""}"
2026-04-05T11:45:18.317098+00:00,facilitator_call,conjoint_policy_experiment_20260405T113918Z_bdod6b,conjoint_policy_experiment_20260405T113918Z_bdod6b_s1,conjoint_policy_experiment_20260405T113918Z_bdod6b_s1_conjoint_r1_g8,conjoint_policy_experiment_20260405T113918Z_bdod6b_8,"{""prompt_type"": ""FACILITATOR"", ""prompt_name"": ""profile_a_immigration_policy"", ""module"": ""conjoint"", ""round"": 1, ""rendered_prompt"": ""Without providing any explanation, sample at random from [\""Open borders\"", \""Points-based system\"", \""Reduce by 50%\""]."", ""response"": ""Points-based system""}"
2026-04-05T11:45:20.646095+00:00,facilitator_call,conjoint_policy_experiment_20260405T113918Z_bdod6b,conjoint_policy_experiment_20260405T113918Z_bdod6b_s1,conjoint_policy_experiment_20260405T113918Z_bdod6b_s1_conjoint_r1_g8,conjoint_policy_experiment_20260405T113918Z_bdod6b_8,"{""prompt_type"": ""FACILITATOR"", ""prompt_name"": ""profile_a_climate_policy"", ""module"": ""conjoint"", ""round"": 1, ""rendered_prompt"": ""Without providing any explanation, sample at random from [\""Carbon tax ($50/ton)\"", \""Green subsidies only\"", \""No new regulations\""]."", ""response"": ""Green subsidies only""}"
2026-04-05T11:45:23.621314+00:00,facilitator_call,conjoint_policy_experiment_20260405T113918Z_bdod6b,conjoint_policy_experiment_20260405T113918Z_bdod6b_s1,conjoint_policy_experiment_20260405T113918Z_bdod6b_s1_conjoint_r1_g8,conjoint_policy_experiment_20260405T113918Z_bdod6b_8,"{""prompt_type"": ""FACILITATOR"", ""prompt_name"": ""profile_b_tax_rate"", ""module"": ""conjoint"", ""round"": 1, ""rendered_prompt"": ""Without providing any explanation, sample at random from [\""10% flat tax\"", \""Progressive (15-35%)\"", \""Current rates maintained\""]."", ""response"": ""10% flat tax""}"
2026-04-05T11:45:26.424979+00:00,facilitator_call,conjoint_policy_experiment_20260405T113918Z_bdod6b,conjoint_policy_experiment_20260405T113918Z_bdod6b_s1,conjoint_policy_experiment_20260405T113918Z_bdod6b_s1_conjoint_r1_g8,conjoint_policy_experiment_20260405T113918Z_bdod6b_8,"{""prompt_type"": ""FACILITATOR"", ""prompt_name"": ""profile_b_healthcare_spending"", ""module"": ""conjoint"", ""round"": 1, ""rendered_prompt"": ""Without providing any explanation, sample at random from [\""Increase by 20%\"", \""Maintain current levels\"", \""Decrease by 15%\""]."", ""response"": ""Maintain current levels""}"
2026-04-05T11:45:28.902200+00:00,facilitator_call,conjoint_policy_experiment_20260405T113918Z_bdod6b,conjoint_policy_experiment_20260405T113918Z_bdod6b_s1,conjoint_policy_experiment_20260405T113918Z_bdod6b_s1_conjoint_r1_g8,conjoint_policy_experiment_20260405T113918Z_bdod6b_8,"{""prompt_type"": ""FACILITATOR"", ""prompt_name"": ""profile_b_education_spending"", ""module"": ""conjoint"", ""round"": 1, ""rendered_prompt"": ""Without providing any explanation, sample at random from [\""Double public school funding\"", \""Maintain current levels\"", \""Shift to voucher system\""]."", ""response"": ""Shift to voucher system""}"
2026-04-05T11:45:31.362637+00:00,facilitator_call,conjoint_policy_experiment_20260405T113918Z_bdod6b,conjoint_policy_experiment_20260405T113918Z_bdod6b_s1,conjoint_policy_experiment_20260405T113918Z_bdod6b_s1_conjoint_r1_g8,conjoint_policy_experiment_20260405T113918Z_bdod6b_8,"{""prompt_type"": ""FACILITATOR"", ""prompt_name"": ""profile_b_immigration_policy"", ""module"": ""conjoint"", ""round"": 1, ""rendered_prompt"": ""Without providing any explanation, sample at random from [\""Open borders\"", \""Points-based system\"", \""Reduce by 50%\""]."", ""response"": ""Reduce by 50%""}"
2026-04-05T11:45:33.552271+00:00,facilitator_call,conjoint_policy_experiment_20260405T113918Z_bdod6b,conjoint_policy_experiment_20260405T113918Z_bdod6b_s1,conjoint_policy_experiment_20260405T113918Z_bdod6b_s1_conjoint_r1_g8,conjoint_policy_experiment_20260405T113918Z_bdod6b_8,"{""prompt_type"": ""FACILITATOR"", ""prompt_name"": ""profile_b_climate_policy"", ""module"": ""conjoint"", ""round"": 1, ""rendered_prompt"": ""Without providing any explanation, sample at random from [\""Carbon tax ($50/ton)\"", \""Green subsidies only\"", \""No new regulations\""]."", ""response"": ""Carbon tax ($50/ton)""}"
2026-04-05T11:45:48.128556+00:00,facilitator_call,conjoint_policy_experiment_20260405T113918Z_bdod6b,conjoint_policy_experiment_20260405T113918Z_bdod6b_s1,conjoint_policy_experiment_20260405T113918Z_bdod6b_s1_conjoint_r2_g1,conjoint_policy_experiment_20260405T113918Z_bdod6b_1,"{""prompt_type"": ""FACILITATOR"", ""prompt_name"": ""profile_a_tax_rate"", ""module"": ""conjoint"", ""round"": 2, ""rendered_prompt"": ""Without providing any explanation, sample at random from [\""10% flat tax\"", \""Progressive (15-35%)\"", \""Current rates maintained\""]."", ""response"": ""Progressive (15-35%)""}"
2026-04-05T11:45:50.948123+00:00,facilitator_call,conjoint_policy_experiment_20260405T113918Z_bdod6b,conjoint_policy_experiment_20260405T113918Z_bdod6b_s1,conjoint_policy_experiment_20260405T113918Z_bdod6b_s1_conjoint_r2_g1,conjoint_policy_experiment_20260405T113918Z_bdod6b_1,"{""prompt_type"": ""FACILITATOR"", ""prompt_name"": ""profile_a_healthcare_spending"", ""module"": ""conjoint"", ""round"": 2, ""rendered_prompt"": ""Without providing any explanation, sample at random from [\""Increase by 20%\"", \""Maintain current levels\"", \""Decrease by 15%\""]."", ""response"": ""Maintain current levels""}"
2026-04-05T11:45:53.306753+00:00,facilitator_call,conjoint_policy_experiment_20260405T113918Z_bdod6b,conjoint_policy_experiment_20260405T113918Z_bdod6b_s1,conjoint_policy_experiment_20260405T113918Z_bdod6b_s1_conjoint_r2_g1,conjoint_policy_experiment_20260405T113918Z_bdod6b_1,"{""prompt_type"": ""FACILITATOR"", ""prompt_name"": ""profile_a_education_spending"", ""module"": ""conjoint"", ""round"": 2, ""rendered_prompt"": ""Without providing any explanation, sample at random from [\""Double public school funding\"", \""Maintain current levels\"", \""Shift to voucher system\""]."", ""response"": ""Double public school funding""}"
2026-04-05T11:45:56.269525+00:00,facilitator_call,conjoint_policy_experiment_20260405T113918Z_bdod6b,conjoint_policy_experiment_20260405T113918Z_bdod6b_s1,conjoint_policy_experiment_20260405T113918Z_bdod6b_s1_conjoint_r2_g1,conjoint_policy_experiment_20260405T113918Z_bdod6b_1,"{""prompt_type"": ""FACILITATOR"", ""prompt_name"": ""profile_a_immigration_policy"", ""module"": ""conjoint"", ""round"": 2, ""rendered_prompt"": ""Without providing any explanation, sample at random from [\""Open borders\"", \""Points-based system\"", \""Reduce by 50%\""]."", ""response"": ""Open borders""}"
2026-04-05T11:45:58.745775+00:00,facilitator_call,conjoint_policy_experiment_20260405T113918Z_bdod6b,conjoint_policy_experiment_20260405T113918Z_bdod6b_s1,conjoint_policy_experiment_20260405T113918Z_bdod6b_s1_conjoint_r2_g1,conjoint_policy_experiment_20260405T113918Z_bdod6b_1,"{""prompt_type"": ""FACILITATOR"", ""prompt_name"": ""profile_a_climate_policy"", ""module"": ""conjoint"", ""round"": 2, ""rendered_prompt"": ""Without providing any explanation, sample at random from [\""Carbon tax ($50/ton)\"", \""Green subsidies only\"", \""No new regulations\""]."", ""response"": ""Carbon tax ($50/ton)""}"
2026-04-05T11:46:00.993115+00:00,facilitator_call,conjoint_policy_experiment_20260405T113918Z_bdod6b,conjoint_policy_experiment_20260405T113918Z_bdod6b_s1,conjoint_policy_experiment_20260405T113918Z_bdod6b_s1_conjoint_r2_g1,conjoint_policy_experiment_20260405T113918Z_bdod6b_1,"{""prompt_type"": ""FACILITATOR"", ""prompt_name"": ""profile_b_tax_rate"", ""module"": ""conjoint"", ""round"": 2, ""rendered_prompt"": ""Without providing any explanation, sample at random from [\""10% flat tax\"", \""Progressive (15-35%)\"", \""Current rates maintained\""]."", ""response"": ""Current rates maintained""}"
2026-04-05T11:46:07.356220+00:00,facilitator_call,conjoint_policy_experiment_20260405T113918Z_bdod6b,conjoint_policy_experiment_20260405T113918Z_bdod6b_s1,conjoint_policy_experiment_20260405T113918Z_bdod6b_s1_conjoint_r2_g1,conjoint_policy_experiment_20260405T113918Z_bdod6b_1,"{""prompt_type"": ""FACILITATOR"", ""prompt_name"": ""profile_b_healthcare_spending"", ""module"": ""conjoint"", ""round"": 2, ""rendered_prompt"": ""Without providing any explanation, sample at random from [\""Increase by 20%\"", \""Maintain current levels\"", \""Decrease by 15%\""]."", ""response"": ""Decrease by 15%""}"
2026-04-05T11:46:09.426437+00:00,facilitator_call,conjoint_policy_experiment_20260405T113918Z_bdod6b,conjoint_policy_experiment_20260405T113918Z_bdod6b_s1,conjoint_policy_experiment_20260405T113918Z_bdod6b_s1_conjoint_r2_g1,conjoint_policy_experiment_20260405T113918Z_bdod6b_1,"{""prompt_type"": ""FACILITATOR"", ""prompt_name"": ""profile_b_education_spending"", ""module"": ""conjoint"", ""round"": 2, ""rendered_prompt"": ""Without providing any explanation, sample at random from [\""Double public school funding\"", \""Maintain current levels\"", \""Shift to voucher system\""]."", ""response"": ""Shift to voucher system""}"
2026-04-05T11:46:11.551809+00:00,facilitator_call,conjoint_policy_experiment_20260405T113918Z_bdod6b,conjoint_policy_experiment_20260405T113918Z_bdod6b_s1,conjoint_policy_experiment_20260405T113918Z_bdod6b_s1_conjoint_r2_g1,conjoint_policy_experiment_20260405T113918Z_bdod6b_1,"{""prompt_type"": ""FACILITATOR"", ""prompt_name"": ""profile_b_immigration_policy"", ""module"": ""conjoint"", ""round"": 2, ""rendered_prompt"": ""Without providing any explanation, sample at random from [\""Open borders\"", \""Points-based system\"", \""Reduce by 50%\""]."", ""response"": ""Points-based system""}"
2026-04-05T11:46:14.285841+00:00,facilitator_call,conjoint_policy_experiment_20260405T113918Z_bdod6b,conjoint_policy_experiment_20260405T113918Z_bdod6b_s1,conjoint_policy_experiment_20260405T113918Z_bdod6b_s1_conjoint_r2_g1,conjoint_policy_experiment_20260405T113918Z_bdod6b_1,"{""prompt_type"": ""FACILITATOR"", ""prompt_name"": ""profile_b_climate_policy"", ""module"": ""conjoint"", ""round"": 2, ""rendered_prompt"": ""Without providing any explanation, sample at random from [\""Carbon tax ($50/ton)\"", \""Green subsidies only\"", \""No new regulations\""]."", ""response"": ""Green subsidies only""}"
2026-04-05T11:46:28.193116+00:00,facilitator_call,conjoint_policy_experiment_20260405T113918Z_bdod6b,conjoint_policy_experiment_20260405T113918Z_bdod6b_s1,conjoint_policy_experiment_20260405T113918Z_bdod6b_s1_conjoint_r2_g2,conjoint_policy_experiment_20260405T113918Z_bdod6b_2,"{""prompt_type"": ""FACILITATOR"", ""prompt_name"": ""profile_a_tax_rate"", ""module"": ""conjoint"", ""round"": 2, ""rendered_prompt"": ""Without providing any explanation, sample at random from [\""10% flat tax\"", \""Progressive (15-35%)\"", \""Current rates maintained\""]."", ""response"": ""Progressive (15-35%)""}"
2026-04-05T11:46:30.427825+00:00,facilitator_call,conjoint_policy_experiment_20260405T113918Z_bdod6b,conjoint_policy_experiment_20260405T113918Z_bdod6b_s1,conjoint_policy_experiment_20260405T113918Z_bdod6b_s1_conjoint_r2_g2,conjoint_policy_experiment_20260405T113918Z_bdod6b_2,"{""prompt_type"": ""FACILITATOR"", ""prompt_name"": ""profile_a_healthcare_spending"", ""module"": ""conjoint"", ""round"": 2, ""rendered_prompt"": ""Without providing any explanation, sample at random from [\""Increase by 20%\"", \""Maintain current levels\"", \""Decrease by 15%\""]."", ""response"": ""Maintain current levels""}"
2026-04-05T11:46:32.379838+00:00,facilitator_call,conjoint_policy_experiment_20260405T113918Z_bdod6b,conjoint_policy_experiment_20260405T113918Z_bdod6b_s1,conjoint_policy_experiment_20260405T113918Z_bdod6b_s1_conjoint_r2_g2,conjoint_policy_experiment_20260405T113918Z_bdod6b_2,"{""prompt_type"": ""FACILITATOR"", ""prompt_name"": ""profile_a_education_spending"", ""module"": ""conjoint"", ""round"": 2, ""rendered_prompt"": ""Without providing any explanation, sample at random from [\""Double public school funding\"", \""Maintain current levels\"", \""Shift to voucher system\""]."", ""response"": ""Double public school funding""}"
2026-04-05T11:46:35.473356+00:00,facilitator_call,conjoint_policy_experiment_20260405T113918Z_bdod6b,conjoint_policy_experiment_20260405T113918Z_bdod6b_s1,conjoint_policy_experiment_20260405T113918Z_bdod6b_s1_conjoint_r2_g2,conjoint_policy_experiment_20260405T113918Z_bdod6b_2,"{""prompt_type"": ""FACILITATOR"", ""prompt_name"": ""profile_a_immigration_policy"", ""module"": ""conjoint"", ""round"": 2, ""rendered_prompt"": ""Without providing any explanation, sample at random from [\""Open borders\"", \""Points-based system\"", \""Reduce by 50%\""]."", ""response"": ""Points-based system""}"
2026-04-05T11:46:38.612382+00:00,facilitator_call,conjoint_policy_experiment_20260405T113918Z_bdod6b,conjoint_policy_experiment_20260405T113918Z_bdod6b_s1,conjoint_policy_experiment_20260405T113918Z_bdod6b_s1_conjoint_r2_g2,conjoint_policy_experiment_20260405T113918Z_bdod6b_2,"{""prompt_type"": ""FACILITATOR"", ""prompt_name"": ""profile_a_climate_policy"", ""module"": ""conjoint"", ""round"": 2, ""rendered_prompt"": ""Without providing any explanation, sample at random from [\""Carbon tax ($50/ton)\"", \""Green subsidies only\"", \""No new regulations\""]."", ""response"": ""No new regulations""}"
2026-04-05T11:46:42.898638+00:00,facilitator_call,conjoint_policy_experiment_20260405T113918Z_bdod6b,conjoint_policy_experiment_20260405T113918Z_bdod6b_s1,conjoint_policy_experiment_20260405T113918Z_bdod6b_s1_conjoint_r2_g2,conjoint_policy_experiment_20260405T113918Z_bdod6b_2,"{""prompt_type"": ""FACILITATOR"", ""prompt_name"": ""profile_b_tax_rate"", ""module"": ""conjoint"", ""round"": 2, ""rendered_prompt"": ""Without providing any explanation, sample at random from [\""10% flat tax\"", \""Progressive (15-35%)\"", \""Current rates maintained\""]."", ""response"": ""10% flat tax""}"
2026-04-05T11:47:01.655003+00:00,facilitator_call,conjoint_policy_experiment_20260405T113918Z_bdod6b,conjoint_policy_experiment_20260405T113918Z_bdod6b_s1,conjoint_policy_experiment_20260405T113918Z_bdod6b_s1_conjoint_r2_g2,conjoint_policy_experiment_20260405T113918Z_bdod6b_2,"{""prompt_type"": ""FACILITATOR"", ""prompt_name"": ""profile_b_healthcare_spending"", ""module"": ""conjoint"", ""round"": 2, ""rendered_prompt"": ""Without providing any explanation, sample at random from [\""Increase by 20%\"", \""Maintain current levels\"", \""Decrease by 15%\""]."", ""response"": ""Increase by 20%""}"
2026-04-05T11:47:03.974913+00:00,facilitator_call,conjoint_policy_experiment_20260405T113918Z_bdod6b,conjoint_policy_experiment_20260405T113918Z_bdod6b_s1,conjoint_policy_experiment_20260405T113918Z_bdod6b_s1_conjoint_r2_g2,conjoint_policy_experiment_20260405T113918Z_bdod6b_2,"{""prompt_type"": ""FACILITATOR"", ""prompt_name"": ""profile_b_education_spending"", ""module"": ""conjoint"", ""round"": 2, ""rendered_prompt"": ""Without providing any explanation, sample at random from [\""Double public school funding\"", \""Maintain current levels\"", \""Shift to voucher system\""]."", ""response"": ""Maintain current levels""}"
2026-04-05T11:47:05.715055+00:00,facilitator_call,conjoint_policy_experiment_20260405T113918Z_bdod6b,conjoint_policy_experiment_20260405T113918Z_bdod6b_s1,conjoint_policy_experiment_20260405T113918Z_bdod6b_s1_conjoint_r2_g2,conjoint_policy_experiment_20260405T113918Z_bdod6b_2,"{""prompt_type"": ""FACILITATOR"", ""prompt_name"": ""profile_b_immigration_policy"", ""module"": ""conjoint"", ""round"": 2, ""rendered_prompt"": ""Without providing any explanation, sample at random from [\""Open borders\"", \""Points-based system\"", \""Reduce by 50%\""]."", ""response"": ""Reduce by 50%""}"
2026-04-05T11:47:08.277634+00:00,facilitator_call,conjoint_policy_experiment_20260405T113918Z_bdod6b,conjoint_policy_experiment_20260405T113918Z_bdod6b_s1,conjoint_policy_experiment_20260405T113918Z_bdod6b_s1_conjoint_r2_g2,conjoint_policy_experiment_20260405T113918Z_bdod6b_2,"{""prompt_type"": ""FACILITATOR"", ""prompt_name"": ""profile_b_climate_policy"", ""module"": ""conjoint"", ""round"": 2, ""rendered_prompt"": ""Without providing any explanation, sample at random from [\""Carbon tax ($50/ton)\"", \""Green subsidies only\"", \""No new regulations\""]."", ""response"": ""Green subsidies only""}"
2026-04-05T11:47:24.845618+00:00,facilitator_call,conjoint_policy_experiment_20260405T113918Z_bdod6b,conjoint_policy_experiment_20260405T113918Z_bdod6b_s1,conjoint_policy_experiment_20260405T113918Z_bdod6b_s1_conjoint_r2_g3,conjoint_policy_experiment_20260405T113918Z_bdod6b_3,"{""prompt_type"": ""FACILITATOR"", ""prompt_name"": ""profile_a_tax_rate"", ""module"": ""conjoint"", ""round"": 2, ""rendered_prompt"": ""Without providing any explanation, sample at random from [\""10% flat tax\"", \""Progressive (15-35%)\"", \""Current rates maintained\""]."", ""response"": ""10% flat tax""}"
2026-04-05T11:47:27.481814+00:00,facilitator_call,conjoint_policy_experiment_20260405T113918Z_bdod6b,conjoint_policy_experiment_20260405T113918Z_bdod6b_s1,conjoint_policy_experiment_20260405T113918Z_bdod6b_s1_conjoint_r2_g3,conjoint_policy_experiment_20260405T113918Z_bdod6b_3,"{""prompt_type"": ""FACILITATOR"", ""prompt_name"": ""profile_a_healthcare_spending"", ""module"": ""conjoint"", ""round"": 2, ""rendered_prompt"": ""Without providing any explanation, sample at random from [\""Increase by 20%\"", \""Maintain current levels\"", \""Decrease by 15%\""]."", ""response"": ""Maintain current levels""}"
2026-04-05T11:47:30.094034+00:00,facilitator_call,conjoint_policy_experiment_20260405T113918Z_bdod6b,conjoint_policy_experiment_20260405T113918Z_bdod6b_s1,conjoint_policy_experiment_20260405T113918Z_bdod6b_s1_conjoint_r2_g3,conjoint_policy_experiment_20260405T113918Z_bdod6b_3,"{""prompt_type"": ""FACILITATOR"", ""prompt_name"": ""profile_a_education_spending"", ""module"": ""conjoint"", ""round"": 2, ""rendered_prompt"": ""Without providing any explanation, sample at random from [\""Double public school funding\"", \""Maintain current levels\"", \""Shift to voucher system\""]."", ""response"": ""Shift to voucher system""}"
2026-04-05T11:47:31.753172+00:00,facilitator_call,conjoint_policy_experiment_20260405T113918Z_bdod6b,conjoint_policy_experiment_20260405T113918Z_bdod6b_s1,conjoint_policy_experiment_20260405T113918Z_bdod6b_s1_conjoint_r2_g3,conjoint_policy_experiment_20260405T113918Z_bdod6b_3,"{""prompt_type"": ""FACILITATOR"", ""prompt_name"": ""profile_a_immigration_policy"", ""module"": ""conjoint"", ""round"": 2, ""rendered_prompt"": ""Without providing any explanation, sample at random from [\""Open borders\"", \""Points-based system\"", \""Reduce by 50%\""]."", ""response"": ""Reduce by 50%""}"
2026-04-05T11:47:34.347444+00:00,facilitator_call,conjoint_policy_experiment_20260405T113918Z_bdod6b,conjoint_policy_experiment_20260405T113918Z_bdod6b_s1,conjoint_policy_experiment_20260405T113918Z_bdod6b_s1_conjoint_r2_g3,conjoint_policy_experiment_20260405T113918Z_bdod6b_3,"{""prompt_type"": ""FACILITATOR"", ""prompt_name"": ""profile_a_climate_policy"", ""module"": ""conjoint"", ""round"": 2, ""rendered_prompt"": ""Without providing any explanation, sample at random from [\""Carbon tax ($50/ton)\"", \""Green subsidies only\"", \""No new regulations\""]."", ""response"": ""Green subsidies only""}"
2026-04-05T11:47:38.075281+00:00,facilitator_call,conjoint_policy_experiment_20260405T113918Z_bdod6b,conjoint_policy_experiment_20260405T113918Z_bdod6b_s1,conjoint_policy_experiment_20260405T113918Z_bdod6b_s1_conjoint_r2_g3,conjoint_policy_experiment_20260405T113918Z_bdod6b_3,"{""prompt_type"": ""FACILITATOR"", ""prompt_name"": ""profile_b_tax_rate"", ""module"": ""conjoint"", ""round"": 2, ""rendered_prompt"": ""Without providing any explanation, sample at random from [\""10% flat tax\"", \""Progressive (15-35%)\"", \""Current rates maintained\""]."", ""response"": ""Progressive (15-35%)""}"
2026-04-05T11:47:40.375721+00:00,facilitator_call,conjoint_policy_experiment_20260405T113918Z_bdod6b,conjoint_policy_experiment_20260405T113918Z_bdod6b_s1,conjoint_policy_experiment_20260405T113918Z_bdod6b_s1_conjoint_r2_g3,conjoint_policy_experiment_20260405T113918Z_bdod6b_3,"{""prompt_type"": ""FACILITATOR"", ""prompt_name"": ""profile_b_healthcare_spending"", ""module"": ""conjoint"", ""round"": 2, ""rendered_prompt"": ""Without providing any explanation, sample at random from [\""Increase by 20%\"", \""Maintain current levels\"", \""Decrease by 15%\""]."", ""response"": ""Increase by 20%""}"
2026-04-05T11:47:43.981659+00:00,facilitator_call,conjoint_policy_experiment_20260405T113918Z_bdod6b,conjoint_policy_experiment_20260405T113918Z_bdod6b_s1,conjoint_policy_experiment_20260405T113918Z_bdod6b_s1_conjoint_r2_g3,conjoint_policy_experiment_20260405T113918Z_bdod6b_3,"{""prompt_type"": ""FACILITATOR"", ""prompt_name"": ""profile_b_education_spending"", ""module"": ""conjoint"", ""round"": 2, ""rendered_prompt"": ""Without providing any explanation, sample at random from [\""Double public school funding\"", \""Maintain current levels\"", \""Shift to voucher system\""]."", ""response"": ""Maintain current levels""}"
2026-04-05T11:47:46.159893+00:00,facilitator_call,conjoint_policy_experiment_20260405T113918Z_bdod6b,conjoint_policy_experiment_20260405T113918Z_bdod6b_s1,conjoint_policy_experiment_20260405T113918Z_bdod6b_s1_conjoint_r2_g3,conjoint_policy_experiment_20260405T113918Z_bdod6b_3,"{""prompt_type"": ""FACILITATOR"", ""prompt_name"": ""profile_b_immigration_policy"", ""module"": ""conjoint"", ""round"": 2, ""rendered_prompt"": ""Without providing any explanation, sample at random from [\""Open borders\"", \""Points-based system\"", \""Reduce by 50%\""]."", ""response"": ""Open borders""}"
2026-04-05T11:47:47.648720+00:00,facilitator_call,conjoint_policy_experiment_20260405T113918Z_bdod6b,conjoint_policy_experiment_20260405T113918Z_bdod6b_s1,conjoint_policy_experiment_20260405T113918Z_bdod6b_s1_conjoint_r2_g3,conjoint_policy_experiment_20260405T113918Z_bdod6b_3,"{""prompt_type"": ""FACILITATOR"", ""prompt_name"": ""profile_b_climate_policy"", ""module"": ""conjoint"", ""round"": 2, ""rendered_prompt"": ""Without providing any explanation, sample at random from [\""Carbon tax ($50/ton)\"", \""Green subsidies only\"", \""No new regulations\""]."", ""response"": ""No new regulations""}"
2026-04-05T11:48:05.084177+00:00,facilitator_call,conjoint_policy_experiment_20260405T113918Z_bdod6b,conjoint_policy_experiment_20260405T113918Z_bdod6b_s1,conjoint_policy_experiment_20260405T113918Z_bdod6b_s1_conjoint_r2_g4,conjoint_policy_experiment_20260405T113918Z_bdod6b_4,"{""prompt_type"": ""FACILITATOR"", ""prompt_name"": ""profile_a_tax_rate"", ""module"": ""conjoint"", ""round"": 2, ""rendered_prompt"": ""Without providing any explanation, sample at random from [\""10% flat tax\"", \""Progressive (15-35%)\"", \""Current rates maintained\""]."", ""response"": ""Current rates maintained""}"
2026-04-05T11:48:07.158230+00:00,facilitator_call,conjoint_policy_experiment_20260405T113918Z_bdod6b,conjoint_policy_experiment_20260405T113918Z_bdod6b_s1,conjoint_policy_experiment_20260405T113918Z_bdod6b_s1_conjoint_r2_g4,conjoint_policy_experiment_20260405T113918Z_bdod6b_4,"{""prompt_type"": ""FACILITATOR"", ""prompt_name"": ""profile_a_healthcare_spending"", ""module"": ""conjoint"", ""round"": 2, ""rendered_prompt"": ""Without providing any explanation, sample at random from [\""Increase by 20%\"", \""Maintain current levels\"", \""Decrease by 15%\""]."", ""response"": ""Maintain current levels""}"
2026-04-05T11:48:09.715891+00:00,facilitator_call,conjoint_policy_experiment_20260405T113918Z_bdod6b,conjoint_policy_experiment_20260405T113918Z_bdod6b_s1,conjoint_policy_experiment_20260405T113918Z_bdod6b_s1_conjoint_r2_g4,conjoint_policy_experiment_20260405T113918Z_bdod6b_4,"{""prompt_type"": ""FACILITATOR"", ""prompt_name"": ""profile_a_education_spending"", ""module"": ""conjoint"", ""round"": 2, ""rendered_prompt"": ""Without providing any explanation, sample at random from [\""Double public school funding\"", \""Maintain current levels\"", \""Shift to voucher system\""]."", ""response"": ""Double public school funding""}"
2026-04-05T11:48:11.591788+00:00,facilitator_call,conjoint_policy_experiment_20260405T113918Z_bdod6b,conjoint_policy_experiment_20260405T113918Z_bdod6b_s1,conjoint_policy_experiment_20260405T113918Z_bdod6b_s1_conjoint_r2_g4,conjoint_policy_experiment_20260405T113918Z_bdod6b_4,"{""prompt_type"": ""FACILITATOR"", ""prompt_name"": ""profile_a_immigration_policy"", ""module"": ""conjoint"", ""round"": 2, ""rendered_prompt"": ""Without providing any explanation, sample at random from [\""Open borders\"", \""Points-based system\"", \""Reduce by 50%\""]."", ""response"": ""Reduce by 50%""}"
2026-04-05T11:48:14.055320+00:00,facilitator_call,conjoint_policy_experiment_20260405T113918Z_bdod6b,conjoint_policy_experiment_20260405T113918Z_bdod6b_s1,conjoint_policy_experiment_20260405T113918Z_bdod6b_s1_conjoint_r2_g4,conjoint_policy_experiment_20260405T113918Z_bdod6b_4,"{""prompt_type"": ""FACILITATOR"", ""prompt_name"": ""profile_a_climate_policy"", ""module"": ""conjoint"", ""round"": 2, ""rendered_prompt"": ""Without providing any explanation, sample at random from [\""Carbon tax ($50/ton)\"", \""Green subsidies only\"", \""No new regulations\""]."", ""response"": ""No new regulations""}"
2026-04-05T11:48:16.069915+00:00,facilitator_call,conjoint_policy_experiment_20260405T113918Z_bdod6b,conjoint_policy_experiment_20260405T113918Z_bdod6b_s1,conjoint_policy_experiment_20260405T113918Z_bdod6b_s1_conjoint_r2_g4,conjoint_policy_experiment_20260405T113918Z_bdod6b_4,"{""prompt_type"": ""FACILITATOR"", ""prompt_name"": ""profile_b_tax_rate"", ""module"": ""conjoint"", ""round"": 2, ""rendered_prompt"": ""Without providing any explanation, sample at random from [\""10% flat tax\"", \""Progressive (15-35%)\"", \""Current rates maintained\""]."", ""response"": ""Current rates maintained""}"
2026-04-05T11:48:19.522408+00:00,facilitator_call,conjoint_policy_experiment_20260405T113918Z_bdod6b,conjoint_policy_experiment_20260405T113918Z_bdod6b_s1,conjoint_policy_experiment_20260405T113918Z_bdod6b_s1_conjoint_r2_g4,conjoint_policy_experiment_20260405T113918Z_bdod6b_4,"{""prompt_type"": ""FACILITATOR"", ""prompt_name"": ""profile_b_healthcare_spending"", ""module"": ""conjoint"", ""round"": 2, ""rendered_prompt"": ""Without providing any explanation, sample at random from [\""Increase by 20%\"", \""Maintain current levels\"", \""Decrease by 15%\""]."", ""response"": ""Decrease by 15%""}"
2026-04-05T11:48:23.379809+00:00,facilitator_call,conjoint_policy_experiment_20260405T113918Z_bdod6b,conjoint_policy_experiment_20260405T113918Z_bdod6b_s1,conjoint_policy_experiment_20260405T113918Z_bdod6b_s1_conjoint_r2_g4,conjoint_policy_experiment_20260405T113918Z_bdod6b_4,"{""prompt_type"": ""FACILITATOR"", ""prompt_name"": ""profile_b_education_spending"", ""module"": ""conjoint"", ""round"": 2, ""rendered_prompt"": ""Without providing any explanation, sample at random from [\""Double public school funding\"", \""Maintain current levels\"", \""Shift to voucher system\""]."", ""response"": ""Maintain current levels""}"
2026-04-05T11:48:25.935947+00:00,facilitator_call,conjoint_policy_experiment_20260405T113918Z_bdod6b,conjoint_policy_experiment_20260405T113918Z_bdod6b_s1,conjoint_policy_experiment_20260405T113918Z_bdod6b_s1_conjoint_r2_g4,conjoint_policy_experiment_20260405T113918Z_bdod6b_4,"{""prompt_type"": ""FACILITATOR"", ""prompt_name"": ""profile_b_immigration_policy"", ""module"": ""conjoint"", ""round"": 2, ""rendered_prompt"": ""Without providing any explanation, sample at random from [\""Open borders\"", \""Points-based system\"", \""Reduce by 50%\""]."", ""response"": ""Points-based system""}"
2026-04-05T11:48:27.942895+00:00,facilitator_call,conjoint_policy_experiment_20260405T113918Z_bdod6b,conjoint_policy_experiment_20260405T113918Z_bdod6b_s1,conjoint_policy_experiment_20260405T113918Z_bdod6b_s1_conjoint_r2_g4,conjoint_policy_experiment_20260405T113918Z_bdod6b_4,"{""prompt_type"": ""FACILITATOR"", ""prompt_name"": ""profile_b_climate_policy"", ""module"": ""conjoint"", ""round"": 2, ""rendered_prompt"": ""Without providing any explanation, sample at random from [\""Carbon tax ($50/ton)\"", \""Green subsidies only\"", \""No new regulations\""]."", ""response"": ""Green subsidies only""}"
2026-04-05T11:48:43.922889+00:00,facilitator_call,conjoint_policy_experiment_20260405T113918Z_bdod6b,conjoint_policy_experiment_20260405T113918Z_bdod6b_s1,conjoint_policy_experiment_20260405T113918Z_bdod6b_s1_conjoint_r2_g5,conjoint_policy_experiment_20260405T113918Z_bdod6b_5,"{""prompt_type"": ""FACILITATOR"", ""prompt_name"": ""profile_a_tax_rate"", ""module"": ""conjoint"", ""round"": 2, ""rendered_prompt"": ""Without providing any explanation, sample at random from [\""10% flat tax\"", \""Progressive (15-35%)\"", \""Current rates maintained\""]."", ""response"": ""Current rates maintained""}"
2026-04-05T11:48:46.022361+00:00,facilitator_call,conjoint_policy_experiment_20260405T113918Z_bdod6b,conjoint_policy_experiment_20260405T113918Z_bdod6b_s1,conjoint_policy_experiment_20260405T113918Z_bdod6b_s1_conjoint_r2_g5,conjoint_policy_experiment_20260405T113918Z_bdod6b_5,"{""prompt_type"": ""FACILITATOR"", ""prompt_name"": ""profile_a_healthcare_spending"", ""module"": ""conjoint"", ""round"": 2, ""rendered_prompt"": ""Without providing any explanation, sample at random from [\""Increase by 20%\"", \""Maintain current levels\"", \""Decrease by 15%\""]."", ""response"": ""Decrease by 15%""}"
2026-04-05T11:48:48.633592+00:00,facilitator_call,conjoint_policy_experiment_20260405T113918Z_bdod6b,conjoint_policy_experiment_20260405T113918Z_bdod6b_s1,conjoint_policy_experiment_20260405T113918Z_bdod6b_s1_conjoint_r2_g5,conjoint_policy_experiment_20260405T113918Z_bdod6b_5,"{""prompt_type"": ""FACILITATOR"", ""prompt_name"": ""profile_a_education_spending"", ""module"": ""conjoint"", ""round"": 2, ""rendered_prompt"": ""Without providing any explanation, sample at random from [\""Double public school funding\"", \""Maintain current levels\"", \""Shift to voucher system\""]."", ""response"": ""Double public school funding""}"
2026-04-05T11:48:52.927314+00:00,facilitator_call,conjoint_policy_experiment_20260405T113918Z_bdod6b,conjoint_policy_experiment_20260405T113918Z_bdod6b_s1,conjoint_policy_experiment_20260405T113918Z_bdod6b_s1_conjoint_r2_g5,conjoint_policy_experiment_20260405T113918Z_bdod6b_5,"{""prompt_type"": ""FACILITATOR"", ""prompt_name"": ""profile_a_immigration_policy"", ""module"": ""conjoint"", ""round"": 2, ""rendered_prompt"": ""Without providing any explanation, sample at random from [\""Open borders\"", \""Points-based system\"", \""Reduce by 50%\""]."", ""response"": ""Open borders""}"
2026-04-05T11:48:55.981530+00:00,facilitator_call,conjoint_policy_experiment_20260405T113918Z_bdod6b,conjoint_policy_experiment_20260405T113918Z_bdod6b_s1,conjoint_policy_experiment_20260405T113918Z_bdod6b_s1_conjoint_r2_g5,conjoint_policy_experiment_20260405T113918Z_bdod6b_5,"{""prompt_type"": ""FACILITATOR"", ""prompt_name"": ""profile_a_climate_policy"", ""module"": ""conjoint"", ""round"": 2, ""rendered_prompt"": ""Without providing any explanation, sample at random from [\""Carbon tax ($50/ton)\"", \""Green subsidies only\"", \""No new regulations\""]."", ""response"": ""Green subsidies only""}"
2026-04-05T11:48:59.285977+00:00,facilitator_call,conjoint_policy_experiment_20260405T113918Z_bdod6b,conjoint_policy_experiment_20260405T113918Z_bdod6b_s1,conjoint_policy_experiment_20260405T113918Z_bdod6b_s1_conjoint_r2_g5,conjoint_policy_experiment_20260405T113918Z_bdod6b_5,"{""prompt_type"": ""FACILITATOR"", ""prompt_name"": ""profile_b_tax_rate"", ""module"": ""conjoint"", ""round"": 2, ""rendered_prompt"": ""Without providing any explanation, sample at random from [\""10% flat tax\"", \""Progressive (15-35%)\"", \""Current rates maintained\""]."", ""response"": ""Progressive (15-35%)""}"
2026-04-05T11:49:02.174076+00:00,facilitator_call,conjoint_policy_experiment_20260405T113918Z_bdod6b,conjoint_policy_experiment_20260405T113918Z_bdod6b_s1,conjoint_policy_experiment_20260405T113918Z_bdod6b_s1_conjoint_r2_g5,conjoint_policy_experiment_20260405T113918Z_bdod6b_5,"{""prompt_type"": ""FACILITATOR"", ""prompt_name"": ""profile_b_healthcare_spending"", ""module"": ""conjoint"", ""round"": 2, ""rendered_prompt"": ""Without providing any explanation, sample at random from [\""Increase by 20%\"", \""Maintain current levels\"", \""Decrease by 15%\""]."", ""response"": ""Maintain current levels""}"
2026-04-05T11:49:04.343150+00:00,facilitator_call,conjoint_policy_experiment_20260405T113918Z_bdod6b,conjoint_policy_experiment_20260405T113918Z_bdod6b_s1,conjoint_policy_experiment_20260405T113918Z_bdod6b_s1_conjoint_r2_g5,conjoint_policy_experiment_20260405T113918Z_bdod6b_5,"{""prompt_type"": ""FACILITATOR"", ""prompt_name"": ""profile_b_education_spending"", ""module"": ""conjoint"", ""round"": 2, ""rendered_prompt"": ""Without providing any explanation, sample at random from [\""Double public school funding\"", \""Maintain current levels\"", \""Shift to voucher system\""]."", ""response"": ""Shift to voucher system""}"
2026-04-05T11:49:06.628276+00:00,facilitator_call,conjoint_policy_experiment_20260405T113918Z_bdod6b,conjoint_policy_experiment_20260405T113918Z_bdod6b_s1,conjoint_policy_experiment_20260405T113918Z_bdod6b_s1_conjoint_r2_g5,conjoint_policy_experiment_20260405T113918Z_bdod6b_5,"{""prompt_type"": ""FACILITATOR"", ""prompt_name"": ""profile_b_immigration_policy"", ""module"": ""conjoint"", ""round"": 2, ""rendered_prompt"": ""Without providing any explanation, sample at random from [\""Open borders\"", \""Points-based system\"", \""Reduce by 50%\""]."", ""response"": ""Points-based system""}"
2026-04-05T11:49:09.207724+00:00,facilitator_call,conjoint_policy_experiment_20260405T113918Z_bdod6b,conjoint_policy_experiment_20260405T113918Z_bdod6b_s1,conjoint_policy_experiment_20260405T113918Z_bdod6b_s1_conjoint_r2_g5,conjoint_policy_experiment_20260405T113918Z_bdod6b_5,"{""prompt_type"": ""FACILITATOR"", ""prompt_name"": ""profile_b_climate_policy"", ""module"": ""conjoint"", ""round"": 2, ""rendered_prompt"": ""Without providing any explanation, sample at random from [\""Carbon tax ($50/ton)\"", \""Green subsidies only\"", \""No new regulations\""]."", ""response"": ""Green subsidies only""}"
2026-04-05T11:49:24.705836+00:00,facilitator_call,conjoint_policy_experiment_20260405T113918Z_bdod6b,conjoint_policy_experiment_20260405T113918Z_bdod6b_s1,conjoint_policy_experiment_20260405T113918Z_bdod6b_s1_conjoint_r2_g6,conjoint_policy_experiment_20260405T113918Z_bdod6b_6,"{""prompt_type"": ""FACILITATOR"", ""prompt_name"": ""profile_a_tax_rate"", ""module"": ""conjoint"", ""round"": 2, ""rendered_prompt"": ""Without providing any explanation, sample at random from [\""10% flat tax\"", \""Progressive (15-35%)\"", \""Current rates maintained\""]."", ""response"": ""Current rates maintained""}"
2026-04-05T11:49:28.132328+00:00,facilitator_call,conjoint_policy_experiment_20260405T113918Z_bdod6b,conjoint_policy_experiment_20260405T113918Z_bdod6b_s1,conjoint_policy_experiment_20260405T113918Z_bdod6b_s1_conjoint_r2_g6,conjoint_policy_experiment_20260405T113918Z_bdod6b_6,"{""prompt_type"": ""FACILITATOR"", ""prompt_name"": ""profile_a_healthcare_spending"", ""module"": ""conjoint"", ""round"": 2, ""rendered_prompt"": ""Without providing any explanation, sample at random from [\""Increase by 20%\"", \""Maintain current levels\"", \""Decrease by 15%\""]."", ""response"": ""Decrease by 15%""}"
2026-04-05T11:49:30.901559+00:00,facilitator_call,conjoint_policy_experiment_20260405T113918Z_bdod6b,conjoint_policy_experiment_20260405T113918Z_bdod6b_s1,conjoint_policy_experiment_20260405T113918Z_bdod6b_s1_conjoint_r2_g6,conjoint_policy_experiment_20260405T113918Z_bdod6b_6,"{""prompt_type"": ""FACILITATOR"", ""prompt_name"": ""profile_a_education_spending"", ""module"": ""conjoint"", ""round"": 2, ""rendered_prompt"": ""Without providing any explanation, sample at random from [\""Double public school funding\"", \""Maintain current levels\"", \""Shift to voucher system\""]."", ""response"": ""Shift to voucher system""}"
2026-04-05T11:49:34.307482+00:00,facilitator_call,conjoint_policy_experiment_20260405T113918Z_bdod6b,conjoint_policy_experiment_20260405T113918Z_bdod6b_s1,conjoint_policy_experiment_20260405T113918Z_bdod6b_s1_conjoint_r2_g6,conjoint_policy_experiment_20260405T113918Z_bdod6b_6,"{""prompt_type"": ""FACILITATOR"", ""prompt_name"": ""profile_a_immigration_policy"", ""module"": ""conjoint"", ""round"": 2, ""rendered_prompt"": ""Without providing any explanation, sample at random from [\""Open borders\"", \""Points-based system\"", \""Reduce by 50%\""]."", ""response"": ""Points-based system""}"
2026-04-05T11:49:36.459797+00:00,facilitator_call,conjoint_policy_experiment_20260405T113918Z_bdod6b,conjoint_policy_experiment_20260405T113918Z_bdod6b_s1,conjoint_policy_experiment_20260405T113918Z_bdod6b_s1_conjoint_r2_g6,conjoint_policy_experiment_20260405T113918Z_bdod6b_6,"{""prompt_type"": ""FACILITATOR"", ""prompt_name"": ""profile_a_climate_policy"", ""module"": ""conjoint"", ""round"": 2, ""rendered_prompt"": ""Without providing any explanation, sample at random from [\""Carbon tax ($50/ton)\"", \""Green subsidies only\"", \""No new regulations\""]."", ""response"": ""Green subsidies only""}"
2026-04-05T11:49:39.704820+00:00,facilitator_call,conjoint_policy_experiment_20260405T113918Z_bdod6b,conjoint_policy_experiment_20260405T113918Z_bdod6b_s1,conjoint_policy_experiment_20260405T113918Z_bdod6b_s1_conjoint_r2_g6,conjoint_policy_experiment_20260405T113918Z_bdod6b_6,"{""prompt_type"": ""FACILITATOR"", ""prompt_name"": ""profile_b_tax_rate"", ""module"": ""conjoint"", ""round"": 2, ""rendered_prompt"": ""Without providing any explanation, sample at random from [\""10% flat tax\"", \""Progressive (15-35%)\"", \""Current rates maintained\""]."", ""response"": ""10% flat tax""}"
2026-04-05T11:49:42.900357+00:00,facilitator_call,conjoint_policy_experiment_20260405T113918Z_bdod6b,conjoint_policy_experiment_20260405T113918Z_bdod6b_s1,conjoint_policy_experiment_20260405T113918Z_bdod6b_s1_conjoint_r2_g6,conjoint_policy_experiment_20260405T113918Z_bdod6b_6,"{""prompt_type"": ""FACILITATOR"", ""prompt_name"": ""profile_b_healthcare_spending"", ""module"": ""conjoint"", ""round"": 2, ""rendered_prompt"": ""Without providing any explanation, sample at random from [\""Increase by 20%\"", \""Maintain current levels\"", \""Decrease by 15%\""]."", ""response"": ""Increase by 20%""}"
2026-04-05T11:49:46.367901+00:00,facilitator_call,conjoint_policy_experiment_20260405T113918Z_bdod6b,conjoint_policy_experiment_20260405T113918Z_bdod6b_s1,conjoint_policy_experiment_20260405T113918Z_bdod6b_s1_conjoint_r2_g6,conjoint_policy_experiment_20260405T113918Z_bdod6b_6,"{""prompt_type"": ""FACILITATOR"", ""prompt_name"": ""profile_b_education_spending"", ""module"": ""conjoint"", ""round"": 2, ""rendered_prompt"": ""Without providing any explanation, sample at random from [\""Double public school funding\"", \""Maintain current levels\"", \""Shift to voucher system\""]."", ""response"": ""Double public school funding""}"
2026-04-05T11:49:49.375611+00:00,facilitator_call,conjoint_policy_experiment_20260405T113918Z_bdod6b,conjoint_policy_experiment_20260405T113918Z_bdod6b_s1,conjoint_policy_experiment_20260405T113918Z_bdod6b_s1_conjoint_r2_g6,conjoint_policy_experiment_20260405T113918Z_bdod6b_6,"{""prompt_type"": ""FACILITATOR"", ""prompt_name"": ""profile_b_immigration_policy"", ""module"": ""conjoint"", ""round"": 2, ""rendered_prompt"": ""Without providing any explanation, sample at random from [\""Open borders\"", \""Points-based system\"", \""Reduce by 50%\""]."", ""response"": ""Open borders""}"
2026-04-05T11:49:51.373606+00:00,facilitator_call,conjoint_policy_experiment_20260405T113918Z_bdod6b,conjoint_policy_experiment_20260405T113918Z_bdod6b_s1,conjoint_policy_experiment_20260405T113918Z_bdod6b_s1_conjoint_r2_g6,conjoint_policy_experiment_20260405T113918Z_bdod6b_6,"{""prompt_type"": ""FACILITATOR"", ""prompt_name"": ""profile_b_climate_policy"", ""module"": ""conjoint"", ""round"": 2, ""rendered_prompt"": ""Without providing any explanation, sample at random from [\""Carbon tax ($50/ton)\"", \""Green subsidies only\"", \""No new regulations\""]."", ""response"": ""No new regulations""}"
2026-04-05T11:50:08.201396+00:00,facilitator_call,conjoint_policy_experiment_20260405T113918Z_bdod6b,conjoint_policy_experiment_20260405T113918Z_bdod6b_s1,conjoint_policy_experiment_20260405T113918Z_bdod6b_s1_conjoint_r2_g7,conjoint_policy_experiment_20260405T113918Z_bdod6b_7,"{""prompt_type"": ""FACILITATOR"", ""prompt_name"": ""profile_a_tax_rate"", ""module"": ""conjoint"", ""round"": 2, ""rendered_prompt"": ""Without providing any explanation, sample at random from [\""10% flat tax\"", \""Progressive (15-35%)\"", \""Current rates maintained\""]."", ""response"": ""10% flat tax""}"
2026-04-05T11:50:11.035302+00:00,facilitator_call,conjoint_policy_experiment_20260405T113918Z_bdod6b,conjoint_policy_experiment_20260405T113918Z_bdod6b_s1,conjoint_policy_experiment_20260405T113918Z_bdod6b_s1_conjoint_r2_g7,conjoint_policy_experiment_20260405T113918Z_bdod6b_7,"{""prompt_type"": ""FACILITATOR"", ""prompt_name"": ""profile_a_healthcare_spending"", ""module"": ""conjoint"", ""round"": 2, ""rendered_prompt"": ""Without providing any explanation, sample at random from [\""Increase by 20%\"", \""Maintain current levels\"", \""Decrease by 15%\""]."", ""response"": ""Decrease by 15%""}"
2026-04-05T11:50:12.646737+00:00,facilitator_call,conjoint_policy_experiment_20260405T113918Z_bdod6b,conjoint_policy_experiment_20260405T113918Z_bdod6b_s1,conjoint_policy_experiment_20260405T113918Z_bdod6b_s1_conjoint_r2_g7,conjoint_policy_experiment_20260405T113918Z_bdod6b_7,"{""prompt_type"": ""FACILITATOR"", ""prompt_name"": ""profile_a_education_spending"", ""module"": ""conjoint"", ""round"": 2, ""rendered_prompt"": ""Without providing any explanation, sample at random from [\""Double public school funding\"", \""Maintain current levels\"", \""Shift to voucher system\""]."", ""response"": ""Shift to voucher system""}"
2026-04-05T11:50:15.896862+00:00,facilitator_call,conjoint_policy_experiment_20260405T113918Z_bdod6b,conjoint_policy_experiment_20260405T113918Z_bdod6b_s1,conjoint_policy_experiment_20260405T113918Z_bdod6b_s1_conjoint_r2_g7,conjoint_policy_experiment_20260405T113918Z_bdod6b_7,"{""prompt_type"": ""FACILITATOR"", ""prompt_name"": ""profile_a_immigration_policy"", ""module"": ""conjoint"", ""round"": 2, ""rendered_prompt"": ""Without providing any explanation, sample at random from [\""Open borders\"", \""Points-based system\"", \""Reduce by 50%\""]."", ""response"": ""Open borders""}"
2026-04-05T11:50:17.848785+00:00,facilitator_call,conjoint_policy_experiment_20260405T113918Z_bdod6b,conjoint_policy_experiment_20260405T113918Z_bdod6b_s1,conjoint_policy_experiment_20260405T113918Z_bdod6b_s1_conjoint_r2_g7,conjoint_policy_experiment_20260405T113918Z_bdod6b_7,"{""prompt_type"": ""FACILITATOR"", ""prompt_name"": ""profile_a_climate_policy"", ""module"": ""conjoint"", ""round"": 2, ""rendered_prompt"": ""Without providing any explanation, sample at random from [\""Carbon tax ($50/ton)\"", \""Green subsidies only\"", \""No new regulations\""]."", ""response"": ""No new regulations""}"
2026-04-05T11:50:20.295603+00:00,facilitator_call,conjoint_policy_experiment_20260405T113918Z_bdod6b,conjoint_policy_experiment_20260405T113918Z_bdod6b_s1,conjoint_policy_experiment_20260405T113918Z_bdod6b_s1_conjoint_r2_g7,conjoint_policy_experiment_20260405T113918Z_bdod6b_7,"{""prompt_type"": ""FACILITATOR"", ""prompt_name"": ""profile_b_tax_rate"", ""module"": ""conjoint"", ""round"": 2, ""rendered_prompt"": ""Without providing any explanation, sample at random from [\""10% flat tax\"", \""Progressive (15-35%)\"", \""Current rates maintained\""]."", ""response"": ""10% flat tax""}"
2026-04-05T11:50:22.452472+00:00,facilitator_call,conjoint_policy_experiment_20260405T113918Z_bdod6b,conjoint_policy_experiment_20260405T113918Z_bdod6b_s1,conjoint_policy_experiment_20260405T113918Z_bdod6b_s1_conjoint_r2_g7,conjoint_policy_experiment_20260405T113918Z_bdod6b_7,"{""prompt_type"": ""FACILITATOR"", ""prompt_name"": ""profile_b_healthcare_spending"", ""module"": ""conjoint"", ""round"": 2, ""rendered_prompt"": ""Without providing any explanation, sample at random from [\""Increase by 20%\"", \""Maintain current levels\"", \""Decrease by 15%\""]."", ""response"": ""Maintain current levels""}"
2026-04-05T11:50:24.786852+00:00,facilitator_call,conjoint_policy_experiment_20260405T113918Z_bdod6b,conjoint_policy_experiment_20260405T113918Z_bdod6b_s1,conjoint_policy_experiment_20260405T113918Z_bdod6b_s1_conjoint_r2_g7,conjoint_policy_experiment_20260405T113918Z_bdod6b_7,"{""prompt_type"": ""FACILITATOR"", ""prompt_name"": ""profile_b_education_spending"", ""module"": ""conjoint"", ""round"": 2, ""rendered_prompt"": ""Without providing any explanation, sample at random from [\""Double public school funding\"", \""Maintain current levels\"", \""Shift to voucher system\""]."", ""response"": ""Maintain current levels""}"
2026-04-05T11:50:28.542417+00:00,facilitator_call,conjoint_policy_experiment_20260405T113918Z_bdod6b,conjoint_policy_experiment_20260405T113918Z_bdod6b_s1,conjoint_policy_experiment_20260405T113918Z_bdod6b_s1_conjoint_r2_g7,conjoint_policy_experiment_20260405T113918Z_bdod6b_7,"{""prompt_type"": ""FACILITATOR"", ""prompt_name"": ""profile_b_immigration_policy"", ""module"": ""conjoint"", ""round"": 2, ""rendered_prompt"": ""Without providing any explanation, sample at random from [\""Open borders\"", \""Points-based system\"", \""Reduce by 50%\""]."", ""response"": ""Points-based system""}"
2026-04-05T11:50:30.724150+00:00,facilitator_call,conjoint_policy_experiment_20260405T113918Z_bdod6b,conjoint_policy_experiment_20260405T113918Z_bdod6b_s1,conjoint_policy_experiment_20260405T113918Z_bdod6b_s1_conjoint_r2_g7,conjoint_policy_experiment_20260405T113918Z_bdod6b_7,"{""prompt_type"": ""FACILITATOR"", ""prompt_name"": ""profile_b_climate_policy"", ""module"": ""conjoint"", ""round"": 2, ""rendered_prompt"": ""Without providing any explanation, sample at random from [\""Carbon tax ($50/ton)\"", \""Green subsidies only\"", \""No new regulations\""]."", ""response"": ""No new regulations""}"
2026-04-05T11:50:47.606791+00:00,facilitator_call,conjoint_policy_experiment_20260405T113918Z_bdod6b,conjoint_policy_experiment_20260405T113918Z_bdod6b_s1,conjoint_policy_experiment_20260405T113918Z_bdod6b_s1_conjoint_r2_g8,conjoint_policy_experiment_20260405T113918Z_bdod6b_8,"{""prompt_type"": ""FACILITATOR"", ""prompt_name"": ""profile_a_tax_rate"", ""module"": ""conjoint"", ""round"": 2, ""rendered_prompt"": ""Without providing any explanation, sample at random from [\""10% flat tax\"", \""Progressive (15-35%)\"", \""Current rates maintained\""]."", ""response"": ""Progressive (15-35%)""}"
2026-04-05T11:51:09.665057+00:00,facilitator_call,conjoint_policy_experiment_20260405T113918Z_bdod6b,conjoint_policy_experiment_20260405T113918Z_bdod6b_s1,conjoint_policy_experiment_20260405T113918Z_bdod6b_s1_conjoint_r2_g8,conjoint_policy_experiment_20260405T113918Z_bdod6b_8,"{""prompt_type"": ""FACILITATOR"", ""prompt_name"": ""profile_a_healthcare_spending"", ""module"": ""conjoint"", ""round"": 2, ""rendered_prompt"": ""Without providing any explanation, sample at random from [\""Increase by 20%\"", \""Maintain current levels\"", \""Decrease by 15%\""]."", ""response"": ""Decrease by 15%""}"
2026-04-05T11:51:12.981546+00:00,facilitator_call,conjoint_policy_experiment_20260405T113918Z_bdod6b,conjoint_policy_experiment_20260405T113918Z_bdod6b_s1,conjoint_policy_experiment_20260405T113918Z_bdod6b_s1_conjoint_r2_g8,conjoint_policy_experiment_20260405T113918Z_bdod6b_8,"{""prompt_type"": ""FACILITATOR"", ""prompt_name"": ""profile_a_education_spending"", ""module"": ""conjoint"", ""round"": 2, ""rendered_prompt"": ""Without providing any explanation, sample at random from [\""Double public school funding\"", \""Maintain current levels\"", \""Shift to voucher system\""]."", ""response"": ""Double public school funding""}"
2026-04-05T11:51:15.817237+00:00,facilitator_call,conjoint_policy_experiment_20260405T113918Z_bdod6b,conjoint_policy_experiment_20260405T113918Z_bdod6b_s1,conjoint_policy_experiment_20260405T113918Z_bdod6b_s1_conjoint_r2_g8,conjoint_policy_experiment_20260405T113918Z_bdod6b_8,"{""prompt_type"": ""FACILITATOR"", ""prompt_name"": ""profile_a_immigration_policy"", ""module"": ""conjoint"", ""round"": 2, ""rendered_prompt"": ""Without providing any explanation, sample at random from [\""Open borders\"", \""Points-based system\"", \""Reduce by 50%\""]."", ""response"": ""Points-based system""}"
2026-04-05T11:51:17.833226+00:00,facilitator_call,conjoint_policy_experiment_20260405T113918Z_bdod6b,conjoint_policy_experiment_20260405T113918Z_bdod6b_s1,conjoint_policy_experiment_20260405T113918Z_bdod6b_s1_conjoint_r2_g8,conjoint_policy_experiment_20260405T113918Z_bdod6b_8,"{""prompt_type"": ""FACILITATOR"", ""prompt_name"": ""profile_a_climate_policy"", ""module"": ""conjoint"", ""round"": 2, ""rendered_prompt"": ""Without providing any explanation, sample at random from [\""Carbon tax ($50/ton)\"", \""Green subsidies only\"", \""No new regulations\""]."", ""response"": ""No new regulations""}"
2026-04-05T11:51:20.411273+00:00,facilitator_call,conjoint_policy_experiment_20260405T113918Z_bdod6b,conjoint_policy_experiment_20260405T113918Z_bdod6b_s1,conjoint_policy_experiment_20260405T113918Z_bdod6b_s1_conjoint_r2_g8,conjoint_policy_experiment_20260405T113918Z_bdod6b_8,"{""prompt_type"": ""FACILITATOR"", ""prompt_name"": ""profile_b_tax_rate"", ""module"": ""conjoint"", ""round"": 2, ""rendered_prompt"": ""Without providing any explanation, sample at random from [\""10% flat tax\"", \""Progressive (15-35%)\"", \""Current rates maintained\""]."", ""response"": ""Current rates maintained""}"
2026-04-05T11:51:22.718404+00:00,facilitator_call,conjoint_policy_experiment_20260405T113918Z_bdod6b,conjoint_policy_experiment_20260405T113918Z_bdod6b_s1,conjoint_policy_experiment_20260405T113918Z_bdod6b_s1_conjoint_r2_g8,conjoint_policy_experiment_20260405T113918Z_bdod6b_8,"{""prompt_type"": ""FACILITATOR"", ""prompt_name"": ""profile_b_healthcare_spending"", ""module"": ""conjoint"", ""round"": 2, ""rendered_prompt"": ""Without providing any explanation, sample at random from [\""Increase by 20%\"", \""Maintain current levels\"", \""Decrease by 15%\""]."", ""response"": ""Maintain current levels""}"
2026-04-05T11:51:25.255981+00:00,facilitator_call,conjoint_policy_experiment_20260405T113918Z_bdod6b,conjoint_policy_experiment_20260405T113918Z_bdod6b_s1,conjoint_policy_experiment_20260405T113918Z_bdod6b_s1_conjoint_r2_g8,conjoint_policy_experiment_20260405T113918Z_bdod6b_8,"{""prompt_type"": ""FACILITATOR"", ""prompt_name"": ""profile_b_education_spending"", ""module"": ""conjoint"", ""round"": 2, ""rendered_prompt"": ""Without providing any explanation, sample at random from [\""Double public school funding\"", \""Maintain current levels\"", \""Shift to voucher system\""]."", ""response"": ""Shift to voucher system""}"
2026-04-05T11:51:27.935644+00:00,facilitator_call,conjoint_policy_experiment_20260405T113918Z_bdod6b,conjoint_policy_experiment_20260405T113918Z_bdod6b_s1,conjoint_policy_experiment_20260405T113918Z_bdod6b_s1_conjoint_r2_g8,conjoint_policy_experiment_20260405T113918Z_bdod6b_8,"{""prompt_type"": ""FACILITATOR"", ""prompt_name"": ""profile_b_immigration_policy"", ""module"": ""conjoint"", ""round"": 2, ""rendered_prompt"": ""Without providing any explanation, sample at random from [\""Open borders\"", \""Points-based system\"", \""Reduce by 50%\""]."", ""response"": ""Reduce by 50%""}"
2026-04-05T11:51:31.890390+00:00,facilitator_call,conjoint_policy_experiment_20260405T113918Z_bdod6b,conjoint_policy_experiment_20260405T113918Z_bdod6b_s1,conjoint_policy_experiment_20260405T113918Z_bdod6b_s1_conjoint_r2_g8,conjoint_policy_experiment_20260405T113918Z_bdod6b_8,"{""prompt_type"": ""FACILITATOR"", ""prompt_name"": ""profile_b_climate_policy"", ""module"": ""conjoint"", ""round"": 2, ""rendered_prompt"": ""Without providing any explanation, sample at random from [\""Carbon tax ($50/ton)\"", \""Green subsidies only\"", \""No new regulations\""]."", ""response"": ""Carbon tax ($50/ton)""}"
2026-04-05T11:51:46.592151+00:00,facilitator_call,conjoint_policy_experiment_20260405T113918Z_bdod6b,conjoint_policy_experiment_20260405T113918Z_bdod6b_s1,conjoint_policy_experiment_20260405T113918Z_bdod6b_s1_conjoint_r3_g1,conjoint_policy_experiment_20260405T113918Z_bdod6b_1,"{""prompt_type"": ""FACILITATOR"", ""prompt_name"": ""profile_a_tax_rate"", ""module"": ""conjoint"", ""round"": 3, ""rendered_prompt"": ""Without providing any explanation, sample at random from [\""10% flat tax\"", \""Progressive (15-35%)\"", \""Current rates maintained\""]."", ""response"": ""Progressive (15-35%)""}"
2026-04-05T11:51:48.910755+00:00,facilitator_call,conjoint_policy_experiment_20260405T113918Z_bdod6b,conjoint_policy_experiment_20260405T113918Z_bdod6b_s1,conjoint_policy_experiment_20260405T113918Z_bdod6b_s1_conjoint_r3_g1,conjoint_policy_experiment_20260405T113918Z_bdod6b_1,"{""prompt_type"": ""FACILITATOR"", ""prompt_name"": ""profile_a_healthcare_spending"", ""module"": ""conjoint"", ""round"": 3, ""rendered_prompt"": ""Without providing any explanation, sample at random from [\""Increase by 20%\"", \""Maintain current levels\"", \""Decrease by 15%\""]."", ""response"": ""Increase by 20%""}"
2026-04-05T11:51:51.012029+00:00,facilitator_call,conjoint_policy_experiment_20260405T113918Z_bdod6b,conjoint_policy_experiment_20260405T113918Z_bdod6b_s1,conjoint_policy_experiment_20260405T113918Z_bdod6b_s1_conjoint_r3_g1,conjoint_policy_experiment_20260405T113918Z_bdod6b_1,"{""prompt_type"": ""FACILITATOR"", ""prompt_name"": ""profile_a_education_spending"", ""module"": ""conjoint"", ""round"": 3, ""rendered_prompt"": ""Without providing any explanation, sample at random from [\""Double public school funding\"", \""Maintain current levels\"", \""Shift to voucher system\""]."", ""response"": ""Double public school funding""}"
2026-04-05T11:51:53.195482+00:00,facilitator_call,conjoint_policy_experiment_20260405T113918Z_bdod6b,conjoint_policy_experiment_20260405T113918Z_bdod6b_s1,conjoint_policy_experiment_20260405T113918Z_bdod6b_s1_conjoint_r3_g1,conjoint_policy_experiment_20260405T113918Z_bdod6b_1,"{""prompt_type"": ""FACILITATOR"", ""prompt_name"": ""profile_a_immigration_policy"", ""module"": ""conjoint"", ""round"": 3, ""rendered_prompt"": ""Without providing any explanation, sample at random from [\""Open borders\"", \""Points-based system\"", \""Reduce by 50%\""]."", ""response"": ""Points-based system""}"
2026-04-05T11:51:55.754952+00:00,facilitator_call,conjoint_policy_experiment_20260405T113918Z_bdod6b,conjoint_policy_experiment_20260405T113918Z_bdod6b_s1,conjoint_policy_experiment_20260405T113918Z_bdod6b_s1_conjoint_r3_g1,conjoint_policy_experiment_20260405T113918Z_bdod6b_1,"{""prompt_type"": ""FACILITATOR"", ""prompt_name"": ""profile_a_climate_policy"", ""module"": ""conjoint"", ""round"": 3, ""rendered_prompt"": ""Without providing any explanation, sample at random from [\""Carbon tax ($50/ton)\"", \""Green subsidies only\"", \""No new regulations\""]."", ""response"": ""Green subsidies only""}"
2026-04-05T11:51:58.060615+00:00,facilitator_call,conjoint_policy_experiment_20260405T113918Z_bdod6b,conjoint_policy_experiment_20260405T113918Z_bdod6b_s1,conjoint_policy_experiment_20260405T113918Z_bdod6b_s1_conjoint_r3_g1,conjoint_policy_experiment_20260405T113918Z_bdod6b_1,"{""prompt_type"": ""FACILITATOR"", ""prompt_name"": ""profile_b_tax_rate"", ""module"": ""conjoint"", ""round"": 3, ""rendered_prompt"": ""Without providing any explanation, sample at random from [\""10% flat tax\"", \""Progressive (15-35%)\"", \""Current rates maintained\""]."", ""response"": ""Current rates maintained""}"
2026-04-05T11:52:00.161787+00:00,facilitator_call,conjoint_policy_experiment_20260405T113918Z_bdod6b,conjoint_policy_experiment_20260405T113918Z_bdod6b_s1,conjoint_policy_experiment_20260405T113918Z_bdod6b_s1_conjoint_r3_g1,conjoint_policy_experiment_20260405T113918Z_bdod6b_1,"{""prompt_type"": ""FACILITATOR"", ""prompt_name"": ""profile_b_healthcare_spending"", ""module"": ""conjoint"", ""round"": 3, ""rendered_prompt"": ""Without providing any explanation, sample at random from [\""Increase by 20%\"", \""Maintain current levels\"", \""Decrease by 15%\""]."", ""response"": ""Decrease by 15%""}"
2026-04-05T11:52:02.516645+00:00,facilitator_call,conjoint_policy_experiment_20260405T113918Z_bdod6b,conjoint_policy_experiment_20260405T113918Z_bdod6b_s1,conjoint_policy_experiment_20260405T113918Z_bdod6b_s1_conjoint_r3_g1,conjoint_policy_experiment_20260405T113918Z_bdod6b_1,"{""prompt_type"": ""FACILITATOR"", ""prompt_name"": ""profile_b_education_spending"", ""module"": ""conjoint"", ""round"": 3, ""rendered_prompt"": ""Without providing any explanation, sample at random from [\""Double public school funding\"", \""Maintain current levels\"", \""Shift to voucher system\""]."", ""response"": ""Double public school funding""}"
2026-04-05T11:52:05.137149+00:00,facilitator_call,conjoint_policy_experiment_20260405T113918Z_bdod6b,conjoint_policy_experiment_20260405T113918Z_bdod6b_s1,conjoint_policy_experiment_20260405T113918Z_bdod6b_s1_conjoint_r3_g1,conjoint_policy_experiment_20260405T113918Z_bdod6b_1,"{""prompt_type"": ""FACILITATOR"", ""prompt_name"": ""profile_b_immigration_policy"", ""module"": ""conjoint"", ""round"": 3, ""rendered_prompt"": ""Without providing any explanation, sample at random from [\""Open borders\"", \""Points-based system\"", \""Reduce by 50%\""]."", ""response"": ""Points-based system""}"
2026-04-05T11:52:07.787701+00:00,facilitator_call,conjoint_policy_experiment_20260405T113918Z_bdod6b,conjoint_policy_experiment_20260405T113918Z_bdod6b_s1,conjoint_policy_experiment_20260405T113918Z_bdod6b_s1_conjoint_r3_g1,conjoint_policy_experiment_20260405T113918Z_bdod6b_1,"{""prompt_type"": ""FACILITATOR"", ""prompt_name"": ""profile_b_climate_policy"", ""module"": ""conjoint"", ""round"": 3, ""rendered_prompt"": ""Without providing any explanation, sample at random from [\""Carbon tax ($50/ton)\"", \""Green subsidies only\"", \""No new regulations\""]."", ""response"": ""Green subsidies only""}"
2026-04-05T11:52:56.889288+00:00,facilitator_call,conjoint_policy_experiment_20260405T113918Z_bdod6b,conjoint_policy_experiment_20260405T113918Z_bdod6b_s1,conjoint_policy_experiment_20260405T113918Z_bdod6b_s1_conjoint_r3_g2,conjoint_policy_experiment_20260405T113918Z_bdod6b_2,"{""prompt_type"": ""FACILITATOR"", ""prompt_name"": ""profile_a_tax_rate"", ""module"": ""conjoint"", ""round"": 3, ""rendered_prompt"": ""Without providing any explanation, sample at random from [\""10% flat tax\"", \""Progressive (15-35%)\"", \""Current rates maintained\""]."", ""response"": ""Progressive (15-35%)""}"
2026-04-05T11:52:59.615163+00:00,facilitator_call,conjoint_policy_experiment_20260405T113918Z_bdod6b,conjoint_policy_experiment_20260405T113918Z_bdod6b_s1,conjoint_policy_experiment_20260405T113918Z_bdod6b_s1_conjoint_r3_g2,conjoint_policy_experiment_20260405T113918Z_bdod6b_2,"{""prompt_type"": ""FACILITATOR"", ""prompt_name"": ""profile_a_healthcare_spending"", ""module"": ""conjoint"", ""round"": 3, ""rendered_prompt"": ""Without providing any explanation, sample at random from [\""Increase by 20%\"", \""Maintain current levels\"", \""Decrease by 15%\""]."", ""response"": ""Maintain current levels""}"
2026-04-05T11:53:16.637255+00:00,facilitator_call,conjoint_policy_experiment_20260405T113918Z_bdod6b,conjoint_policy_experiment_20260405T113918Z_bdod6b_s1,conjoint_policy_experiment_20260405T113918Z_bdod6b_s1_conjoint_r3_g2,conjoint_policy_experiment_20260405T113918Z_bdod6b_2,"{""prompt_type"": ""FACILITATOR"", ""prompt_name"": ""profile_a_education_spending"", ""module"": ""conjoint"", ""round"": 3, ""rendered_prompt"": ""Without providing any explanation, sample at random from [\""Double public school funding\"", \""Maintain current levels\"", \""Shift to voucher system\""]."", ""response"": ""Shift to voucher system""}"
2026-04-05T11:53:18.926957+00:00,facilitator_call,conjoint_policy_experiment_20260405T113918Z_bdod6b,conjoint_policy_experiment_20260405T113918Z_bdod6b_s1,conjoint_policy_experiment_20260405T113918Z_bdod6b_s1_conjoint_r3_g2,conjoint_policy_experiment_20260405T113918Z_bdod6b_2,"{""prompt_type"": ""FACILITATOR"", ""prompt_name"": ""profile_a_immigration_policy"", ""module"": ""conjoint"", ""round"": 3, ""rendered_prompt"": ""Without providing any explanation, sample at random from [\""Open borders\"", \""Points-based system\"", \""Reduce by 50%\""]."", ""response"": ""Points-based system""}"
2026-04-05T11:53:21.271042+00:00,facilitator_call,conjoint_policy_experiment_20260405T113918Z_bdod6b,conjoint_policy_experiment_20260405T113918Z_bdod6b_s1,conjoint_policy_experiment_20260405T113918Z_bdod6b_s1_conjoint_r3_g2,conjoint_policy_experiment_20260405T113918Z_bdod6b_2,"{""prompt_type"": ""FACILITATOR"", ""prompt_name"": ""profile_a_climate_policy"", ""module"": ""conjoint"", ""round"": 3, ""rendered_prompt"": ""Without providing any explanation, sample at random from [\""Carbon tax ($50/ton)\"", \""Green subsidies only\"", \""No new regulations\""]."", ""response"": ""Green subsidies only""}"
2026-04-05T11:53:23.483103+00:00,facilitator_call,conjoint_policy_experiment_20260405T113918Z_bdod6b,conjoint_policy_experiment_20260405T113918Z_bdod6b_s1,conjoint_policy_experiment_20260405T113918Z_bdod6b_s1_conjoint_r3_g2,conjoint_policy_experiment_20260405T113918Z_bdod6b_2,"{""prompt_type"": ""FACILITATOR"", ""prompt_name"": ""profile_b_tax_rate"", ""module"": ""conjoint"", ""round"": 3, ""rendered_prompt"": ""Without providing any explanation, sample at random from [\""10% flat tax\"", \""Progressive (15-35%)\"", \""Current rates maintained\""]."", ""response"": ""10% flat tax""}"
2026-04-05T11:53:25.890691+00:00,facilitator_call,conjoint_policy_experiment_20260405T113918Z_bdod6b,conjoint_policy_experiment_20260405T113918Z_bdod6b_s1,conjoint_policy_experiment_20260405T113918Z_bdod6b_s1_conjoint_r3_g2,conjoint_policy_experiment_20260405T113918Z_bdod6b_2,"{""prompt_type"": ""FACILITATOR"", ""prompt_name"": ""profile_b_healthcare_spending"", ""module"": ""conjoint"", ""round"": 3, ""rendered_prompt"": ""Without providing any explanation, sample at random from [\""Increase by 20%\"", \""Maintain current levels\"", \""Decrease by 15%\""]."", ""response"": ""Decrease by 15%""}"
2026-04-05T11:53:29.018320+00:00,facilitator_call,conjoint_policy_experiment_20260405T113918Z_bdod6b,conjoint_policy_experiment_20260405T113918Z_bdod6b_s1,conjoint_policy_experiment_20260405T113918Z_bdod6b_s1_conjoint_r3_g2,conjoint_policy_experiment_20260405T113918Z_bdod6b_2,"{""prompt_type"": ""FACILITATOR"", ""prompt_name"": ""profile_b_education_spending"", ""module"": ""conjoint"", ""round"": 3, ""rendered_prompt"": ""Without providing any explanation, sample at random from [\""Double public school funding\"", \""Maintain current levels\"", \""Shift to voucher system\""]."", ""response"": ""Double public school funding""}"
2026-04-05T11:53:31.999803+00:00,facilitator_call,conjoint_policy_experiment_20260405T113918Z_bdod6b,conjoint_policy_experiment_20260405T113918Z_bdod6b_s1,conjoint_policy_experiment_20260405T113918Z_bdod6b_s1_conjoint_r3_g2,conjoint_policy_experiment_20260405T113918Z_bdod6b_2,"{""prompt_type"": ""FACILITATOR"", ""prompt_name"": ""profile_b_immigration_policy"", ""module"": ""conjoint"", ""round"": 3, ""rendered_prompt"": ""Without providing any explanation, sample at random from [\""Open borders\"", \""Points-based system\"", \""Reduce by 50%\""]."", ""response"": ""Points-based system""}"
2026-04-05T11:53:34.703700+00:00,facilitator_call,conjoint_policy_experiment_20260405T113918Z_bdod6b,conjoint_policy_experiment_20260405T113918Z_bdod6b_s1,conjoint_policy_experiment_20260405T113918Z_bdod6b_s1_conjoint_r3_g2,conjoint_policy_experiment_20260405T113918Z_bdod6b_2,"{""prompt_type"": ""FACILITATOR"", ""prompt_name"": ""profile_b_climate_policy"", ""module"": ""conjoint"", ""round"": 3, ""rendered_prompt"": ""Without providing any explanation, sample at random from [\""Carbon tax ($50/ton)\"", \""Green subsidies only\"", \""No new regulations\""]."", ""response"": ""No new regulations""}"
2026-04-05T11:53:53.169246+00:00,facilitator_call,conjoint_policy_experiment_20260405T113918Z_bdod6b,conjoint_policy_experiment_20260405T113918Z_bdod6b_s1,conjoint_policy_experiment_20260405T113918Z_bdod6b_s1_conjoint_r3_g3,conjoint_policy_experiment_20260405T113918Z_bdod6b_3,"{""prompt_type"": ""FACILITATOR"", ""prompt_name"": ""profile_a_tax_rate"", ""module"": ""conjoint"", ""round"": 3, ""rendered_prompt"": ""Without providing any explanation, sample at random from [\""10% flat tax\"", \""Progressive (15-35%)\"", \""Current rates maintained\""]."", ""response"": ""Progressive (15-35%)""}"
2026-04-05T11:53:56.090812+00:00,facilitator_call,conjoint_policy_experiment_20260405T113918Z_bdod6b,conjoint_policy_experiment_20260405T113918Z_bdod6b_s1,conjoint_policy_experiment_20260405T113918Z_bdod6b_s1_conjoint_r3_g3,conjoint_policy_experiment_20260405T113918Z_bdod6b_3,"{""prompt_type"": ""FACILITATOR"", ""prompt_name"": ""profile_a_healthcare_spending"", ""module"": ""conjoint"", ""round"": 3, ""rendered_prompt"": ""Without providing any explanation, sample at random from [\""Increase by 20%\"", \""Maintain current levels\"", \""Decrease by 15%\""]."", ""response"": ""Maintain current levels""}"
2026-04-05T11:53:58.092918+00:00,facilitator_call,conjoint_policy_experiment_20260405T113918Z_bdod6b,conjoint_policy_experiment_20260405T113918Z_bdod6b_s1,conjoint_policy_experiment_20260405T113918Z_bdod6b_s1_conjoint_r3_g3,conjoint_policy_experiment_20260405T113918Z_bdod6b_3,"{""prompt_type"": ""FACILITATOR"", ""prompt_name"": ""profile_a_education_spending"", ""module"": ""conjoint"", ""round"": 3, ""rendered_prompt"": ""Without providing any explanation, sample at random from [\""Double public school funding\"", \""Maintain current levels\"", \""Shift to voucher system\""]."", ""response"": ""Shift to voucher system""}"
2026-04-05T11:54:00.860798+00:00,facilitator_call,conjoint_policy_experiment_20260405T113918Z_bdod6b,conjoint_policy_experiment_20260405T113918Z_bdod6b_s1,conjoint_policy_experiment_20260405T113918Z_bdod6b_s1_conjoint_r3_g3,conjoint_policy_experiment_20260405T113918Z_bdod6b_3,"{""prompt_type"": ""FACILITATOR"", ""prompt_name"": ""profile_a_immigration_policy"", ""module"": ""conjoint"", ""round"": 3, ""rendered_prompt"": ""Without providing any explanation, sample at random from [\""Open borders\"", \""Points-based system\"", \""Reduce by 50%\""]."", ""response"": ""Points-based system""}"
2026-04-05T11:54:02.848283+00:00,facilitator_call,conjoint_policy_experiment_20260405T113918Z_bdod6b,conjoint_policy_experiment_20260405T113918Z_bdod6b_s1,conjoint_policy_experiment_20260405T113918Z_bdod6b_s1_conjoint_r3_g3,conjoint_policy_experiment_20260405T113918Z_bdod6b_3,"{""prompt_type"": ""FACILITATOR"", ""prompt_name"": ""profile_a_climate_policy"", ""module"": ""conjoint"", ""round"": 3, ""rendered_prompt"": ""Without providing any explanation, sample at random from [\""Carbon tax ($50/ton)\"", \""Green subsidies only\"", \""No new regulations\""]."", ""response"": ""Green subsidies only""}"
2026-04-05T11:54:05.930425+00:00,facilitator_call,conjoint_policy_experiment_20260405T113918Z_bdod6b,conjoint_policy_experiment_20260405T113918Z_bdod6b_s1,conjoint_policy_experiment_20260405T113918Z_bdod6b_s1_conjoint_r3_g3,conjoint_policy_experiment_20260405T113918Z_bdod6b_3,"{""prompt_type"": ""FACILITATOR"", ""prompt_name"": ""profile_b_tax_rate"", ""module"": ""conjoint"", ""round"": 3, ""rendered_prompt"": ""Without providing any explanation, sample at random from [\""10% flat tax\"", \""Progressive (15-35%)\"", \""Current rates maintained\""]."", ""response"": ""Current rates maintained""}"
2026-04-05T11:54:08.562757+00:00,facilitator_call,conjoint_policy_experiment_20260405T113918Z_bdod6b,conjoint_policy_experiment_20260405T113918Z_bdod6b_s1,conjoint_policy_experiment_20260405T113918Z_bdod6b_s1_conjoint_r3_g3,conjoint_policy_experiment_20260405T113918Z_bdod6b_3,"{""prompt_type"": ""FACILITATOR"", ""prompt_name"": ""profile_b_healthcare_spending"", ""module"": ""conjoint"", ""round"": 3, ""rendered_prompt"": ""Without providing any explanation, sample at random from [\""Increase by 20%\"", \""Maintain current levels\"", \""Decrease by 15%\""]."", ""response"": ""Decrease by 15%""}"
2026-04-05T11:54:11.029643+00:00,facilitator_call,conjoint_policy_experiment_20260405T113918Z_bdod6b,conjoint_policy_experiment_20260405T113918Z_bdod6b_s1,conjoint_policy_experiment_20260405T113918Z_bdod6b_s1_conjoint_r3_g3,conjoint_policy_experiment_20260405T113918Z_bdod6b_3,"{""prompt_type"": ""FACILITATOR"", ""prompt_name"": ""profile_b_education_spending"", ""module"": ""conjoint"", ""round"": 3, ""rendered_prompt"": ""Without providing any explanation, sample at random from [\""Double public school funding\"", \""Maintain current levels\"", \""Shift to voucher system\""]."", ""response"": ""Double public school funding""}"
2026-04-05T11:54:13.397309+00:00,facilitator_call,conjoint_policy_experiment_20260405T113918Z_bdod6b,conjoint_policy_experiment_20260405T113918Z_bdod6b_s1,conjoint_policy_experiment_20260405T113918Z_bdod6b_s1_conjoint_r3_g3,conjoint_policy_experiment_20260405T113918Z_bdod6b_3,"{""prompt_type"": ""FACILITATOR"", ""prompt_name"": ""profile_b_immigration_policy"", ""module"": ""conjoint"", ""round"": 3, ""rendered_prompt"": ""Without providing any explanation, sample at random from [\""Open borders\"", \""Points-based system\"", \""Reduce by 50%\""]."", ""response"": ""Points-based system""}"
2026-04-05T11:54:15.901383+00:00,facilitator_call,conjoint_policy_experiment_20260405T113918Z_bdod6b,conjoint_policy_experiment_20260405T113918Z_bdod6b_s1,conjoint_policy_experiment_20260405T113918Z_bdod6b_s1_conjoint_r3_g3,conjoint_policy_experiment_20260405T113918Z_bdod6b_3,"{""prompt_type"": ""FACILITATOR"", ""prompt_name"": ""profile_b_climate_policy"", ""module"": ""conjoint"", ""round"": 3, ""rendered_prompt"": ""Without providing any explanation, sample at random from [\""Carbon tax ($50/ton)\"", \""Green subsidies only\"", \""No new regulations\""]."", ""response"": ""No new regulations""}"
2026-04-05T11:54:36.799274+00:00,facilitator_call,conjoint_policy_experiment_20260405T113918Z_bdod6b,conjoint_policy_experiment_20260405T113918Z_bdod6b_s1,conjoint_policy_experiment_20260405T113918Z_bdod6b_s1_conjoint_r3_g4,conjoint_policy_experiment_20260405T113918Z_bdod6b_4,"{""prompt_type"": ""FACILITATOR"", ""prompt_name"": ""profile_a_tax_rate"", ""module"": ""conjoint"", ""round"": 3, ""rendered_prompt"": ""Without providing any explanation, sample at random from [\""10% flat tax\"", \""Progressive (15-35%)\"", \""Current rates maintained\""]."", ""response"": ""Progressive (15-35%)""}"
2026-04-05T11:54:39.623061+00:00,facilitator_call,conjoint_policy_experiment_20260405T113918Z_bdod6b,conjoint_policy_experiment_20260405T113918Z_bdod6b_s1,conjoint_policy_experiment_20260405T113918Z_bdod6b_s1_conjoint_r3_g4,conjoint_policy_experiment_20260405T113918Z_bdod6b_4,"{""prompt_type"": ""FACILITATOR"", ""prompt_name"": ""profile_a_healthcare_spending"", ""module"": ""conjoint"", ""round"": 3, ""rendered_prompt"": ""Without providing any explanation, sample at random from [\""Increase by 20%\"", \""Maintain current levels\"", \""Decrease by 15%\""]."", ""response"": ""Maintain current levels""}"
2026-04-05T11:54:41.599357+00:00,facilitator_call,conjoint_policy_experiment_20260405T113918Z_bdod6b,conjoint_policy_experiment_20260405T113918Z_bdod6b_s1,conjoint_policy_experiment_20260405T113918Z_bdod6b_s1_conjoint_r3_g4,conjoint_policy_experiment_20260405T113918Z_bdod6b_4,"{""prompt_type"": ""FACILITATOR"", ""prompt_name"": ""profile_a_education_spending"", ""module"": ""conjoint"", ""round"": 3, ""rendered_prompt"": ""Without providing any explanation, sample at random from [\""Double public school funding\"", \""Maintain current levels\"", \""Shift to voucher system\""]."", ""response"": ""Shift to voucher system""}"
2026-04-05T11:54:43.984709+00:00,facilitator_call,conjoint_policy_experiment_20260405T113918Z_bdod6b,conjoint_policy_experiment_20260405T113918Z_bdod6b_s1,conjoint_policy_experiment_20260405T113918Z_bdod6b_s1_conjoint_r3_g4,conjoint_policy_experiment_20260405T113918Z_bdod6b_4,"{""prompt_type"": ""FACILITATOR"", ""prompt_name"": ""profile_a_immigration_policy"", ""module"": ""conjoint"", ""round"": 3, ""rendered_prompt"": ""Without providing any explanation, sample at random from [\""Open borders\"", \""Points-based system\"", \""Reduce by 50%\""]."", ""response"": ""Points-based system""}"
2026-04-05T11:54:47.828776+00:00,facilitator_call,conjoint_policy_experiment_20260405T113918Z_bdod6b,conjoint_policy_experiment_20260405T113918Z_bdod6b_s1,conjoint_policy_experiment_20260405T113918Z_bdod6b_s1_conjoint_r3_g4,conjoint_policy_experiment_20260405T113918Z_bdod6b_4,"{""prompt_type"": ""FACILITATOR"", ""prompt_name"": ""profile_a_climate_policy"", ""module"": ""conjoint"", ""round"": 3, ""rendered_prompt"": ""Without providing any explanation, sample at random from [\""Carbon tax ($50/ton)\"", \""Green subsidies only\"", \""No new regulations\""]."", ""response"": ""Green subsidies only""}"
2026-04-05T11:54:51.825120+00:00,facilitator_call,conjoint_policy_experiment_20260405T113918Z_bdod6b,conjoint_policy_experiment_20260405T113918Z_bdod6b_s1,conjoint_policy_experiment_20260405T113918Z_bdod6b_s1_conjoint_r3_g4,conjoint_policy_experiment_20260405T113918Z_bdod6b_4,"{""prompt_type"": ""FACILITATOR"", ""prompt_name"": ""profile_b_tax_rate"", ""module"": ""conjoint"", ""round"": 3, ""rendered_prompt"": ""Without providing any explanation, sample at random from [\""10% flat tax\"", \""Progressive (15-35%)\"", \""Current rates maintained\""]."", ""response"": ""Current rates maintained""}"
2026-04-05T11:54:54.227047+00:00,facilitator_call,conjoint_policy_experiment_20260405T113918Z_bdod6b,conjoint_policy_experiment_20260405T113918Z_bdod6b_s1,conjoint_policy_experiment_20260405T113918Z_bdod6b_s1_conjoint_r3_g4,conjoint_policy_experiment_20260405T113918Z_bdod6b_4,"{""prompt_type"": ""FACILITATOR"", ""prompt_name"": ""profile_b_healthcare_spending"", ""module"": ""conjoint"", ""round"": 3, ""rendered_prompt"": ""Without providing any explanation, sample at random from [\""Increase by 20%\"", \""Maintain current levels\"", \""Decrease by 15%\""]."", ""response"": ""Maintain current levels""}"
2026-04-05T11:54:57.887679+00:00,facilitator_call,conjoint_policy_experiment_20260405T113918Z_bdod6b,conjoint_policy_experiment_20260405T113918Z_bdod6b_s1,conjoint_policy_experiment_20260405T113918Z_bdod6b_s1_conjoint_r3_g4,conjoint_policy_experiment_20260405T113918Z_bdod6b_4,"{""prompt_type"": ""FACILITATOR"", ""prompt_name"": ""profile_b_education_spending"", ""module"": ""conjoint"", ""round"": 3, ""rendered_prompt"": ""Without providing any explanation, sample at random from [\""Double public school funding\"", \""Maintain current levels\"", \""Shift to voucher system\""]."", ""response"": ""Maintain current levels""}"
2026-04-05T11:55:00.852602+00:00,facilitator_call,conjoint_policy_experiment_20260405T113918Z_bdod6b,conjoint_policy_experiment_20260405T113918Z_bdod6b_s1,conjoint_policy_experiment_20260405T113918Z_bdod6b_s1_conjoint_r3_g4,conjoint_policy_experiment_20260405T113918Z_bdod6b_4,"{""prompt_type"": ""FACILITATOR"", ""prompt_name"": ""profile_b_immigration_policy"", ""module"": ""conjoint"", ""round"": 3, ""rendered_prompt"": ""Without providing any explanation, sample at random from [\""Open borders\"", \""Points-based system\"", \""Reduce by 50%\""]."", ""response"": ""Reduce by 50%""}"
2026-04-05T11:55:04.131896+00:00,facilitator_call,conjoint_policy_experiment_20260405T113918Z_bdod6b,conjoint_policy_experiment_20260405T113918Z_bdod6b_s1,conjoint_policy_experiment_20260405T113918Z_bdod6b_s1_conjoint_r3_g4,conjoint_policy_experiment_20260405T113918Z_bdod6b_4,"{""prompt_type"": ""FACILITATOR"", ""prompt_name"": ""profile_b_climate_policy"", ""module"": ""conjoint"", ""round"": 3, ""rendered_prompt"": ""Without providing any explanation, sample at random from [\""Carbon tax ($50/ton)\"", \""Green subsidies only\"", \""No new regulations\""]."", ""response"": ""No new regulations""}"
2026-04-05T11:55:24.510896+00:00,facilitator_call,conjoint_policy_experiment_20260405T113918Z_bdod6b,conjoint_policy_experiment_20260405T113918Z_bdod6b_s1,conjoint_policy_experiment_20260405T113918Z_bdod6b_s1_conjoint_r3_g5,conjoint_policy_experiment_20260405T113918Z_bdod6b_5,"{""prompt_type"": ""FACILITATOR"", ""prompt_name"": ""profile_a_tax_rate"", ""module"": ""conjoint"", ""round"": 3, ""rendered_prompt"": ""Without providing any explanation, sample at random from [\""10% flat tax\"", \""Progressive (15-35%)\"", \""Current rates maintained\""]."", ""response"": ""Progressive (15-35%)""}"
2026-04-05T11:55:26.610369+00:00,facilitator_call,conjoint_policy_experiment_20260405T113918Z_bdod6b,conjoint_policy_experiment_20260405T113918Z_bdod6b_s1,conjoint_policy_experiment_20260405T113918Z_bdod6b_s1_conjoint_r3_g5,conjoint_policy_experiment_20260405T113918Z_bdod6b_5,"{""prompt_type"": ""FACILITATOR"", ""prompt_name"": ""profile_a_healthcare_spending"", ""module"": ""conjoint"", ""round"": 3, ""rendered_prompt"": ""Without providing any explanation, sample at random from [\""Increase by 20%\"", \""Maintain current levels\"", \""Decrease by 15%\""]."", ""response"": ""Decrease by 15%""}"
2026-04-05T11:55:28.671360+00:00,facilitator_call,conjoint_policy_experiment_20260405T113918Z_bdod6b,conjoint_policy_experiment_20260405T113918Z_bdod6b_s1,conjoint_policy_experiment_20260405T113918Z_bdod6b_s1_conjoint_r3_g5,conjoint_policy_experiment_20260405T113918Z_bdod6b_5,"{""prompt_type"": ""FACILITATOR"", ""prompt_name"": ""profile_a_education_spending"", ""module"": ""conjoint"", ""round"": 3, ""rendered_prompt"": ""Without providing any explanation, sample at random from [\""Double public school funding\"", \""Maintain current levels\"", \""Shift to voucher system\""]."", ""response"": ""Maintain current levels""}"
2026-04-05T11:55:31.000440+00:00,facilitator_call,conjoint_policy_experiment_20260405T113918Z_bdod6b,conjoint_policy_experiment_20260405T113918Z_bdod6b_s1,conjoint_policy_experiment_20260405T113918Z_bdod6b_s1_conjoint_r3_g5,conjoint_policy_experiment_20260405T113918Z_bdod6b_5,"{""prompt_type"": ""FACILITATOR"", ""prompt_name"": ""profile_a_immigration_policy"", ""module"": ""conjoint"", ""round"": 3, ""rendered_prompt"": ""Without providing any explanation, sample at random from [\""Open borders\"", \""Points-based system\"", \""Reduce by 50%\""]."", ""response"": ""Points-based system""}"
2026-04-05T11:55:34.443310+00:00,facilitator_call,conjoint_policy_experiment_20260405T113918Z_bdod6b,conjoint_policy_experiment_20260405T113918Z_bdod6b_s1,conjoint_policy_experiment_20260405T113918Z_bdod6b_s1_conjoint_r3_g5,conjoint_policy_experiment_20260405T113918Z_bdod6b_5,"{""prompt_type"": ""FACILITATOR"", ""prompt_name"": ""profile_a_climate_policy"", ""module"": ""conjoint"", ""round"": 3, ""rendered_prompt"": ""Without providing any explanation, sample at random from [\""Carbon tax ($50/ton)\"", \""Green subsidies only\"", \""No new regulations\""]."", ""response"": ""No new regulations""}"
2026-04-05T11:55:37.928236+00:00,facilitator_call,conjoint_policy_experiment_20260405T113918Z_bdod6b,conjoint_policy_experiment_20260405T113918Z_bdod6b_s1,conjoint_policy_experiment_20260405T113918Z_bdod6b_s1_conjoint_r3_g5,conjoint_policy_experiment_20260405T113918Z_bdod6b_5,"{""prompt_type"": ""FACILITATOR"", ""prompt_name"": ""profile_b_tax_rate"", ""module"": ""conjoint"", ""round"": 3, ""rendered_prompt"": ""Without providing any explanation, sample at random from [\""10% flat tax\"", \""Progressive (15-35%)\"", \""Current rates maintained\""]."", ""response"": ""10% flat tax""}"
2026-04-05T11:55:40.676552+00:00,facilitator_call,conjoint_policy_experiment_20260405T113918Z_bdod6b,conjoint_policy_experiment_20260405T113918Z_bdod6b_s1,conjoint_policy_experiment_20260405T113918Z_bdod6b_s1_conjoint_r3_g5,conjoint_policy_experiment_20260405T113918Z_bdod6b_5,"{""prompt_type"": ""FACILITATOR"", ""prompt_name"": ""profile_b_healthcare_spending"", ""module"": ""conjoint"", ""round"": 3, ""rendered_prompt"": ""Without providing any explanation, sample at random from [\""Increase by 20%\"", \""Maintain current levels\"", \""Decrease by 15%\""]."", ""response"": ""Decrease by 15%""}"
2026-04-05T11:55:43.796227+00:00,facilitator_call,conjoint_policy_experiment_20260405T113918Z_bdod6b,conjoint_policy_experiment_20260405T113918Z_bdod6b_s1,conjoint_policy_experiment_20260405T113918Z_bdod6b_s1_conjoint_r3_g5,conjoint_policy_experiment_20260405T113918Z_bdod6b_5,"{""prompt_type"": ""FACILITATOR"", ""prompt_name"": ""profile_b_education_spending"", ""module"": ""conjoint"", ""round"": 3, ""rendered_prompt"": ""Without providing any explanation, sample at random from [\""Double public school funding\"", \""Maintain current levels\"", \""Shift to voucher system\""]."", ""response"": ""Double public school funding""}"
2026-04-05T11:55:46.862360+00:00,facilitator_call,conjoint_policy_experiment_20260405T113918Z_bdod6b,conjoint_policy_experiment_20260405T113918Z_bdod6b_s1,conjoint_policy_experiment_20260405T113918Z_bdod6b_s1_conjoint_r3_g5,conjoint_policy_experiment_20260405T113918Z_bdod6b_5,"{""prompt_type"": ""FACILITATOR"", ""prompt_name"": ""profile_b_immigration_policy"", ""module"": ""conjoint"", ""round"": 3, ""rendered_prompt"": ""Without providing any explanation, sample at random from [\""Open borders\"", \""Points-based system\"", \""Reduce by 50%\""]."", ""response"": ""Points-based system""}"
2026-04-05T11:55:49.401992+00:00,facilitator_call,conjoint_policy_experiment_20260405T113918Z_bdod6b,conjoint_policy_experiment_20260405T113918Z_bdod6b_s1,conjoint_policy_experiment_20260405T113918Z_bdod6b_s1_conjoint_r3_g5,conjoint_policy_experiment_20260405T113918Z_bdod6b_5,"{""prompt_type"": ""FACILITATOR"", ""prompt_name"": ""profile_b_climate_policy"", ""module"": ""conjoint"", ""round"": 3, ""rendered_prompt"": ""Without providing any explanation, sample at random from [\""Carbon tax ($50/ton)\"", \""Green subsidies only\"", \""No new regulations\""]."", ""response"": ""Carbon tax ($50/ton)""}"
2026-04-05T11:56:07.214367+00:00,facilitator_call,conjoint_policy_experiment_20260405T113918Z_bdod6b,conjoint_policy_experiment_20260405T113918Z_bdod6b_s1,conjoint_policy_experiment_20260405T113918Z_bdod6b_s1_conjoint_r3_g6,conjoint_policy_experiment_20260405T113918Z_bdod6b_6,"{""prompt_type"": ""FACILITATOR"", ""prompt_name"": ""profile_a_tax_rate"", ""module"": ""conjoint"", ""round"": 3, ""rendered_prompt"": ""Without providing any explanation, sample at random from [\""10% flat tax\"", \""Progressive (15-35%)\"", \""Current rates maintained\""]."", ""response"": ""Progressive (15-35%)""}"
2026-04-05T11:56:10.056451+00:00,facilitator_call,conjoint_policy_experiment_20260405T113918Z_bdod6b,conjoint_policy_experiment_20260405T113918Z_bdod6b_s1,conjoint_policy_experiment_20260405T113918Z_bdod6b_s1_conjoint_r3_g6,conjoint_policy_experiment_20260405T113918Z_bdod6b_6,"{""prompt_type"": ""FACILITATOR"", ""prompt_name"": ""profile_a_healthcare_spending"", ""module"": ""conjoint"", ""round"": 3, ""rendered_prompt"": ""Without providing any explanation, sample at random from [\""Increase by 20%\"", \""Maintain current levels\"", \""Decrease by 15%\""]."", ""response"": ""Maintain current levels""}"
2026-04-05T11:56:12.221378+00:00,facilitator_call,conjoint_policy_experiment_20260405T113918Z_bdod6b,conjoint_policy_experiment_20260405T113918Z_bdod6b_s1,conjoint_policy_experiment_20260405T113918Z_bdod6b_s1_conjoint_r3_g6,conjoint_policy_experiment_20260405T113918Z_bdod6b_6,"{""prompt_type"": ""FACILITATOR"", ""prompt_name"": ""profile_a_education_spending"", ""module"": ""conjoint"", ""round"": 3, ""rendered_prompt"": ""Without providing any explanation, sample at random from [\""Double public school funding\"", \""Maintain current levels\"", \""Shift to voucher system\""]."", ""response"": ""Maintain current levels""}"
2026-04-05T11:56:14.576728+00:00,facilitator_call,conjoint_policy_experiment_20260405T113918Z_bdod6b,conjoint_policy_experiment_20260405T113918Z_bdod6b_s1,conjoint_policy_experiment_20260405T113918Z_bdod6b_s1_conjoint_r3_g6,conjoint_policy_experiment_20260405T113918Z_bdod6b_6,"{""prompt_type"": ""FACILITATOR"", ""prompt_name"": ""profile_a_immigration_policy"", ""module"": ""conjoint"", ""round"": 3, ""rendered_prompt"": ""Without providing any explanation, sample at random from [\""Open borders\"", \""Points-based system\"", \""Reduce by 50%\""]."", ""response"": ""Points-based system""}"
2026-04-05T11:56:17.245561+00:00,facilitator_call,conjoint_policy_experiment_20260405T113918Z_bdod6b,conjoint_policy_experiment_20260405T113918Z_bdod6b_s1,conjoint_policy_experiment_20260405T113918Z_bdod6b_s1_conjoint_r3_g6,conjoint_policy_experiment_20260405T113918Z_bdod6b_6,"{""prompt_type"": ""FACILITATOR"", ""prompt_name"": ""profile_a_climate_policy"", ""module"": ""conjoint"", ""round"": 3, ""rendered_prompt"": ""Without providing any explanation, sample at random from [\""Carbon tax ($50/ton)\"", \""Green subsidies only\"", \""No new regulations\""]."", ""response"": ""No new regulations""}"
2026-04-05T11:56:20.597948+00:00,facilitator_call,conjoint_policy_experiment_20260405T113918Z_bdod6b,conjoint_policy_experiment_20260405T113918Z_bdod6b_s1,conjoint_policy_experiment_20260405T113918Z_bdod6b_s1_conjoint_r3_g6,conjoint_policy_experiment_20260405T113918Z_bdod6b_6,"{""prompt_type"": ""FACILITATOR"", ""prompt_name"": ""profile_b_tax_rate"", ""module"": ""conjoint"", ""round"": 3, ""rendered_prompt"": ""Without providing any explanation, sample at random from [\""10% flat tax\"", \""Progressive (15-35%)\"", \""Current rates maintained\""]."", ""response"": ""Current rates maintained""}"
2026-04-05T11:56:23.243059+00:00,facilitator_call,conjoint_policy_experiment_20260405T113918Z_bdod6b,conjoint_policy_experiment_20260405T113918Z_bdod6b_s1,conjoint_policy_experiment_20260405T113918Z_bdod6b_s1_conjoint_r3_g6,conjoint_policy_experiment_20260405T113918Z_bdod6b_6,"{""prompt_type"": ""FACILITATOR"", ""prompt_name"": ""profile_b_healthcare_spending"", ""module"": ""conjoint"", ""round"": 3, ""rendered_prompt"": ""Without providing any explanation, sample at random from [\""Increase by 20%\"", \""Maintain current levels\"", \""Decrease by 15%\""]."", ""response"": ""Maintain current levels""}"
2026-04-05T11:56:25.450978+00:00,facilitator_call,conjoint_policy_experiment_20260405T113918Z_bdod6b,conjoint_policy_experiment_20260405T113918Z_bdod6b_s1,conjoint_policy_experiment_20260405T113918Z_bdod6b_s1_conjoint_r3_g6,conjoint_policy_experiment_20260405T113918Z_bdod6b_6,"{""prompt_type"": ""FACILITATOR"", ""prompt_name"": ""profile_b_education_spending"", ""module"": ""conjoint"", ""round"": 3, ""rendered_prompt"": ""Without providing any explanation, sample at random from [\""Double public school funding\"", \""Maintain current levels\"", \""Shift to voucher system\""]."", ""response"": ""Maintain current levels""}"
2026-04-05T11:56:27.602603+00:00,facilitator_call,conjoint_policy_experiment_20260405T113918Z_bdod6b,conjoint_policy_experiment_20260405T113918Z_bdod6b_s1,conjoint_policy_experiment_20260405T113918Z_bdod6b_s1_conjoint_r3_g6,conjoint_policy_experiment_20260405T113918Z_bdod6b_6,"{""prompt_type"": ""FACILITATOR"", ""prompt_name"": ""profile_b_immigration_policy"", ""module"": ""conjoint"", ""round"": 3, ""rendered_prompt"": ""Without providing any explanation, sample at random from [\""Open borders\"", \""Points-based system\"", \""Reduce by 50%\""]."", ""response"": ""Open borders""}"
2026-04-05T11:56:29.663006+00:00,facilitator_call,conjoint_policy_experiment_20260405T113918Z_bdod6b,conjoint_policy_experiment_20260405T113918Z_bdod6b_s1,conjoint_policy_experiment_20260405T113918Z_bdod6b_s1_conjoint_r3_g6,conjoint_policy_experiment_20260405T113918Z_bdod6b_6,"{""prompt_type"": ""FACILITATOR"", ""prompt_name"": ""profile_b_climate_policy"", ""module"": ""conjoint"", ""round"": 3, ""rendered_prompt"": ""Without providing any explanation, sample at random from [\""Carbon tax ($50/ton)\"", \""Green subsidies only\"", \""No new regulations\""]."", ""response"": ""Green subsidies only""}"
2026-04-05T11:56:42.867106+00:00,facilitator_call,conjoint_policy_experiment_20260405T113918Z_bdod6b,conjoint_policy_experiment_20260405T113918Z_bdod6b_s1,conjoint_policy_experiment_20260405T113918Z_bdod6b_s1_conjoint_r3_g7,conjoint_policy_experiment_20260405T113918Z_bdod6b_7,"{""prompt_type"": ""FACILITATOR"", ""prompt_name"": ""profile_a_tax_rate"", ""module"": ""conjoint"", ""round"": 3, ""rendered_prompt"": ""Without providing any explanation, sample at random from [\""10% flat tax\"", \""Progressive (15-35%)\"", \""Current rates maintained\""]."", ""response"": ""10% flat tax""}"
2026-04-05T11:56:45.766476+00:00,facilitator_call,conjoint_policy_experiment_20260405T113918Z_bdod6b,conjoint_policy_experiment_20260405T113918Z_bdod6b_s1,conjoint_policy_experiment_20260405T113918Z_bdod6b_s1_conjoint_r3_g7,conjoint_policy_experiment_20260405T113918Z_bdod6b_7,"{""prompt_type"": ""FACILITATOR"", ""prompt_name"": ""profile_a_healthcare_spending"", ""module"": ""conjoint"", ""round"": 3, ""rendered_prompt"": ""Without providing any explanation, sample at random from [\""Increase by 20%\"", \""Maintain current levels\"", \""Decrease by 15%\""]."", ""response"": ""Maintain current levels""}"
2026-04-05T11:56:48.178476+00:00,facilitator_call,conjoint_policy_experiment_20260405T113918Z_bdod6b,conjoint_policy_experiment_20260405T113918Z_bdod6b_s1,conjoint_policy_experiment_20260405T113918Z_bdod6b_s1_conjoint_r3_g7,conjoint_policy_experiment_20260405T113918Z_bdod6b_7,"{""prompt_type"": ""FACILITATOR"", ""prompt_name"": ""profile_a_education_spending"", ""module"": ""conjoint"", ""round"": 3, ""rendered_prompt"": ""Without providing any explanation, sample at random from [\""Double public school funding\"", \""Maintain current levels\"", \""Shift to voucher system\""]."", ""response"": ""Double public school funding""}"
2026-04-05T11:56:51.983229+00:00,facilitator_call,conjoint_policy_experiment_20260405T113918Z_bdod6b,conjoint_policy_experiment_20260405T113918Z_bdod6b_s1,conjoint_policy_experiment_20260405T113918Z_bdod6b_s1_conjoint_r3_g7,conjoint_policy_experiment_20260405T113918Z_bdod6b_7,"{""prompt_type"": ""FACILITATOR"", ""prompt_name"": ""profile_a_immigration_policy"", ""module"": ""conjoint"", ""round"": 3, ""rendered_prompt"": ""Without providing any explanation, sample at random from [\""Open borders\"", \""Points-based system\"", \""Reduce by 50%\""]."", ""response"": ""Points-based system""}"
2026-04-05T11:56:54.415827+00:00,facilitator_call,conjoint_policy_experiment_20260405T113918Z_bdod6b,conjoint_policy_experiment_20260405T113918Z_bdod6b_s1,conjoint_policy_experiment_20260405T113918Z_bdod6b_s1_conjoint_r3_g7,conjoint_policy_experiment_20260405T113918Z_bdod6b_7,"{""prompt_type"": ""FACILITATOR"", ""prompt_name"": ""profile_a_climate_policy"", ""module"": ""conjoint"", ""round"": 3, ""rendered_prompt"": ""Without providing any explanation, sample at random from [\""Carbon tax ($50/ton)\"", \""Green subsidies only\"", \""No new regulations\""]."", ""response"": ""Green subsidies only""}"
2026-04-05T11:56:56.464204+00:00,facilitator_call,conjoint_policy_experiment_20260405T113918Z_bdod6b,conjoint_policy_experiment_20260405T113918Z_bdod6b_s1,conjoint_policy_experiment_20260405T113918Z_bdod6b_s1_conjoint_r3_g7,conjoint_policy_experiment_20260405T113918Z_bdod6b_7,"{""prompt_type"": ""FACILITATOR"", ""prompt_name"": ""profile_b_tax_rate"", ""module"": ""conjoint"", ""round"": 3, ""rendered_prompt"": ""Without providing any explanation, sample at random from [\""10% flat tax\"", \""Progressive (15-35%)\"", \""Current rates maintained\""]."", ""response"": ""Current rates maintained""}"
2026-04-05T11:56:58.358011+00:00,facilitator_call,conjoint_policy_experiment_20260405T113918Z_bdod6b,conjoint_policy_experiment_20260405T113918Z_bdod6b_s1,conjoint_policy_experiment_20260405T113918Z_bdod6b_s1_conjoint_r3_g7,conjoint_policy_experiment_20260405T113918Z_bdod6b_7,"{""prompt_type"": ""FACILITATOR"", ""prompt_name"": ""profile_b_healthcare_spending"", ""module"": ""conjoint"", ""round"": 3, ""rendered_prompt"": ""Without providing any explanation, sample at random from [\""Increase by 20%\"", \""Maintain current levels\"", \""Decrease by 15%\""]."", ""response"": ""Maintain current levels""}"
2026-04-05T11:57:00.563101+00:00,facilitator_call,conjoint_policy_experiment_20260405T113918Z_bdod6b,conjoint_policy_experiment_20260405T113918Z_bdod6b_s1,conjoint_policy_experiment_20260405T113918Z_bdod6b_s1_conjoint_r3_g7,conjoint_policy_experiment_20260405T113918Z_bdod6b_7,"{""prompt_type"": ""FACILITATOR"", ""prompt_name"": ""profile_b_education_spending"", ""module"": ""conjoint"", ""round"": 3, ""rendered_prompt"": ""Without providing any explanation, sample at random from [\""Double public school funding\"", \""Maintain current levels\"", \""Shift to voucher system\""]."", ""response"": ""Shift to voucher system""}"
2026-04-05T11:57:03.600831+00:00,facilitator_call,conjoint_policy_experiment_20260405T113918Z_bdod6b,conjoint_policy_experiment_20260405T113918Z_bdod6b_s1,conjoint_policy_experiment_20260405T113918Z_bdod6b_s1_conjoint_r3_g7,conjoint_policy_experiment_20260405T113918Z_bdod6b_7,"{""prompt_type"": ""FACILITATOR"", ""prompt_name"": ""profile_b_immigration_policy"", ""module"": ""conjoint"", ""round"": 3, ""rendered_prompt"": ""Without providing any explanation, sample at random from [\""Open borders\"", \""Points-based system\"", \""Reduce by 50%\""]."", ""response"": ""Points-based system""}"
2026-04-05T11:57:06.088751+00:00,facilitator_call,conjoint_policy_experiment_20260405T113918Z_bdod6b,conjoint_policy_experiment_20260405T113918Z_bdod6b_s1,conjoint_policy_experiment_20260405T113918Z_bdod6b_s1_conjoint_r3_g7,conjoint_policy_experiment_20260405T113918Z_bdod6b_7,"{""prompt_type"": ""FACILITATOR"", ""prompt_name"": ""profile_b_climate_policy"", ""module"": ""conjoint"", ""round"": 3, ""rendered_prompt"": ""Without providing any explanation, sample at random from [\""Carbon tax ($50/ton)\"", \""Green subsidies only\"", \""No new regulations\""]."", ""response"": ""Green subsidies only""}"
2026-04-05T11:57:19.451123+00:00,facilitator_call,conjoint_policy_experiment_20260405T113918Z_bdod6b,conjoint_policy_experiment_20260405T113918Z_bdod6b_s1,conjoint_policy_experiment_20260405T113918Z_bdod6b_s1_conjoint_r3_g8,conjoint_policy_experiment_20260405T113918Z_bdod6b_8,"{""prompt_type"": ""FACILITATOR"", ""prompt_name"": ""profile_a_tax_rate"", ""module"": ""conjoint"", ""round"": 3, ""rendered_prompt"": ""Without providing any explanation, sample at random from [\""10% flat tax\"", \""Progressive (15-35%)\"", \""Current rates maintained\""]."", ""response"": ""Current rates maintained""}"
2026-04-05T11:57:22.615421+00:00,facilitator_call,conjoint_policy_experiment_20260405T113918Z_bdod6b,conjoint_policy_experiment_20260405T113918Z_bdod6b_s1,conjoint_policy_experiment_20260405T113918Z_bdod6b_s1_conjoint_r3_g8,conjoint_policy_experiment_20260405T113918Z_bdod6b_8,"{""prompt_type"": ""FACILITATOR"", ""prompt_name"": ""profile_a_healthcare_spending"", ""module"": ""conjoint"", ""round"": 3, ""rendered_prompt"": ""Without providing any explanation, sample at random from [\""Increase by 20%\"", \""Maintain current levels\"", \""Decrease by 15%\""]."", ""response"": ""Decrease by 15%""}"
2026-04-05T11:57:24.729739+00:00,facilitator_call,conjoint_policy_experiment_20260405T113918Z_bdod6b,conjoint_policy_experiment_20260405T113918Z_bdod6b_s1,conjoint_policy_experiment_20260405T113918Z_bdod6b_s1_conjoint_r3_g8,conjoint_policy_experiment_20260405T113918Z_bdod6b_8,"{""prompt_type"": ""FACILITATOR"", ""prompt_name"": ""profile_a_education_spending"", ""module"": ""conjoint"", ""round"": 3, ""rendered_prompt"": ""Without providing any explanation, sample at random from [\""Double public school funding\"", \""Maintain current levels\"", \""Shift to voucher system\""]."", ""response"": ""Maintain current levels""}"
2026-04-05T11:57:26.462239+00:00,facilitator_call,conjoint_policy_experiment_20260405T113918Z_bdod6b,conjoint_policy_experiment_20260405T113918Z_bdod6b_s1,conjoint_policy_experiment_20260405T113918Z_bdod6b_s1_conjoint_r3_g8,conjoint_policy_experiment_20260405T113918Z_bdod6b_8,"{""prompt_type"": ""FACILITATOR"", ""prompt_name"": ""profile_a_immigration_policy"", ""module"": ""conjoint"", ""round"": 3, ""rendered_prompt"": ""Without providing any explanation, sample at random from [\""Open borders\"", \""Points-based system\"", \""Reduce by 50%\""]."", ""response"": ""Open borders""}"
2026-04-05T11:57:28.590542+00:00,facilitator_call,conjoint_policy_experiment_20260405T113918Z_bdod6b,conjoint_policy_experiment_20260405T113918Z_bdod6b_s1,conjoint_policy_experiment_20260405T113918Z_bdod6b_s1_conjoint_r3_g8,conjoint_policy_experiment_20260405T113918Z_bdod6b_8,"{""prompt_type"": ""FACILITATOR"", ""prompt_name"": ""profile_a_climate_policy"", ""module"": ""conjoint"", ""round"": 3, ""rendered_prompt"": ""Without providing any explanation, sample at random from [\""Carbon tax ($50/ton)\"", \""Green subsidies only\"", \""No new regulations\""]."", ""response"": ""Green subsidies only""}"
2026-04-05T11:57:31.980180+00:00,facilitator_call,conjoint_policy_experiment_20260405T113918Z_bdod6b,conjoint_policy_experiment_20260405T113918Z_bdod6b_s1,conjoint_policy_experiment_20260405T113918Z_bdod6b_s1_conjoint_r3_g8,conjoint_policy_experiment_20260405T113918Z_bdod6b_8,"{""prompt_type"": ""FACILITATOR"", ""prompt_name"": ""profile_b_tax_rate"", ""module"": ""conjoint"", ""round"": 3, ""rendered_prompt"": ""Without providing any explanation, sample at random from [\""10% flat tax\"", \""Progressive (15-35%)\"", \""Current rates maintained\""]."", ""response"": ""Progressive (15-35%)""}"
2026-04-05T11:57:34.356674+00:00,facilitator_call,conjoint_policy_experiment_20260405T113918Z_bdod6b,conjoint_policy_experiment_20260405T113918Z_bdod6b_s1,conjoint_policy_experiment_20260405T113918Z_bdod6b_s1_conjoint_r3_g8,conjoint_policy_experiment_20260405T113918Z_bdod6b_8,"{""prompt_type"": ""FACILITATOR"", ""prompt_name"": ""profile_b_healthcare_spending"", ""module"": ""conjoint"", ""round"": 3, ""rendered_prompt"": ""Without providing any explanation, sample at random from [\""Increase by 20%\"", \""Maintain current levels\"", \""Decrease by 15%\""]."", ""response"": ""Increase by 20%""}"
2026-04-05T11:57:36.977377+00:00,facilitator_call,conjoint_policy_experiment_20260405T113918Z_bdod6b,conjoint_policy_experiment_20260405T113918Z_bdod6b_s1,conjoint_policy_experiment_20260405T113918Z_bdod6b_s1_conjoint_r3_g8,conjoint_policy_experiment_20260405T113918Z_bdod6b_8,"{""prompt_type"": ""FACILITATOR"", ""prompt_name"": ""profile_b_education_spending"", ""module"": ""conjoint"", ""round"": 3, ""rendered_prompt"": ""Without providing any explanation, sample at random from [\""Double public school funding\"", \""Maintain current levels\"", \""Shift to voucher system\""]."", ""response"": ""Shift to voucher system""}"
2026-04-05T11:57:39.473041+00:00,facilitator_call,conjoint_policy_experiment_20260405T113918Z_bdod6b,conjoint_policy_experiment_20260405T113918Z_bdod6b_s1,conjoint_policy_experiment_20260405T113918Z_bdod6b_s1_conjoint_r3_g8,conjoint_policy_experiment_20260405T113918Z_bdod6b_8,"{""prompt_type"": ""FACILITATOR"", ""prompt_name"": ""profile_b_immigration_policy"", ""module"": ""conjoint"", ""round"": 3, ""rendered_prompt"": ""Without providing any explanation, sample at random from [\""Open borders\"", \""Points-based system\"", \""Reduce by 50%\""]."", ""response"": ""Points-based system""}"
2026-04-05T11:57:41.420946+00:00,facilitator_call,conjoint_policy_experiment_20260405T113918Z_bdod6b,conjoint_policy_experiment_20260405T113918Z_bdod6b_s1,conjoint_policy_experiment_20260405T113918Z_bdod6b_s1_conjoint_r3_g8,conjoint_policy_experiment_20260405T113918Z_bdod6b_8,"{""prompt_type"": ""FACILITATOR"", ""prompt_name"": ""profile_b_climate_policy"", ""module"": ""conjoint"", ""round"": 3, ""rendered_prompt"": ""Without providing any explanation, sample at random from [\""Carbon tax ($50/ton)\"", \""Green subsidies only\"", \""No new regulations\""]."", ""response"": ""No new regulations""}"
2026-04-05T11:57:57.990114+00:00,facilitator_call,conjoint_policy_experiment_20260405T113918Z_bdod6b,conjoint_policy_experiment_20260405T113918Z_bdod6b_s1,conjoint_policy_experiment_20260405T113918Z_bdod6b_s1_conjoint_r4_g1,conjoint_policy_experiment_20260405T113918Z_bdod6b_1,"{""prompt_type"": ""FACILITATOR"", ""prompt_name"": ""profile_a_tax_rate"", ""module"": ""conjoint"", ""round"": 4, ""rendered_prompt"": ""Without providing any explanation, sample at random from [\""10% flat tax\"", \""Progressive (15-35%)\"", \""Current rates maintained\""]."", ""response"": ""10% flat tax""}"
2026-04-05T11:58:00.176048+00:00,facilitator_call,conjoint_policy_experiment_20260405T113918Z_bdod6b,conjoint_policy_experiment_20260405T113918Z_bdod6b_s1,conjoint_policy_experiment_20260405T113918Z_bdod6b_s1_conjoint_r4_g1,conjoint_policy_experiment_20260405T113918Z_bdod6b_1,"{""prompt_type"": ""FACILITATOR"", ""prompt_name"": ""profile_a_healthcare_spending"", ""module"": ""conjoint"", ""round"": 4, ""rendered_prompt"": ""Without providing any explanation, sample at random from [\""Increase by 20%\"", \""Maintain current levels\"", \""Decrease by 15%\""]."", ""response"": ""Maintain current levels""}"
2026-04-05T11:58:02.213925+00:00,facilitator_call,conjoint_policy_experiment_20260405T113918Z_bdod6b,conjoint_policy_experiment_20260405T113918Z_bdod6b_s1,conjoint_policy_experiment_20260405T113918Z_bdod6b_s1_conjoint_r4_g1,conjoint_policy_experiment_20260405T113918Z_bdod6b_1,"{""prompt_type"": ""FACILITATOR"", ""prompt_name"": ""profile_a_education_spending"", ""module"": ""conjoint"", ""round"": 4, ""rendered_prompt"": ""Without providing any explanation, sample at random from [\""Double public school funding\"", \""Maintain current levels\"", \""Shift to voucher system\""]."", ""response"": ""Shift to voucher system""}"
2026-04-05T11:58:05.278724+00:00,facilitator_call,conjoint_policy_experiment_20260405T113918Z_bdod6b,conjoint_policy_experiment_20260405T113918Z_bdod6b_s1,conjoint_policy_experiment_20260405T113918Z_bdod6b_s1_conjoint_r4_g1,conjoint_policy_experiment_20260405T113918Z_bdod6b_1,"{""prompt_type"": ""FACILITATOR"", ""prompt_name"": ""profile_a_immigration_policy"", ""module"": ""conjoint"", ""round"": 4, ""rendered_prompt"": ""Without providing any explanation, sample at random from [\""Open borders\"", \""Points-based system\"", \""Reduce by 50%\""]."", ""response"": ""Reduce by 50%""}"
2026-04-05T11:58:07.434702+00:00,facilitator_call,conjoint_policy_experiment_20260405T113918Z_bdod6b,conjoint_policy_experiment_20260405T113918Z_bdod6b_s1,conjoint_policy_experiment_20260405T113918Z_bdod6b_s1_conjoint_r4_g1,conjoint_policy_experiment_20260405T113918Z_bdod6b_1,"{""prompt_type"": ""FACILITATOR"", ""prompt_name"": ""profile_a_climate_policy"", ""module"": ""conjoint"", ""round"": 4, ""rendered_prompt"": ""Without providing any explanation, sample at random from [\""Carbon tax ($50/ton)\"", \""Green subsidies only\"", \""No new regulations\""]."", ""response"": ""Green subsidies only""}"
2026-04-05T11:58:10.128232+00:00,facilitator_call,conjoint_policy_experiment_20260405T113918Z_bdod6b,conjoint_policy_experiment_20260405T113918Z_bdod6b_s1,conjoint_policy_experiment_20260405T113918Z_bdod6b_s1_conjoint_r4_g1,conjoint_policy_experiment_20260405T113918Z_bdod6b_1,"{""prompt_type"": ""FACILITATOR"", ""prompt_name"": ""profile_b_tax_rate"", ""module"": ""conjoint"", ""round"": 4, ""rendered_prompt"": ""Without providing any explanation, sample at random from [\""10% flat tax\"", \""Progressive (15-35%)\"", \""Current rates maintained\""]."", ""response"": ""Progressive (15-35%)""}"
2026-04-05T11:58:13.110209+00:00,facilitator_call,conjoint_policy_experiment_20260405T113918Z_bdod6b,conjoint_policy_experiment_20260405T113918Z_bdod6b_s1,conjoint_policy_experiment_20260405T113918Z_bdod6b_s1_conjoint_r4_g1,conjoint_policy_experiment_20260405T113918Z_bdod6b_1,"{""prompt_type"": ""FACILITATOR"", ""prompt_name"": ""profile_b_healthcare_spending"", ""module"": ""conjoint"", ""round"": 4, ""rendered_prompt"": ""Without providing any explanation, sample at random from [\""Increase by 20%\"", \""Maintain current levels\"", \""Decrease by 15%\""]."", ""response"": ""Maintain current levels""}"
2026-04-05T11:58:15.338105+00:00,facilitator_call,conjoint_policy_experiment_20260405T113918Z_bdod6b,conjoint_policy_experiment_20260405T113918Z_bdod6b_s1,conjoint_policy_experiment_20260405T113918Z_bdod6b_s1_conjoint_r4_g1,conjoint_policy_experiment_20260405T113918Z_bdod6b_1,"{""prompt_type"": ""FACILITATOR"", ""prompt_name"": ""profile_b_education_spending"", ""module"": ""conjoint"", ""round"": 4, ""rendered_prompt"": ""Without providing any explanation, sample at random from [\""Double public school funding\"", \""Maintain current levels\"", \""Shift to voucher system\""]."", ""response"": ""Double public school funding""}"
2026-04-05T11:58:18.277253+00:00,facilitator_call,conjoint_policy_experiment_20260405T113918Z_bdod6b,conjoint_policy_experiment_20260405T113918Z_bdod6b_s1,conjoint_policy_experiment_20260405T113918Z_bdod6b_s1_conjoint_r4_g1,conjoint_policy_experiment_20260405T113918Z_bdod6b_1,"{""prompt_type"": ""FACILITATOR"", ""prompt_name"": ""profile_b_immigration_policy"", ""module"": ""conjoint"", ""round"": 4, ""rendered_prompt"": ""Without providing any explanation, sample at random from [\""Open borders\"", \""Points-based system\"", \""Reduce by 50%\""]."", ""response"": ""Points-based system""}"
2026-04-05T11:58:20.564067+00:00,facilitator_call,conjoint_policy_experiment_20260405T113918Z_bdod6b,conjoint_policy_experiment_20260405T113918Z_bdod6b_s1,conjoint_policy_experiment_20260405T113918Z_bdod6b_s1_conjoint_r4_g1,conjoint_policy_experiment_20260405T113918Z_bdod6b_1,"{""prompt_type"": ""FACILITATOR"", ""prompt_name"": ""profile_b_climate_policy"", ""module"": ""conjoint"", ""round"": 4, ""rendered_prompt"": ""Without providing any explanation, sample at random from [\""Carbon tax ($50/ton)\"", \""Green subsidies only\"", \""No new regulations\""]."", ""response"": ""No new regulations""}"
2026-04-05T11:58:33.600661+00:00,facilitator_call,conjoint_policy_experiment_20260405T113918Z_bdod6b,conjoint_policy_experiment_20260405T113918Z_bdod6b_s1,conjoint_policy_experiment_20260405T113918Z_bdod6b_s1_conjoint_r4_g2,conjoint_policy_experiment_20260405T113918Z_bdod6b_2,"{""prompt_type"": ""FACILITATOR"", ""prompt_name"": ""profile_a_tax_rate"", ""module"": ""conjoint"", ""round"": 4, ""rendered_prompt"": ""Without providing any explanation, sample at random from [\""10% flat tax\"", \""Progressive (15-35%)\"", \""Current rates maintained\""]."", ""response"": ""Progressive (15-35%)""}"
2026-04-05T11:58:35.188333+00:00,facilitator_call,conjoint_policy_experiment_20260405T113918Z_bdod6b,conjoint_policy_experiment_20260405T113918Z_bdod6b_s1,conjoint_policy_experiment_20260405T113918Z_bdod6b_s1_conjoint_r4_g2,conjoint_policy_experiment_20260405T113918Z_bdod6b_2,"{""prompt_type"": ""FACILITATOR"", ""prompt_name"": ""profile_a_healthcare_spending"", ""module"": ""conjoint"", ""round"": 4, ""rendered_prompt"": ""Without providing any explanation, sample at random from [\""Increase by 20%\"", \""Maintain current levels\"", \""Decrease by 15%\""]."", ""response"": ""Maintain current levels""}"
2026-04-05T11:58:37.774701+00:00,facilitator_call,conjoint_policy_experiment_20260405T113918Z_bdod6b,conjoint_policy_experiment_20260405T113918Z_bdod6b_s1,conjoint_policy_experiment_20260405T113918Z_bdod6b_s1_conjoint_r4_g2,conjoint_policy_experiment_20260405T113918Z_bdod6b_2,"{""prompt_type"": ""FACILITATOR"", ""prompt_name"": ""profile_a_education_spending"", ""module"": ""conjoint"", ""round"": 4, ""rendered_prompt"": ""Without providing any explanation, sample at random from [\""Double public school funding\"", \""Maintain current levels\"", \""Shift to voucher system\""]."", ""response"": ""Shift to voucher system""}"
2026-04-05T11:58:40.604676+00:00,facilitator_call,conjoint_policy_experiment_20260405T113918Z_bdod6b,conjoint_policy_experiment_20260405T113918Z_bdod6b_s1,conjoint_policy_experiment_20260405T113918Z_bdod6b_s1_conjoint_r4_g2,conjoint_policy_experiment_20260405T113918Z_bdod6b_2,"{""prompt_type"": ""FACILITATOR"", ""prompt_name"": ""profile_a_immigration_policy"", ""module"": ""conjoint"", ""round"": 4, ""rendered_prompt"": ""Without providing any explanation, sample at random from [\""Open borders\"", \""Points-based system\"", \""Reduce by 50%\""]."", ""response"": ""Points-based system""}"
2026-04-05T11:58:43.594616+00:00,facilitator_call,conjoint_policy_experiment_20260405T113918Z_bdod6b,conjoint_policy_experiment_20260405T113918Z_bdod6b_s1,conjoint_policy_experiment_20260405T113918Z_bdod6b_s1_conjoint_r4_g2,conjoint_policy_experiment_20260405T113918Z_bdod6b_2,"{""prompt_type"": ""FACILITATOR"", ""prompt_name"": ""profile_a_climate_policy"", ""module"": ""conjoint"", ""round"": 4, ""rendered_prompt"": ""Without providing any explanation, sample at random from [\""Carbon tax ($50/ton)\"", \""Green subsidies only\"", \""No new regulations\""]."", ""response"": ""No new regulations""}"
2026-04-05T11:58:46.036644+00:00,facilitator_call,conjoint_policy_experiment_20260405T113918Z_bdod6b,conjoint_policy_experiment_20260405T113918Z_bdod6b_s1,conjoint_policy_experiment_20260405T113918Z_bdod6b_s1_conjoint_r4_g2,conjoint_policy_experiment_20260405T113918Z_bdod6b_2,"{""prompt_type"": ""FACILITATOR"", ""prompt_name"": ""profile_b_tax_rate"", ""module"": ""conjoint"", ""round"": 4, ""rendered_prompt"": ""Without providing any explanation, sample at random from [\""10% flat tax\"", \""Progressive (15-35%)\"", \""Current rates maintained\""]."", ""response"": ""Progressive (15-35%)""}"
2026-04-05T11:58:48.387094+00:00,facilitator_call,conjoint_policy_experiment_20260405T113918Z_bdod6b,conjoint_policy_experiment_20260405T113918Z_bdod6b_s1,conjoint_policy_experiment_20260405T113918Z_bdod6b_s1_conjoint_r4_g2,conjoint_policy_experiment_20260405T113918Z_bdod6b_2,"{""prompt_type"": ""FACILITATOR"", ""prompt_name"": ""profile_b_healthcare_spending"", ""module"": ""conjoint"", ""round"": 4, ""rendered_prompt"": ""Without providing any explanation, sample at random from [\""Increase by 20%\"", \""Maintain current levels\"", \""Decrease by 15%\""]."", ""response"": ""Decrease by 15%""}"
2026-04-05T11:58:49.928362+00:00,facilitator_call,conjoint_policy_experiment_20260405T113918Z_bdod6b,conjoint_policy_experiment_20260405T113918Z_bdod6b_s1,conjoint_policy_experiment_20260405T113918Z_bdod6b_s1_conjoint_r4_g2,conjoint_policy_experiment_20260405T113918Z_bdod6b_2,"{""prompt_type"": ""FACILITATOR"", ""prompt_name"": ""profile_b_education_spending"", ""module"": ""conjoint"", ""round"": 4, ""rendered_prompt"": ""Without providing any explanation, sample at random from [\""Double public school funding\"", \""Maintain current levels\"", \""Shift to voucher system\""]."", ""response"": ""Shift to voucher system""}"
2026-04-05T11:58:52.320182+00:00,facilitator_call,conjoint_policy_experiment_20260405T113918Z_bdod6b,conjoint_policy_experiment_20260405T113918Z_bdod6b_s1,conjoint_policy_experiment_20260405T113918Z_bdod6b_s1_conjoint_r4_g2,conjoint_policy_experiment_20260405T113918Z_bdod6b_2,"{""prompt_type"": ""FACILITATOR"", ""prompt_name"": ""profile_b_immigration_policy"", ""module"": ""conjoint"", ""round"": 4, ""rendered_prompt"": ""Without providing any explanation, sample at random from [\""Open borders\"", \""Points-based system\"", \""Reduce by 50%\""]."", ""response"": ""Points-based system""}"
2026-04-05T11:58:54.429863+00:00,facilitator_call,conjoint_policy_experiment_20260405T113918Z_bdod6b,conjoint_policy_experiment_20260405T113918Z_bdod6b_s1,conjoint_policy_experiment_20260405T113918Z_bdod6b_s1_conjoint_r4_g2,conjoint_policy_experiment_20260405T113918Z_bdod6b_2,"{""prompt_type"": ""FACILITATOR"", ""prompt_name"": ""profile_b_climate_policy"", ""module"": ""conjoint"", ""round"": 4, ""rendered_prompt"": ""Without providing any explanation, sample at random from [\""Carbon tax ($50/ton)\"", \""Green subsidies only\"", \""No new regulations\""]."", ""response"": ""Green subsidies only""}"
2026-04-05T11:59:05.922627+00:00,facilitator_call,conjoint_policy_experiment_20260405T113918Z_bdod6b,conjoint_policy_experiment_20260405T113918Z_bdod6b_s1,conjoint_policy_experiment_20260405T113918Z_bdod6b_s1_conjoint_r4_g3,conjoint_policy_experiment_20260405T113918Z_bdod6b_3,"{""prompt_type"": ""FACILITATOR"", ""prompt_name"": ""profile_a_tax_rate"", ""module"": ""conjoint"", ""round"": 4, ""rendered_prompt"": ""Without providing any explanation, sample at random from [\""10% flat tax\"", \""Progressive (15-35%)\"", \""Current rates maintained\""]."", ""response"": ""Progressive (15-35%)""}"
2026-04-05T11:59:07.799743+00:00,facilitator_call,conjoint_policy_experiment_20260405T113918Z_bdod6b,conjoint_policy_experiment_20260405T113918Z_bdod6b_s1,conjoint_policy_experiment_20260405T113918Z_bdod6b_s1_conjoint_r4_g3,conjoint_policy_experiment_20260405T113918Z_bdod6b_3,"{""prompt_type"": ""FACILITATOR"", ""prompt_name"": ""profile_a_healthcare_spending"", ""module"": ""conjoint"", ""round"": 4, ""rendered_prompt"": ""Without providing any explanation, sample at random from [\""Increase by 20%\"", \""Maintain current levels\"", \""Decrease by 15%\""]."", ""response"": ""Decrease by 15%""}"
2026-04-05T11:59:10.231216+00:00,facilitator_call,conjoint_policy_experiment_20260405T113918Z_bdod6b,conjoint_policy_experiment_20260405T113918Z_bdod6b_s1,conjoint_policy_experiment_20260405T113918Z_bdod6b_s1_conjoint_r4_g3,conjoint_policy_experiment_20260405T113918Z_bdod6b_3,"{""prompt_type"": ""FACILITATOR"", ""prompt_name"": ""profile_a_education_spending"", ""module"": ""conjoint"", ""round"": 4, ""rendered_prompt"": ""Without providing any explanation, sample at random from [\""Double public school funding\"", \""Maintain current levels\"", \""Shift to voucher system\""]."", ""response"": ""Maintain current levels""}"
2026-04-05T11:59:12.632674+00:00,facilitator_call,conjoint_policy_experiment_20260405T113918Z_bdod6b,conjoint_policy_experiment_20260405T113918Z_bdod6b_s1,conjoint_policy_experiment_20260405T113918Z_bdod6b_s1_conjoint_r4_g3,conjoint_policy_experiment_20260405T113918Z_bdod6b_3,"{""prompt_type"": ""FACILITATOR"", ""prompt_name"": ""profile_a_immigration_policy"", ""module"": ""conjoint"", ""round"": 4, ""rendered_prompt"": ""Without providing any explanation, sample at random from [\""Open borders\"", \""Points-based system\"", \""Reduce by 50%\""]."", ""response"": ""Points-based system""}"
2026-04-05T11:59:16.101725+00:00,facilitator_call,conjoint_policy_experiment_20260405T113918Z_bdod6b,conjoint_policy_experiment_20260405T113918Z_bdod6b_s1,conjoint_policy_experiment_20260405T113918Z_bdod6b_s1_conjoint_r4_g3,conjoint_policy_experiment_20260405T113918Z_bdod6b_3,"{""prompt_type"": ""FACILITATOR"", ""prompt_name"": ""profile_a_climate_policy"", ""module"": ""conjoint"", ""round"": 4, ""rendered_prompt"": ""Without providing any explanation, sample at random from [\""Carbon tax ($50/ton)\"", \""Green subsidies only\"", \""No new regulations\""]."", ""response"": ""No new regulations""}"
2026-04-05T11:59:19.111817+00:00,facilitator_call,conjoint_policy_experiment_20260405T113918Z_bdod6b,conjoint_policy_experiment_20260405T113918Z_bdod6b_s1,conjoint_policy_experiment_20260405T113918Z_bdod6b_s1_conjoint_r4_g3,conjoint_policy_experiment_20260405T113918Z_bdod6b_3,"{""prompt_type"": ""FACILITATOR"", ""prompt_name"": ""profile_b_tax_rate"", ""module"": ""conjoint"", ""round"": 4, ""rendered_prompt"": ""Without providing any explanation, sample at random from [\""10% flat tax\"", \""Progressive (15-35%)\"", \""Current rates maintained\""]."", ""response"": ""Progressive (15-35%)""}"
2026-04-05T11:59:21.154052+00:00,facilitator_call,conjoint_policy_experiment_20260405T113918Z_bdod6b,conjoint_policy_experiment_20260405T113918Z_bdod6b_s1,conjoint_policy_experiment_20260405T113918Z_bdod6b_s1_conjoint_r4_g3,conjoint_policy_experiment_20260405T113918Z_bdod6b_3,"{""prompt_type"": ""FACILITATOR"", ""prompt_name"": ""profile_b_healthcare_spending"", ""module"": ""conjoint"", ""round"": 4, ""rendered_prompt"": ""Without providing any explanation, sample at random from [\""Increase by 20%\"", \""Maintain current levels\"", \""Decrease by 15%\""]."", ""response"": ""Maintain current levels""}"
2026-04-05T11:59:23.368102+00:00,facilitator_call,conjoint_policy_experiment_20260405T113918Z_bdod6b,conjoint_policy_experiment_20260405T113918Z_bdod6b_s1,conjoint_policy_experiment_20260405T113918Z_bdod6b_s1_conjoint_r4_g3,conjoint_policy_experiment_20260405T113918Z_bdod6b_3,"{""prompt_type"": ""FACILITATOR"", ""prompt_name"": ""profile_b_education_spending"", ""module"": ""conjoint"", ""round"": 4, ""rendered_prompt"": ""Without providing any explanation, sample at random from [\""Double public school funding\"", \""Maintain current levels\"", \""Shift to voucher system\""]."", ""response"": ""Shift to voucher system""}"
2026-04-05T11:59:25.148648+00:00,facilitator_call,conjoint_policy_experiment_20260405T113918Z_bdod6b,conjoint_policy_experiment_20260405T113918Z_bdod6b_s1,conjoint_policy_experiment_20260405T113918Z_bdod6b_s1_conjoint_r4_g3,conjoint_policy_experiment_20260405T113918Z_bdod6b_3,"{""prompt_type"": ""FACILITATOR"", ""prompt_name"": ""profile_b_immigration_policy"", ""module"": ""conjoint"", ""round"": 4, ""rendered_prompt"": ""Without providing any explanation, sample at random from [\""Open borders\"", \""Points-based system\"", \""Reduce by 50%\""]."", ""response"": ""Reduce by 50%""}"
2026-04-05T11:59:27.433741+00:00,facilitator_call,conjoint_policy_experiment_20260405T113918Z_bdod6b,conjoint_policy_experiment_20260405T113918Z_bdod6b_s1,conjoint_policy_experiment_20260405T113918Z_bdod6b_s1_conjoint_r4_g3,conjoint_policy_experiment_20260405T113918Z_bdod6b_3,"{""prompt_type"": ""FACILITATOR"", ""prompt_name"": ""profile_b_climate_policy"", ""module"": ""conjoint"", ""round"": 4, ""rendered_prompt"": ""Without providing any explanation, sample at random from [\""Carbon tax ($50/ton)\"", \""Green subsidies only\"", \""No new regulations\""]."", ""response"": ""Carbon tax ($50/ton)""}"
2026-04-05T11:59:43.799070+00:00,facilitator_call,conjoint_policy_experiment_20260405T113918Z_bdod6b,conjoint_policy_experiment_20260405T113918Z_bdod6b_s1,conjoint_policy_experiment_20260405T113918Z_bdod6b_s1_conjoint_r4_g4,conjoint_policy_experiment_20260405T113918Z_bdod6b_4,"{""prompt_type"": ""FACILITATOR"", ""prompt_name"": ""profile_a_tax_rate"", ""module"": ""conjoint"", ""round"": 4, ""rendered_prompt"": ""Without providing any explanation, sample at random from [\""10% flat tax\"", \""Progressive (15-35%)\"", \""Current rates maintained\""]."", ""response"": ""Progressive (15-35%)""}"
2026-04-05T11:59:46.042897+00:00,facilitator_call,conjoint_policy_experiment_20260405T113918Z_bdod6b,conjoint_policy_experiment_20260405T113918Z_bdod6b_s1,conjoint_policy_experiment_20260405T113918Z_bdod6b_s1_conjoint_r4_g4,conjoint_policy_experiment_20260405T113918Z_bdod6b_4,"{""prompt_type"": ""FACILITATOR"", ""prompt_name"": ""profile_a_healthcare_spending"", ""module"": ""conjoint"", ""round"": 4, ""rendered_prompt"": ""Without providing any explanation, sample at random from [\""Increase by 20%\"", \""Maintain current levels\"", \""Decrease by 15%\""]."", ""response"": ""Increase by 20%""}"
2026-04-05T11:59:48.393374+00:00,facilitator_call,conjoint_policy_experiment_20260405T113918Z_bdod6b,conjoint_policy_experiment_20260405T113918Z_bdod6b_s1,conjoint_policy_experiment_20260405T113918Z_bdod6b_s1_conjoint_r4_g4,conjoint_policy_experiment_20260405T113918Z_bdod6b_4,"{""prompt_type"": ""FACILITATOR"", ""prompt_name"": ""profile_a_education_spending"", ""module"": ""conjoint"", ""round"": 4, ""rendered_prompt"": ""Without providing any explanation, sample at random from [\""Double public school funding\"", \""Maintain current levels\"", \""Shift to voucher system\""]."", ""response"": ""Shift to voucher system""}"
2026-04-05T11:59:51.240009+00:00,facilitator_call,conjoint_policy_experiment_20260405T113918Z_bdod6b,conjoint_policy_experiment_20260405T113918Z_bdod6b_s1,conjoint_policy_experiment_20260405T113918Z_bdod6b_s1_conjoint_r4_g4,conjoint_policy_experiment_20260405T113918Z_bdod6b_4,"{""prompt_type"": ""FACILITATOR"", ""prompt_name"": ""profile_a_immigration_policy"", ""module"": ""conjoint"", ""round"": 4, ""rendered_prompt"": ""Without providing any explanation, sample at random from [\""Open borders\"", \""Points-based system\"", \""Reduce by 50%\""]."", ""response"": ""Points-based system""}"
2026-04-05T11:59:53.647352+00:00,facilitator_call,conjoint_policy_experiment_20260405T113918Z_bdod6b,conjoint_policy_experiment_20260405T113918Z_bdod6b_s1,conjoint_policy_experiment_20260405T113918Z_bdod6b_s1_conjoint_r4_g4,conjoint_policy_experiment_20260405T113918Z_bdod6b_4,"{""prompt_type"": ""FACILITATOR"", ""prompt_name"": ""profile_a_climate_policy"", ""module"": ""conjoint"", ""round"": 4, ""rendered_prompt"": ""Without providing any explanation, sample at random from [\""Carbon tax ($50/ton)\"", \""Green subsidies only\"", \""No new regulations\""]."", ""response"": ""No new regulations""}"
2026-04-05T11:59:55.628922+00:00,facilitator_call,conjoint_policy_experiment_20260405T113918Z_bdod6b,conjoint_policy_experiment_20260405T113918Z_bdod6b_s1,conjoint_policy_experiment_20260405T113918Z_bdod6b_s1_conjoint_r4_g4,conjoint_policy_experiment_20260405T113918Z_bdod6b_4,"{""prompt_type"": ""FACILITATOR"", ""prompt_name"": ""profile_b_tax_rate"", ""module"": ""conjoint"", ""round"": 4, ""rendered_prompt"": ""Without providing any explanation, sample at random from [\""10% flat tax\"", \""Progressive (15-35%)\"", \""Current rates maintained\""]."", ""response"": ""Progressive (15-35%)""}"
2026-04-05T11:59:58.225055+00:00,facilitator_call,conjoint_policy_experiment_20260405T113918Z_bdod6b,conjoint_policy_experiment_20260405T113918Z_bdod6b_s1,conjoint_policy_experiment_20260405T113918Z_bdod6b_s1_conjoint_r4_g4,conjoint_policy_experiment_20260405T113918Z_bdod6b_4,"{""prompt_type"": ""FACILITATOR"", ""prompt_name"": ""profile_b_healthcare_spending"", ""module"": ""conjoint"", ""round"": 4, ""rendered_prompt"": ""Without providing any explanation, sample at random from [\""Increase by 20%\"", \""Maintain current levels\"", \""Decrease by 15%\""]."", ""response"": ""Decrease by 15%""}"
2026-04-05T12:00:00.568994+00:00,facilitator_call,conjoint_policy_experiment_20260405T113918Z_bdod6b,conjoint_policy_experiment_20260405T113918Z_bdod6b_s1,conjoint_policy_experiment_20260405T113918Z_bdod6b_s1_conjoint_r4_g4,conjoint_policy_experiment_20260405T113918Z_bdod6b_4,"{""prompt_type"": ""FACILITATOR"", ""prompt_name"": ""profile_b_education_spending"", ""module"": ""conjoint"", ""round"": 4, ""rendered_prompt"": ""Without providing any explanation, sample at random from [\""Double public school funding\"", \""Maintain current levels\"", \""Shift to voucher system\""]."", ""response"": ""Maintain current levels""}"
2026-04-05T12:00:03.141771+00:00,facilitator_call,conjoint_policy_experiment_20260405T113918Z_bdod6b,conjoint_policy_experiment_20260405T113918Z_bdod6b_s1,conjoint_policy_experiment_20260405T113918Z_bdod6b_s1_conjoint_r4_g4,conjoint_policy_experiment_20260405T113918Z_bdod6b_4,"{""prompt_type"": ""FACILITATOR"", ""prompt_name"": ""profile_b_immigration_policy"", ""module"": ""conjoint"", ""round"": 4, ""rendered_prompt"": ""Without providing any explanation, sample at random from [\""Open borders\"", \""Points-based system\"", \""Reduce by 50%\""]."", ""response"": ""Reduce by 50%""}"
2026-04-05T12:00:07.119167+00:00,facilitator_call,conjoint_policy_experiment_20260405T113918Z_bdod6b,conjoint_policy_experiment_20260405T113918Z_bdod6b_s1,conjoint_policy_experiment_20260405T113918Z_bdod6b_s1_conjoint_r4_g4,conjoint_policy_experiment_20260405T113918Z_bdod6b_4,"{""prompt_type"": ""FACILITATOR"", ""prompt_name"": ""profile_b_climate_policy"", ""module"": ""conjoint"", ""round"": 4, ""rendered_prompt"": ""Without providing any explanation, sample at random from [\""Carbon tax ($50/ton)\"", \""Green subsidies only\"", \""No new regulations\""]."", ""response"": ""Green subsidies only""}"
2026-04-05T12:00:26.767620+00:00,facilitator_call,conjoint_policy_experiment_20260405T113918Z_bdod6b,conjoint_policy_experiment_20260405T113918Z_bdod6b_s1,conjoint_policy_experiment_20260405T113918Z_bdod6b_s1_conjoint_r4_g5,conjoint_policy_experiment_20260405T113918Z_bdod6b_5,"{""prompt_type"": ""FACILITATOR"", ""prompt_name"": ""profile_a_tax_rate"", ""module"": ""conjoint"", ""round"": 4, ""rendered_prompt"": ""Without providing any explanation, sample at random from [\""10% flat tax\"", \""Progressive (15-35%)\"", \""Current rates maintained\""]."", ""response"": ""Progressive (15-35%)""}"
2026-04-05T12:00:29.457758+00:00,facilitator_call,conjoint_policy_experiment_20260405T113918Z_bdod6b,conjoint_policy_experiment_20260405T113918Z_bdod6b_s1,conjoint_policy_experiment_20260405T113918Z_bdod6b_s1_conjoint_r4_g5,conjoint_policy_experiment_20260405T113918Z_bdod6b_5,"{""prompt_type"": ""FACILITATOR"", ""prompt_name"": ""profile_a_healthcare_spending"", ""module"": ""conjoint"", ""round"": 4, ""rendered_prompt"": ""Without providing any explanation, sample at random from [\""Increase by 20%\"", \""Maintain current levels\"", \""Decrease by 15%\""]."", ""response"": ""Increase by 20%""}"
2026-04-05T12:00:32.341733+00:00,facilitator_call,conjoint_policy_experiment_20260405T113918Z_bdod6b,conjoint_policy_experiment_20260405T113918Z_bdod6b_s1,conjoint_policy_experiment_20260405T113918Z_bdod6b_s1_conjoint_r4_g5,conjoint_policy_experiment_20260405T113918Z_bdod6b_5,"{""prompt_type"": ""FACILITATOR"", ""prompt_name"": ""profile_a_education_spending"", ""module"": ""conjoint"", ""round"": 4, ""rendered_prompt"": ""Without providing any explanation, sample at random from [\""Double public school funding\"", \""Maintain current levels\"", \""Shift to voucher system\""]."", ""response"": ""Shift to voucher system""}"
2026-04-05T12:00:35.424677+00:00,facilitator_call,conjoint_policy_experiment_20260405T113918Z_bdod6b,conjoint_policy_experiment_20260405T113918Z_bdod6b_s1,conjoint_policy_experiment_20260405T113918Z_bdod6b_s1_conjoint_r4_g5,conjoint_policy_experiment_20260405T113918Z_bdod6b_5,"{""prompt_type"": ""FACILITATOR"", ""prompt_name"": ""profile_a_immigration_policy"", ""module"": ""conjoint"", ""round"": 4, ""rendered_prompt"": ""Without providing any explanation, sample at random from [\""Open borders\"", \""Points-based system\"", \""Reduce by 50%\""]."", ""response"": ""Points-based system""}"
2026-04-05T12:00:37.961966+00:00,facilitator_call,conjoint_policy_experiment_20260405T113918Z_bdod6b,conjoint_policy_experiment_20260405T113918Z_bdod6b_s1,conjoint_policy_experiment_20260405T113918Z_bdod6b_s1_conjoint_r4_g5,conjoint_policy_experiment_20260405T113918Z_bdod6b_5,"{""prompt_type"": ""FACILITATOR"", ""prompt_name"": ""profile_a_climate_policy"", ""module"": ""conjoint"", ""round"": 4, ""rendered_prompt"": ""Without providing any explanation, sample at random from [\""Carbon tax ($50/ton)\"", \""Green subsidies only\"", \""No new regulations\""]."", ""response"": ""Carbon tax ($50/ton)""}"
2026-04-05T12:00:40.760280+00:00,facilitator_call,conjoint_policy_experiment_20260405T113918Z_bdod6b,conjoint_policy_experiment_20260405T113918Z_bdod6b_s1,conjoint_policy_experiment_20260405T113918Z_bdod6b_s1_conjoint_r4_g5,conjoint_policy_experiment_20260405T113918Z_bdod6b_5,"{""prompt_type"": ""FACILITATOR"", ""prompt_name"": ""profile_b_tax_rate"", ""module"": ""conjoint"", ""round"": 4, ""rendered_prompt"": ""Without providing any explanation, sample at random from [\""10% flat tax\"", \""Progressive (15-35%)\"", \""Current rates maintained\""]."", ""response"": ""Progressive (15-35%)""}"
2026-04-05T12:00:43.048953+00:00,facilitator_call,conjoint_policy_experiment_20260405T113918Z_bdod6b,conjoint_policy_experiment_20260405T113918Z_bdod6b_s1,conjoint_policy_experiment_20260405T113918Z_bdod6b_s1_conjoint_r4_g5,conjoint_policy_experiment_20260405T113918Z_bdod6b_5,"{""prompt_type"": ""FACILITATOR"", ""prompt_name"": ""profile_b_healthcare_spending"", ""module"": ""conjoint"", ""round"": 4, ""rendered_prompt"": ""Without providing any explanation, sample at random from [\""Increase by 20%\"", \""Maintain current levels\"", \""Decrease by 15%\""]."", ""response"": ""Increase by 20%""}"
2026-04-05T12:00:46.047968+00:00,facilitator_call,conjoint_policy_experiment_20260405T113918Z_bdod6b,conjoint_policy_experiment_20260405T113918Z_bdod6b_s1,conjoint_policy_experiment_20260405T113918Z_bdod6b_s1_conjoint_r4_g5,conjoint_policy_experiment_20260405T113918Z_bdod6b_5,"{""prompt_type"": ""FACILITATOR"", ""prompt_name"": ""profile_b_education_spending"", ""module"": ""conjoint"", ""round"": 4, ""rendered_prompt"": ""Without providing any explanation, sample at random from [\""Double public school funding\"", \""Maintain current levels\"", \""Shift to voucher system\""]."", ""response"": ""Shift to voucher system""}"
2026-04-05T12:00:48.789699+00:00,facilitator_call,conjoint_policy_experiment_20260405T113918Z_bdod6b,conjoint_policy_experiment_20260405T113918Z_bdod6b_s1,conjoint_policy_experiment_20260405T113918Z_bdod6b_s1_conjoint_r4_g5,conjoint_policy_experiment_20260405T113918Z_bdod6b_5,"{""prompt_type"": ""FACILITATOR"", ""prompt_name"": ""profile_b_immigration_policy"", ""module"": ""conjoint"", ""round"": 4, ""rendered_prompt"": ""Without providing any explanation, sample at random from [\""Open borders\"", \""Points-based system\"", \""Reduce by 50%\""]."", ""response"": ""Points-based system""}"
2026-04-05T12:00:51.542792+00:00,facilitator_call,conjoint_policy_experiment_20260405T113918Z_bdod6b,conjoint_policy_experiment_20260405T113918Z_bdod6b_s1,conjoint_policy_experiment_20260405T113918Z_bdod6b_s1_conjoint_r4_g5,conjoint_policy_experiment_20260405T113918Z_bdod6b_5,"{""prompt_type"": ""FACILITATOR"", ""prompt_name"": ""profile_b_climate_policy"", ""module"": ""conjoint"", ""round"": 4, ""rendered_prompt"": ""Without providing any explanation, sample at random from [\""Carbon tax ($50/ton)\"", \""Green subsidies only\"", \""No new regulations\""]."", ""response"": ""Green subsidies only""}"
2026-04-05T12:01:07.081440+00:00,facilitator_call,conjoint_policy_experiment_20260405T113918Z_bdod6b,conjoint_policy_experiment_20260405T113918Z_bdod6b_s1,conjoint_policy_experiment_20260405T113918Z_bdod6b_s1_conjoint_r4_g6,conjoint_policy_experiment_20260405T113918Z_bdod6b_6,"{""prompt_type"": ""FACILITATOR"", ""prompt_name"": ""profile_a_tax_rate"", ""module"": ""conjoint"", ""round"": 4, ""rendered_prompt"": ""Without providing any explanation, sample at random from [\""10% flat tax\"", \""Progressive (15-35%)\"", \""Current rates maintained\""]."", ""response"": ""Current rates maintained""}"
2026-04-05T12:01:10.953149+00:00,facilitator_call,conjoint_policy_experiment_20260405T113918Z_bdod6b,conjoint_policy_experiment_20260405T113918Z_bdod6b_s1,conjoint_policy_experiment_20260405T113918Z_bdod6b_s1_conjoint_r4_g6,conjoint_policy_experiment_20260405T113918Z_bdod6b_6,"{""prompt_type"": ""FACILITATOR"", ""prompt_name"": ""profile_a_healthcare_spending"", ""module"": ""conjoint"", ""round"": 4, ""rendered_prompt"": ""Without providing any explanation, sample at random from [\""Increase by 20%\"", \""Maintain current levels\"", \""Decrease by 15%\""]."", ""response"": ""Maintain current levels""}"
2026-04-05T12:01:13.839068+00:00,facilitator_call,conjoint_policy_experiment_20260405T113918Z_bdod6b,conjoint_policy_experiment_20260405T113918Z_bdod6b_s1,conjoint_policy_experiment_20260405T113918Z_bdod6b_s1_conjoint_r4_g6,conjoint_policy_experiment_20260405T113918Z_bdod6b_6,"{""prompt_type"": ""FACILITATOR"", ""prompt_name"": ""profile_a_education_spending"", ""module"": ""conjoint"", ""round"": 4, ""rendered_prompt"": ""Without providing any explanation, sample at random from [\""Double public school funding\"", \""Maintain current levels\"", \""Shift to voucher system\""]."", ""response"": ""Maintain current levels""}"
2026-04-05T12:01:21.832005+00:00,facilitator_call,conjoint_policy_experiment_20260405T113918Z_bdod6b,conjoint_policy_experiment_20260405T113918Z_bdod6b_s1,conjoint_policy_experiment_20260405T113918Z_bdod6b_s1_conjoint_r4_g6,conjoint_policy_experiment_20260405T113918Z_bdod6b_6,"{""prompt_type"": ""FACILITATOR"", ""prompt_name"": ""profile_a_immigration_policy"", ""module"": ""conjoint"", ""round"": 4, ""rendered_prompt"": ""Without providing any explanation, sample at random from [\""Open borders\"", \""Points-based system\"", \""Reduce by 50%\""]."", ""response"": ""Reduce by 50%""}"
2026-04-05T12:01:24.396617+00:00,facilitator_call,conjoint_policy_experiment_20260405T113918Z_bdod6b,conjoint_policy_experiment_20260405T113918Z_bdod6b_s1,conjoint_policy_experiment_20260405T113918Z_bdod6b_s1_conjoint_r4_g6,conjoint_policy_experiment_20260405T113918Z_bdod6b_6,"{""prompt_type"": ""FACILITATOR"", ""prompt_name"": ""profile_a_climate_policy"", ""module"": ""conjoint"", ""round"": 4, ""rendered_prompt"": ""Without providing any explanation, sample at random from [\""Carbon tax ($50/ton)\"", \""Green subsidies only\"", \""No new regulations\""]."", ""response"": ""No new regulations""}"
2026-04-05T12:01:26.939008+00:00,facilitator_call,conjoint_policy_experiment_20260405T113918Z_bdod6b,conjoint_policy_experiment_20260405T113918Z_bdod6b_s1,conjoint_policy_experiment_20260405T113918Z_bdod6b_s1_conjoint_r4_g6,conjoint_policy_experiment_20260405T113918Z_bdod6b_6,"{""prompt_type"": ""FACILITATOR"", ""prompt_name"": ""profile_b_tax_rate"", ""module"": ""conjoint"", ""round"": 4, ""rendered_prompt"": ""Without providing any explanation, sample at random from [\""10% flat tax\"", \""Progressive (15-35%)\"", \""Current rates maintained\""]."", ""response"": ""10% flat tax""}"
2026-04-05T12:01:29.774465+00:00,facilitator_call,conjoint_policy_experiment_20260405T113918Z_bdod6b,conjoint_policy_experiment_20260405T113918Z_bdod6b_s1,conjoint_policy_experiment_20260405T113918Z_bdod6b_s1_conjoint_r4_g6,conjoint_policy_experiment_20260405T113918Z_bdod6b_6,"{""prompt_type"": ""FACILITATOR"", ""prompt_name"": ""profile_b_healthcare_spending"", ""module"": ""conjoint"", ""round"": 4, ""rendered_prompt"": ""Without providing any explanation, sample at random from [\""Increase by 20%\"", \""Maintain current levels\"", \""Decrease by 15%\""]."", ""response"": ""Increase by 20%""}"
2026-04-05T12:01:33.874292+00:00,facilitator_call,conjoint_policy_experiment_20260405T113918Z_bdod6b,conjoint_policy_experiment_20260405T113918Z_bdod6b_s1,conjoint_policy_experiment_20260405T113918Z_bdod6b_s1_conjoint_r4_g6,conjoint_policy_experiment_20260405T113918Z_bdod6b_6,"{""prompt_type"": ""FACILITATOR"", ""prompt_name"": ""profile_b_education_spending"", ""module"": ""conjoint"", ""round"": 4, ""rendered_prompt"": ""Without providing any explanation, sample at random from [\""Double public school funding\"", \""Maintain current levels\"", \""Shift to voucher system\""]."", ""response"": ""Maintain current levels""}"
2026-04-05T12:01:36.328387+00:00,facilitator_call,conjoint_policy_experiment_20260405T113918Z_bdod6b,conjoint_policy_experiment_20260405T113918Z_bdod6b_s1,conjoint_policy_experiment_20260405T113918Z_bdod6b_s1_conjoint_r4_g6,conjoint_policy_experiment_20260405T113918Z_bdod6b_6,"{""prompt_type"": ""FACILITATOR"", ""prompt_name"": ""profile_b_immigration_policy"", ""module"": ""conjoint"", ""round"": 4, ""rendered_prompt"": ""Without providing any explanation, sample at random from [\""Open borders\"", \""Points-based system\"", \""Reduce by 50%\""]."", ""response"": ""Open borders""}"
2026-04-05T12:01:39.504704+00:00,facilitator_call,conjoint_policy_experiment_20260405T113918Z_bdod6b,conjoint_policy_experiment_20260405T113918Z_bdod6b_s1,conjoint_policy_experiment_20260405T113918Z_bdod6b_s1_conjoint_r4_g6,conjoint_policy_experiment_20260405T113918Z_bdod6b_6,"{""prompt_type"": ""FACILITATOR"", ""prompt_name"": ""profile_b_climate_policy"", ""module"": ""conjoint"", ""round"": 4, ""rendered_prompt"": ""Without providing any explanation, sample at random from [\""Carbon tax ($50/ton)\"", \""Green subsidies only\"", \""No new regulations\""]."", ""response"": ""Green subsidies only""}"
2026-04-05T12:01:56.715489+00:00,facilitator_call,conjoint_policy_experiment_20260405T113918Z_bdod6b,conjoint_policy_experiment_20260405T113918Z_bdod6b_s1,conjoint_policy_experiment_20260405T113918Z_bdod6b_s1_conjoint_r4_g7,conjoint_policy_experiment_20260405T113918Z_bdod6b_7,"{""prompt_type"": ""FACILITATOR"", ""prompt_name"": ""profile_a_tax_rate"", ""module"": ""conjoint"", ""round"": 4, ""rendered_prompt"": ""Without providing any explanation, sample at random from [\""10% flat tax\"", \""Progressive (15-35%)\"", \""Current rates maintained\""]."", ""response"": ""10% flat tax""}"
2026-04-05T12:01:59.577075+00:00,facilitator_call,conjoint_policy_experiment_20260405T113918Z_bdod6b,conjoint_policy_experiment_20260405T113918Z_bdod6b_s1,conjoint_policy_experiment_20260405T113918Z_bdod6b_s1_conjoint_r4_g7,conjoint_policy_experiment_20260405T113918Z_bdod6b_7,"{""prompt_type"": ""FACILITATOR"", ""prompt_name"": ""profile_a_healthcare_spending"", ""module"": ""conjoint"", ""round"": 4, ""rendered_prompt"": ""Without providing any explanation, sample at random from [\""Increase by 20%\"", \""Maintain current levels\"", \""Decrease by 15%\""]."", ""response"": ""Increase by 20%""}"
2026-04-05T12:02:02.493241+00:00,facilitator_call,conjoint_policy_experiment_20260405T113918Z_bdod6b,conjoint_policy_experiment_20260405T113918Z_bdod6b_s1,conjoint_policy_experiment_20260405T113918Z_bdod6b_s1_conjoint_r4_g7,conjoint_policy_experiment_20260405T113918Z_bdod6b_7,"{""prompt_type"": ""FACILITATOR"", ""prompt_name"": ""profile_a_education_spending"", ""module"": ""conjoint"", ""round"": 4, ""rendered_prompt"": ""Without providing any explanation, sample at random from [\""Double public school funding\"", \""Maintain current levels\"", \""Shift to voucher system\""]."", ""response"": ""Maintain current levels""}"
2026-04-05T12:02:05.615598+00:00,facilitator_call,conjoint_policy_experiment_20260405T113918Z_bdod6b,conjoint_policy_experiment_20260405T113918Z_bdod6b_s1,conjoint_policy_experiment_20260405T113918Z_bdod6b_s1_conjoint_r4_g7,conjoint_policy_experiment_20260405T113918Z_bdod6b_7,"{""prompt_type"": ""FACILITATOR"", ""prompt_name"": ""profile_a_immigration_policy"", ""module"": ""conjoint"", ""round"": 4, ""rendered_prompt"": ""Without providing any explanation, sample at random from [\""Open borders\"", \""Points-based system\"", \""Reduce by 50%\""]."", ""response"": ""Open borders""}"
2026-04-05T12:02:08.233732+00:00,facilitator_call,conjoint_policy_experiment_20260405T113918Z_bdod6b,conjoint_policy_experiment_20260405T113918Z_bdod6b_s1,conjoint_policy_experiment_20260405T113918Z_bdod6b_s1_conjoint_r4_g7,conjoint_policy_experiment_20260405T113918Z_bdod6b_7,"{""prompt_type"": ""FACILITATOR"", ""prompt_name"": ""profile_a_climate_policy"", ""module"": ""conjoint"", ""round"": 4, ""rendered_prompt"": ""Without providing any explanation, sample at random from [\""Carbon tax ($50/ton)\"", \""Green subsidies only\"", \""No new regulations\""]."", ""response"": ""Green subsidies only""}"
2026-04-05T12:02:12.549276+00:00,facilitator_call,conjoint_policy_experiment_20260405T113918Z_bdod6b,conjoint_policy_experiment_20260405T113918Z_bdod6b_s1,conjoint_policy_experiment_20260405T113918Z_bdod6b_s1_conjoint_r4_g7,conjoint_policy_experiment_20260405T113918Z_bdod6b_7,"{""prompt_type"": ""FACILITATOR"", ""prompt_name"": ""profile_b_tax_rate"", ""module"": ""conjoint"", ""round"": 4, ""rendered_prompt"": ""Without providing any explanation, sample at random from [\""10% flat tax\"", \""Progressive (15-35%)\"", \""Current rates maintained\""]."", ""response"": ""Progressive (15-35%)""}"
2026-04-05T12:02:15.237112+00:00,facilitator_call,conjoint_policy_experiment_20260405T113918Z_bdod6b,conjoint_policy_experiment_20260405T113918Z_bdod6b_s1,conjoint_policy_experiment_20260405T113918Z_bdod6b_s1_conjoint_r4_g7,conjoint_policy_experiment_20260405T113918Z_bdod6b_7,"{""prompt_type"": ""FACILITATOR"", ""prompt_name"": ""profile_b_healthcare_spending"", ""module"": ""conjoint"", ""round"": 4, ""rendered_prompt"": ""Without providing any explanation, sample at random from [\""Increase by 20%\"", \""Maintain current levels\"", \""Decrease by 15%\""]."", ""response"": ""Maintain current levels""}"
2026-04-05T12:02:17.859573+00:00,facilitator_call,conjoint_policy_experiment_20260405T113918Z_bdod6b,conjoint_policy_experiment_20260405T113918Z_bdod6b_s1,conjoint_policy_experiment_20260405T113918Z_bdod6b_s1_conjoint_r4_g7,conjoint_policy_experiment_20260405T113918Z_bdod6b_7,"{""prompt_type"": ""FACILITATOR"", ""prompt_name"": ""profile_b_education_spending"", ""module"": ""conjoint"", ""round"": 4, ""rendered_prompt"": ""Without providing any explanation, sample at random from [\""Double public school funding\"", \""Maintain current levels\"", \""Shift to voucher system\""]."", ""response"": ""Maintain current levels""}"
2026-04-05T12:02:21.711986+00:00,facilitator_call,conjoint_policy_experiment_20260405T113918Z_bdod6b,conjoint_policy_experiment_20260405T113918Z_bdod6b_s1,conjoint_policy_experiment_20260405T113918Z_bdod6b_s1_conjoint_r4_g7,conjoint_policy_experiment_20260405T113918Z_bdod6b_7,"{""prompt_type"": ""FACILITATOR"", ""prompt_name"": ""profile_b_immigration_policy"", ""module"": ""conjoint"", ""round"": 4, ""rendered_prompt"": ""Without providing any explanation, sample at random from [\""Open borders\"", \""Points-based system\"", \""Reduce by 50%\""]."", ""response"": ""Points-based system""}"
2026-04-05T12:02:23.741600+00:00,facilitator_call,conjoint_policy_experiment_20260405T113918Z_bdod6b,conjoint_policy_experiment_20260405T113918Z_bdod6b_s1,conjoint_policy_experiment_20260405T113918Z_bdod6b_s1_conjoint_r4_g7,conjoint_policy_experiment_20260405T113918Z_bdod6b_7,"{""prompt_type"": ""FACILITATOR"", ""prompt_name"": ""profile_b_climate_policy"", ""module"": ""conjoint"", ""round"": 4, ""rendered_prompt"": ""Without providing any explanation, sample at random from [\""Carbon tax ($50/ton)\"", \""Green subsidies only\"", \""No new regulations\""]."", ""response"": ""Carbon tax ($50/ton)""}"
2026-04-05T12:02:41.930414+00:00,facilitator_call,conjoint_policy_experiment_20260405T113918Z_bdod6b,conjoint_policy_experiment_20260405T113918Z_bdod6b_s1,conjoint_policy_experiment_20260405T113918Z_bdod6b_s1_conjoint_r4_g8,conjoint_policy_experiment_20260405T113918Z_bdod6b_8,"{""prompt_type"": ""FACILITATOR"", ""prompt_name"": ""profile_a_tax_rate"", ""module"": ""conjoint"", ""round"": 4, ""rendered_prompt"": ""Without providing any explanation, sample at random from [\""10% flat tax\"", \""Progressive (15-35%)\"", \""Current rates maintained\""]."", ""response"": ""10% flat tax""}"
2026-04-05T12:02:45.245055+00:00,facilitator_call,conjoint_policy_experiment_20260405T113918Z_bdod6b,conjoint_policy_experiment_20260405T113918Z_bdod6b_s1,conjoint_policy_experiment_20260405T113918Z_bdod6b_s1_conjoint_r4_g8,conjoint_policy_experiment_20260405T113918Z_bdod6b_8,"{""prompt_type"": ""FACILITATOR"", ""prompt_name"": ""profile_a_healthcare_spending"", ""module"": ""conjoint"", ""round"": 4, ""rendered_prompt"": ""Without providing any explanation, sample at random from [\""Increase by 20%\"", \""Maintain current levels\"", \""Decrease by 15%\""]."", ""response"": ""Increase by 20%""}"
2026-04-05T12:02:47.597676+00:00,facilitator_call,conjoint_policy_experiment_20260405T113918Z_bdod6b,conjoint_policy_experiment_20260405T113918Z_bdod6b_s1,conjoint_policy_experiment_20260405T113918Z_bdod6b_s1_conjoint_r4_g8,conjoint_policy_experiment_20260405T113918Z_bdod6b_8,"{""prompt_type"": ""FACILITATOR"", ""prompt_name"": ""profile_a_education_spending"", ""module"": ""conjoint"", ""round"": 4, ""rendered_prompt"": ""Without providing any explanation, sample at random from [\""Double public school funding\"", \""Maintain current levels\"", \""Shift to voucher system\""]."", ""response"": ""Shift to voucher system""}"
2026-04-05T12:02:49.869995+00:00,facilitator_call,conjoint_policy_experiment_20260405T113918Z_bdod6b,conjoint_policy_experiment_20260405T113918Z_bdod6b_s1,conjoint_policy_experiment_20260405T113918Z_bdod6b_s1_conjoint_r4_g8,conjoint_policy_experiment_20260405T113918Z_bdod6b_8,"{""prompt_type"": ""FACILITATOR"", ""prompt_name"": ""profile_a_immigration_policy"", ""module"": ""conjoint"", ""round"": 4, ""rendered_prompt"": ""Without providing any explanation, sample at random from [\""Open borders\"", \""Points-based system\"", \""Reduce by 50%\""]."", ""response"": ""Open borders""}"
2026-04-05T12:02:52.680213+00:00,facilitator_call,conjoint_policy_experiment_20260405T113918Z_bdod6b,conjoint_policy_experiment_20260405T113918Z_bdod6b_s1,conjoint_policy_experiment_20260405T113918Z_bdod6b_s1_conjoint_r4_g8,conjoint_policy_experiment_20260405T113918Z_bdod6b_8,"{""prompt_type"": ""FACILITATOR"", ""prompt_name"": ""profile_a_climate_policy"", ""module"": ""conjoint"", ""round"": 4, ""rendered_prompt"": ""Without providing any explanation, sample at random from [\""Carbon tax ($50/ton)\"", \""Green subsidies only\"", \""No new regulations\""]."", ""response"": ""Carbon tax ($50/ton)""}"
2026-04-05T12:02:55.783979+00:00,facilitator_call,conjoint_policy_experiment_20260405T113918Z_bdod6b,conjoint_policy_experiment_20260405T113918Z_bdod6b_s1,conjoint_policy_experiment_20260405T113918Z_bdod6b_s1_conjoint_r4_g8,conjoint_policy_experiment_20260405T113918Z_bdod6b_8,"{""prompt_type"": ""FACILITATOR"", ""prompt_name"": ""profile_b_tax_rate"", ""module"": ""conjoint"", ""round"": 4, ""rendered_prompt"": ""Without providing any explanation, sample at random from [\""10% flat tax\"", \""Progressive (15-35%)\"", \""Current rates maintained\""]."", ""response"": ""Progressive (15-35%)""}"
2026-04-05T12:02:58.764857+00:00,facilitator_call,conjoint_policy_experiment_20260405T113918Z_bdod6b,conjoint_policy_experiment_20260405T113918Z_bdod6b_s1,conjoint_policy_experiment_20260405T113918Z_bdod6b_s1_conjoint_r4_g8,conjoint_policy_experiment_20260405T113918Z_bdod6b_8,"{""prompt_type"": ""FACILITATOR"", ""prompt_name"": ""profile_b_healthcare_spending"", ""module"": ""conjoint"", ""round"": 4, ""rendered_prompt"": ""Without providing any explanation, sample at random from [\""Increase by 20%\"", \""Maintain current levels\"", \""Decrease by 15%\""]."", ""response"": ""Decrease by 15%""}"
2026-04-05T12:03:01.723606+00:00,facilitator_call,conjoint_policy_experiment_20260405T113918Z_bdod6b,conjoint_policy_experiment_20260405T113918Z_bdod6b_s1,conjoint_policy_experiment_20260405T113918Z_bdod6b_s1_conjoint_r4_g8,conjoint_policy_experiment_20260405T113918Z_bdod6b_8,"{""prompt_type"": ""FACILITATOR"", ""prompt_name"": ""profile_b_education_spending"", ""module"": ""conjoint"", ""round"": 4, ""rendered_prompt"": ""Without providing any explanation, sample at random from [\""Double public school funding\"", \""Maintain current levels\"", \""Shift to voucher system\""]."", ""response"": ""Shift to voucher system""}"
2026-04-05T12:03:04.595088+00:00,facilitator_call,conjoint_policy_experiment_20260405T113918Z_bdod6b,conjoint_policy_experiment_20260405T113918Z_bdod6b_s1,conjoint_policy_experiment_20260405T113918Z_bdod6b_s1_conjoint_r4_g8,conjoint_policy_experiment_20260405T113918Z_bdod6b_8,"{""prompt_type"": ""FACILITATOR"", ""prompt_name"": ""profile_b_immigration_policy"", ""module"": ""conjoint"", ""round"": 4, ""rendered_prompt"": ""Without providing any explanation, sample at random from [\""Open borders\"", \""Points-based system\"", \""Reduce by 50%\""]."", ""response"": ""Points-based system""}"
2026-04-05T12:03:07.958507+00:00,facilitator_call,conjoint_policy_experiment_20260405T113918Z_bdod6b,conjoint_policy_experiment_20260405T113918Z_bdod6b_s1,conjoint_policy_experiment_20260405T113918Z_bdod6b_s1_conjoint_r4_g8,conjoint_policy_experiment_20260405T113918Z_bdod6b_8,"{""prompt_type"": ""FACILITATOR"", ""prompt_name"": ""profile_b_climate_policy"", ""module"": ""conjoint"", ""round"": 4, ""rendered_prompt"": ""Without providing any explanation, sample at random from [\""Carbon tax ($50/ton)\"", \""Green subsidies only\"", \""No new regulations\""]."", ""response"": ""Green subsidies only""}"
2026-04-05T12:03:31.862386+00:00,facilitator_call,conjoint_policy_experiment_20260405T113918Z_bdod6b,conjoint_policy_experiment_20260405T113918Z_bdod6b_s1,conjoint_policy_experiment_20260405T113918Z_bdod6b_s1_conjoint_r5_g1,conjoint_policy_experiment_20260405T113918Z_bdod6b_1,"{""prompt_type"": ""FACILITATOR"", ""prompt_name"": ""profile_a_tax_rate"", ""module"": ""conjoint"", ""round"": 5, ""rendered_prompt"": ""Without providing any explanation, sample at random from [\""10% flat tax\"", \""Progressive (15-35%)\"", \""Current rates maintained\""]."", ""response"": ""Progressive (15-35%)""}"
2026-04-05T12:03:34.281344+00:00,facilitator_call,conjoint_policy_experiment_20260405T113918Z_bdod6b,conjoint_policy_experiment_20260405T113918Z_bdod6b_s1,conjoint_policy_experiment_20260405T113918Z_bdod6b_s1_conjoint_r5_g1,conjoint_policy_experiment_20260405T113918Z_bdod6b_1,"{""prompt_type"": ""FACILITATOR"", ""prompt_name"": ""profile_a_healthcare_spending"", ""module"": ""conjoint"", ""round"": 5, ""rendered_prompt"": ""Without providing any explanation, sample at random from [\""Increase by 20%\"", \""Maintain current levels\"", \""Decrease by 15%\""]."", ""response"": ""Decrease by 15%""}"
2026-04-05T12:03:36.560849+00:00,facilitator_call,conjoint_policy_experiment_20260405T113918Z_bdod6b,conjoint_policy_experiment_20260405T113918Z_bdod6b_s1,conjoint_policy_experiment_20260405T113918Z_bdod6b_s1_conjoint_r5_g1,conjoint_policy_experiment_20260405T113918Z_bdod6b_1,"{""prompt_type"": ""FACILITATOR"", ""prompt_name"": ""profile_a_education_spending"", ""module"": ""conjoint"", ""round"": 5, ""rendered_prompt"": ""Without providing any explanation, sample at random from [\""Double public school funding\"", \""Maintain current levels\"", \""Shift to voucher system\""]."", ""response"": ""Double public school funding""}"
2026-04-05T12:03:39.311761+00:00,facilitator_call,conjoint_policy_experiment_20260405T113918Z_bdod6b,conjoint_policy_experiment_20260405T113918Z_bdod6b_s1,conjoint_policy_experiment_20260405T113918Z_bdod6b_s1_conjoint_r5_g1,conjoint_policy_experiment_20260405T113918Z_bdod6b_1,"{""prompt_type"": ""FACILITATOR"", ""prompt_name"": ""profile_a_immigration_policy"", ""module"": ""conjoint"", ""round"": 5, ""rendered_prompt"": ""Without providing any explanation, sample at random from [\""Open borders\"", \""Points-based system\"", \""Reduce by 50%\""]."", ""response"": ""Open borders""}"
2026-04-05T12:03:42.180668+00:00,facilitator_call,conjoint_policy_experiment_20260405T113918Z_bdod6b,conjoint_policy_experiment_20260405T113918Z_bdod6b_s1,conjoint_policy_experiment_20260405T113918Z_bdod6b_s1_conjoint_r5_g1,conjoint_policy_experiment_20260405T113918Z_bdod6b_1,"{""prompt_type"": ""FACILITATOR"", ""prompt_name"": ""profile_a_climate_policy"", ""module"": ""conjoint"", ""round"": 5, ""rendered_prompt"": ""Without providing any explanation, sample at random from [\""Carbon tax ($50/ton)\"", \""Green subsidies only\"", \""No new regulations\""]."", ""response"": ""Carbon tax ($50/ton)""}"
2026-04-05T12:03:45.907249+00:00,facilitator_call,conjoint_policy_experiment_20260405T113918Z_bdod6b,conjoint_policy_experiment_20260405T113918Z_bdod6b_s1,conjoint_policy_experiment_20260405T113918Z_bdod6b_s1_conjoint_r5_g1,conjoint_policy_experiment_20260405T113918Z_bdod6b_1,"{""prompt_type"": ""FACILITATOR"", ""prompt_name"": ""profile_b_tax_rate"", ""module"": ""conjoint"", ""round"": 5, ""rendered_prompt"": ""Without providing any explanation, sample at random from [\""10% flat tax\"", \""Progressive (15-35%)\"", \""Current rates maintained\""]."", ""response"": ""Current rates maintained""}"
2026-04-05T12:03:48.269917+00:00,facilitator_call,conjoint_policy_experiment_20260405T113918Z_bdod6b,conjoint_policy_experiment_20260405T113918Z_bdod6b_s1,conjoint_policy_experiment_20260405T113918Z_bdod6b_s1_conjoint_r5_g1,conjoint_policy_experiment_20260405T113918Z_bdod6b_1,"{""prompt_type"": ""FACILITATOR"", ""prompt_name"": ""profile_b_healthcare_spending"", ""module"": ""conjoint"", ""round"": 5, ""rendered_prompt"": ""Without providing any explanation, sample at random from [\""Increase by 20%\"", \""Maintain current levels\"", \""Decrease by 15%\""]."", ""response"": ""Decrease by 15%""}"
2026-04-05T12:03:51.000310+00:00,facilitator_call,conjoint_policy_experiment_20260405T113918Z_bdod6b,conjoint_policy_experiment_20260405T113918Z_bdod6b_s1,conjoint_policy_experiment_20260405T113918Z_bdod6b_s1_conjoint_r5_g1,conjoint_policy_experiment_20260405T113918Z_bdod6b_1,"{""prompt_type"": ""FACILITATOR"", ""prompt_name"": ""profile_b_education_spending"", ""module"": ""conjoint"", ""round"": 5, ""rendered_prompt"": ""Without providing any explanation, sample at random from [\""Double public school funding\"", \""Maintain current levels\"", \""Shift to voucher system\""]."", ""response"": ""Double public school funding""}"
2026-04-05T12:03:53.136722+00:00,facilitator_call,conjoint_policy_experiment_20260405T113918Z_bdod6b,conjoint_policy_experiment_20260405T113918Z_bdod6b_s1,conjoint_policy_experiment_20260405T113918Z_bdod6b_s1_conjoint_r5_g1,conjoint_policy_experiment_20260405T113918Z_bdod6b_1,"{""prompt_type"": ""FACILITATOR"", ""prompt_name"": ""profile_b_immigration_policy"", ""module"": ""conjoint"", ""round"": 5, ""rendered_prompt"": ""Without providing any explanation, sample at random from [\""Open borders\"", \""Points-based system\"", \""Reduce by 50%\""]."", ""response"": ""Points-based system""}"
2026-04-05T12:03:55.386130+00:00,facilitator_call,conjoint_policy_experiment_20260405T113918Z_bdod6b,conjoint_policy_experiment_20260405T113918Z_bdod6b_s1,conjoint_policy_experiment_20260405T113918Z_bdod6b_s1_conjoint_r5_g1,conjoint_policy_experiment_20260405T113918Z_bdod6b_1,"{""prompt_type"": ""FACILITATOR"", ""prompt_name"": ""profile_b_climate_policy"", ""module"": ""conjoint"", ""round"": 5, ""rendered_prompt"": ""Without providing any explanation, sample at random from [\""Carbon tax ($50/ton)\"", \""Green subsidies only\"", \""No new regulations\""]."", ""response"": ""No new regulations""}"
2026-04-05T12:04:09.474356+00:00,facilitator_call,conjoint_policy_experiment_20260405T113918Z_bdod6b,conjoint_policy_experiment_20260405T113918Z_bdod6b_s1,conjoint_policy_experiment_20260405T113918Z_bdod6b_s1_conjoint_r5_g2,conjoint_policy_experiment_20260405T113918Z_bdod6b_2,"{""prompt_type"": ""FACILITATOR"", ""prompt_name"": ""profile_a_tax_rate"", ""module"": ""conjoint"", ""round"": 5, ""rendered_prompt"": ""Without providing any explanation, sample at random from [\""10% flat tax\"", \""Progressive (15-35%)\"", \""Current rates maintained\""]."", ""response"": ""10% flat tax""}"
2026-04-05T12:04:11.799144+00:00,facilitator_call,conjoint_policy_experiment_20260405T113918Z_bdod6b,conjoint_policy_experiment_20260405T113918Z_bdod6b_s1,conjoint_policy_experiment_20260405T113918Z_bdod6b_s1_conjoint_r5_g2,conjoint_policy_experiment_20260405T113918Z_bdod6b_2,"{""prompt_type"": ""FACILITATOR"", ""prompt_name"": ""profile_a_healthcare_spending"", ""module"": ""conjoint"", ""round"": 5, ""rendered_prompt"": ""Without providing any explanation, sample at random from [\""Increase by 20%\"", \""Maintain current levels\"", \""Decrease by 15%\""]."", ""response"": ""Maintain current levels""}"
2026-04-05T12:04:14.109235+00:00,facilitator_call,conjoint_policy_experiment_20260405T113918Z_bdod6b,conjoint_policy_experiment_20260405T113918Z_bdod6b_s1,conjoint_policy_experiment_20260405T113918Z_bdod6b_s1_conjoint_r5_g2,conjoint_policy_experiment_20260405T113918Z_bdod6b_2,"{""prompt_type"": ""FACILITATOR"", ""prompt_name"": ""profile_a_education_spending"", ""module"": ""conjoint"", ""round"": 5, ""rendered_prompt"": ""Without providing any explanation, sample at random from [\""Double public school funding\"", \""Maintain current levels\"", \""Shift to voucher system\""]."", ""response"": ""Maintain current levels""}"
2026-04-05T12:04:16.964366+00:00,facilitator_call,conjoint_policy_experiment_20260405T113918Z_bdod6b,conjoint_policy_experiment_20260405T113918Z_bdod6b_s1,conjoint_policy_experiment_20260405T113918Z_bdod6b_s1_conjoint_r5_g2,conjoint_policy_experiment_20260405T113918Z_bdod6b_2,"{""prompt_type"": ""FACILITATOR"", ""prompt_name"": ""profile_a_immigration_policy"", ""module"": ""conjoint"", ""round"": 5, ""rendered_prompt"": ""Without providing any explanation, sample at random from [\""Open borders\"", \""Points-based system\"", \""Reduce by 50%\""]."", ""response"": ""Points-based system""}"
2026-04-05T12:04:19.719346+00:00,facilitator_call,conjoint_policy_experiment_20260405T113918Z_bdod6b,conjoint_policy_experiment_20260405T113918Z_bdod6b_s1,conjoint_policy_experiment_20260405T113918Z_bdod6b_s1_conjoint_r5_g2,conjoint_policy_experiment_20260405T113918Z_bdod6b_2,"{""prompt_type"": ""FACILITATOR"", ""prompt_name"": ""profile_a_climate_policy"", ""module"": ""conjoint"", ""round"": 5, ""rendered_prompt"": ""Without providing any explanation, sample at random from [\""Carbon tax ($50/ton)\"", \""Green subsidies only\"", \""No new regulations\""]."", ""response"": ""No new regulations""}"
2026-04-05T12:04:22.149882+00:00,facilitator_call,conjoint_policy_experiment_20260405T113918Z_bdod6b,conjoint_policy_experiment_20260405T113918Z_bdod6b_s1,conjoint_policy_experiment_20260405T113918Z_bdod6b_s1_conjoint_r5_g2,conjoint_policy_experiment_20260405T113918Z_bdod6b_2,"{""prompt_type"": ""FACILITATOR"", ""prompt_name"": ""profile_b_tax_rate"", ""module"": ""conjoint"", ""round"": 5, ""rendered_prompt"": ""Without providing any explanation, sample at random from [\""10% flat tax\"", \""Progressive (15-35%)\"", \""Current rates maintained\""]."", ""response"": ""10% flat tax""}"
2026-04-05T12:04:24.703301+00:00,facilitator_call,conjoint_policy_experiment_20260405T113918Z_bdod6b,conjoint_policy_experiment_20260405T113918Z_bdod6b_s1,conjoint_policy_experiment_20260405T113918Z_bdod6b_s1_conjoint_r5_g2,conjoint_policy_experiment_20260405T113918Z_bdod6b_2,"{""prompt_type"": ""FACILITATOR"", ""prompt_name"": ""profile_b_healthcare_spending"", ""module"": ""conjoint"", ""round"": 5, ""rendered_prompt"": ""Without providing any explanation, sample at random from [\""Increase by 20%\"", \""Maintain current levels\"", \""Decrease by 15%\""]."", ""response"": ""Maintain current levels""}"
2026-04-05T12:04:27.269684+00:00,facilitator_call,conjoint_policy_experiment_20260405T113918Z_bdod6b,conjoint_policy_experiment_20260405T113918Z_bdod6b_s1,conjoint_policy_experiment_20260405T113918Z_bdod6b_s1_conjoint_r5_g2,conjoint_policy_experiment_20260405T113918Z_bdod6b_2,"{""prompt_type"": ""FACILITATOR"", ""prompt_name"": ""profile_b_education_spending"", ""module"": ""conjoint"", ""round"": 5, ""rendered_prompt"": ""Without providing any explanation, sample at random from [\""Double public school funding\"", \""Maintain current levels\"", \""Shift to voucher system\""]."", ""response"": ""Shift to voucher system""}"
2026-04-05T12:04:30.707305+00:00,facilitator_call,conjoint_policy_experiment_20260405T113918Z_bdod6b,conjoint_policy_experiment_20260405T113918Z_bdod6b_s1,conjoint_policy_experiment_20260405T113918Z_bdod6b_s1_conjoint_r5_g2,conjoint_policy_experiment_20260405T113918Z_bdod6b_2,"{""prompt_type"": ""FACILITATOR"", ""prompt_name"": ""profile_b_immigration_policy"", ""module"": ""conjoint"", ""round"": 5, ""rendered_prompt"": ""Without providing any explanation, sample at random from [\""Open borders\"", \""Points-based system\"", \""Reduce by 50%\""]."", ""response"": ""Reduce by 50%""}"
2026-04-05T12:04:34.404547+00:00,facilitator_call,conjoint_policy_experiment_20260405T113918Z_bdod6b,conjoint_policy_experiment_20260405T113918Z_bdod6b_s1,conjoint_policy_experiment_20260405T113918Z_bdod6b_s1_conjoint_r5_g2,conjoint_policy_experiment_20260405T113918Z_bdod6b_2,"{""prompt_type"": ""FACILITATOR"", ""prompt_name"": ""profile_b_climate_policy"", ""module"": ""conjoint"", ""round"": 5, ""rendered_prompt"": ""Without providing any explanation, sample at random from [\""Carbon tax ($50/ton)\"", \""Green subsidies only\"", \""No new regulations\""]."", ""response"": ""No new regulations""}"
2026-04-05T12:04:49.458063+00:00,facilitator_call,conjoint_policy_experiment_20260405T113918Z_bdod6b,conjoint_policy_experiment_20260405T113918Z_bdod6b_s1,conjoint_policy_experiment_20260405T113918Z_bdod6b_s1_conjoint_r5_g3,conjoint_policy_experiment_20260405T113918Z_bdod6b_3,"{""prompt_type"": ""FACILITATOR"", ""prompt_name"": ""profile_a_tax_rate"", ""module"": ""conjoint"", ""round"": 5, ""rendered_prompt"": ""Without providing any explanation, sample at random from [\""10% flat tax\"", \""Progressive (15-35%)\"", \""Current rates maintained\""]."", ""response"": ""Progressive (15-35%)""}"
2026-04-05T12:04:53.838800+00:00,facilitator_call,conjoint_policy_experiment_20260405T113918Z_bdod6b,conjoint_policy_experiment_20260405T113918Z_bdod6b_s1,conjoint_policy_experiment_20260405T113918Z_bdod6b_s1_conjoint_r5_g3,conjoint_policy_experiment_20260405T113918Z_bdod6b_3,"{""prompt_type"": ""FACILITATOR"", ""prompt_name"": ""profile_a_healthcare_spending"", ""module"": ""conjoint"", ""round"": 5, ""rendered_prompt"": ""Without providing any explanation, sample at random from [\""Increase by 20%\"", \""Maintain current levels\"", \""Decrease by 15%\""]."", ""response"": ""Maintain current levels""}"
2026-04-05T12:04:56.417852+00:00,facilitator_call,conjoint_policy_experiment_20260405T113918Z_bdod6b,conjoint_policy_experiment_20260405T113918Z_bdod6b_s1,conjoint_policy_experiment_20260405T113918Z_bdod6b_s1_conjoint_r5_g3,conjoint_policy_experiment_20260405T113918Z_bdod6b_3,"{""prompt_type"": ""FACILITATOR"", ""prompt_name"": ""profile_a_education_spending"", ""module"": ""conjoint"", ""round"": 5, ""rendered_prompt"": ""Without providing any explanation, sample at random from [\""Double public school funding\"", \""Maintain current levels\"", \""Shift to voucher system\""]."", ""response"": ""Shift to voucher system""}"
2026-04-05T12:04:59.269705+00:00,facilitator_call,conjoint_policy_experiment_20260405T113918Z_bdod6b,conjoint_policy_experiment_20260405T113918Z_bdod6b_s1,conjoint_policy_experiment_20260405T113918Z_bdod6b_s1_conjoint_r5_g3,conjoint_policy_experiment_20260405T113918Z_bdod6b_3,"{""prompt_type"": ""FACILITATOR"", ""prompt_name"": ""profile_a_immigration_policy"", ""module"": ""conjoint"", ""round"": 5, ""rendered_prompt"": ""Without providing any explanation, sample at random from [\""Open borders\"", \""Points-based system\"", \""Reduce by 50%\""]."", ""response"": ""Reduce by 50%""}"
2026-04-05T12:05:02.259137+00:00,facilitator_call,conjoint_policy_experiment_20260405T113918Z_bdod6b,conjoint_policy_experiment_20260405T113918Z_bdod6b_s1,conjoint_policy_experiment_20260405T113918Z_bdod6b_s1_conjoint_r5_g3,conjoint_policy_experiment_20260405T113918Z_bdod6b_3,"{""prompt_type"": ""FACILITATOR"", ""prompt_name"": ""profile_a_climate_policy"", ""module"": ""conjoint"", ""round"": 5, ""rendered_prompt"": ""Without providing any explanation, sample at random from [\""Carbon tax ($50/ton)\"", \""Green subsidies only\"", \""No new regulations\""]."", ""response"": ""Green subsidies only""}"
2026-04-05T12:05:04.311028+00:00,facilitator_call,conjoint_policy_experiment_20260405T113918Z_bdod6b,conjoint_policy_experiment_20260405T113918Z_bdod6b_s1,conjoint_policy_experiment_20260405T113918Z_bdod6b_s1_conjoint_r5_g3,conjoint_policy_experiment_20260405T113918Z_bdod6b_3,"{""prompt_type"": ""FACILITATOR"", ""prompt_name"": ""profile_b_tax_rate"", ""module"": ""conjoint"", ""round"": 5, ""rendered_prompt"": ""Without providing any explanation, sample at random from [\""10% flat tax\"", \""Progressive (15-35%)\"", \""Current rates maintained\""]."", ""response"": ""Progressive (15-35%)""}"
2026-04-05T12:05:06.556399+00:00,facilitator_call,conjoint_policy_experiment_20260405T113918Z_bdod6b,conjoint_policy_experiment_20260405T113918Z_bdod6b_s1,conjoint_policy_experiment_20260405T113918Z_bdod6b_s1_conjoint_r5_g3,conjoint_policy_experiment_20260405T113918Z_bdod6b_3,"{""prompt_type"": ""FACILITATOR"", ""prompt_name"": ""profile_b_healthcare_spending"", ""module"": ""conjoint"", ""round"": 5, ""rendered_prompt"": ""Without providing any explanation, sample at random from [\""Increase by 20%\"", \""Maintain current levels\"", \""Decrease by 15%\""]."", ""response"": ""Maintain current levels""}"
2026-04-05T12:05:09.366910+00:00,facilitator_call,conjoint_policy_experiment_20260405T113918Z_bdod6b,conjoint_policy_experiment_20260405T113918Z_bdod6b_s1,conjoint_policy_experiment_20260405T113918Z_bdod6b_s1_conjoint_r5_g3,conjoint_policy_experiment_20260405T113918Z_bdod6b_3,"{""prompt_type"": ""FACILITATOR"", ""prompt_name"": ""profile_b_education_spending"", ""module"": ""conjoint"", ""round"": 5, ""rendered_prompt"": ""Without providing any explanation, sample at random from [\""Double public school funding\"", \""Maintain current levels\"", \""Shift to voucher system\""]."", ""response"": ""Double public school funding""}"
2026-04-05T12:05:11.171487+00:00,facilitator_call,conjoint_policy_experiment_20260405T113918Z_bdod6b,conjoint_policy_experiment_20260405T113918Z_bdod6b_s1,conjoint_policy_experiment_20260405T113918Z_bdod6b_s1_conjoint_r5_g3,conjoint_policy_experiment_20260405T113918Z_bdod6b_3,"{""prompt_type"": ""FACILITATOR"", ""prompt_name"": ""profile_b_immigration_policy"", ""module"": ""conjoint"", ""round"": 5, ""rendered_prompt"": ""Without providing any explanation, sample at random from [\""Open borders\"", \""Points-based system\"", \""Reduce by 50%\""]."", ""response"": ""Points-based system""}"
2026-04-05T12:05:15.157674+00:00,facilitator_call,conjoint_policy_experiment_20260405T113918Z_bdod6b,conjoint_policy_experiment_20260405T113918Z_bdod6b_s1,conjoint_policy_experiment_20260405T113918Z_bdod6b_s1_conjoint_r5_g3,conjoint_policy_experiment_20260405T113918Z_bdod6b_3,"{""prompt_type"": ""FACILITATOR"", ""prompt_name"": ""profile_b_climate_policy"", ""module"": ""conjoint"", ""round"": 5, ""rendered_prompt"": ""Without providing any explanation, sample at random from [\""Carbon tax ($50/ton)\"", \""Green subsidies only\"", \""No new regulations\""]."", ""response"": ""No new regulations""}"
2026-04-05T12:05:31.822397+00:00,facilitator_call,conjoint_policy_experiment_20260405T113918Z_bdod6b,conjoint_policy_experiment_20260405T113918Z_bdod6b_s1,conjoint_policy_experiment_20260405T113918Z_bdod6b_s1_conjoint_r5_g4,conjoint_policy_experiment_20260405T113918Z_bdod6b_4,"{""prompt_type"": ""FACILITATOR"", ""prompt_name"": ""profile_a_tax_rate"", ""module"": ""conjoint"", ""round"": 5, ""rendered_prompt"": ""Without providing any explanation, sample at random from [\""10% flat tax\"", \""Progressive (15-35%)\"", \""Current rates maintained\""]."", ""response"": ""10% flat tax""}"
2026-04-05T12:05:35.050937+00:00,facilitator_call,conjoint_policy_experiment_20260405T113918Z_bdod6b,conjoint_policy_experiment_20260405T113918Z_bdod6b_s1,conjoint_policy_experiment_20260405T113918Z_bdod6b_s1_conjoint_r5_g4,conjoint_policy_experiment_20260405T113918Z_bdod6b_4,"{""prompt_type"": ""FACILITATOR"", ""prompt_name"": ""profile_a_healthcare_spending"", ""module"": ""conjoint"", ""round"": 5, ""rendered_prompt"": ""Without providing any explanation, sample at random from [\""Increase by 20%\"", \""Maintain current levels\"", \""Decrease by 15%\""]."", ""response"": ""Maintain current levels""}"
2026-04-05T12:05:38.259255+00:00,facilitator_call,conjoint_policy_experiment_20260405T113918Z_bdod6b,conjoint_policy_experiment_20260405T113918Z_bdod6b_s1,conjoint_policy_experiment_20260405T113918Z_bdod6b_s1_conjoint_r5_g4,conjoint_policy_experiment_20260405T113918Z_bdod6b_4,"{""prompt_type"": ""FACILITATOR"", ""prompt_name"": ""profile_a_education_spending"", ""module"": ""conjoint"", ""round"": 5, ""rendered_prompt"": ""Without providing any explanation, sample at random from [\""Double public school funding\"", \""Maintain current levels\"", \""Shift to voucher system\""]."", ""response"": ""Maintain current levels""}"
2026-04-05T12:05:41.224028+00:00,facilitator_call,conjoint_policy_experiment_20260405T113918Z_bdod6b,conjoint_policy_experiment_20260405T113918Z_bdod6b_s1,conjoint_policy_experiment_20260405T113918Z_bdod6b_s1_conjoint_r5_g4,conjoint_policy_experiment_20260405T113918Z_bdod6b_4,"{""prompt_type"": ""FACILITATOR"", ""prompt_name"": ""profile_a_immigration_policy"", ""module"": ""conjoint"", ""round"": 5, ""rendered_prompt"": ""Without providing any explanation, sample at random from [\""Open borders\"", \""Points-based system\"", \""Reduce by 50%\""]."", ""response"": ""Open borders""}"
2026-04-05T12:05:44.762459+00:00,facilitator_call,conjoint_policy_experiment_20260405T113918Z_bdod6b,conjoint_policy_experiment_20260405T113918Z_bdod6b_s1,conjoint_policy_experiment_20260405T113918Z_bdod6b_s1_conjoint_r5_g4,conjoint_policy_experiment_20260405T113918Z_bdod6b_4,"{""prompt_type"": ""FACILITATOR"", ""prompt_name"": ""profile_a_climate_policy"", ""module"": ""conjoint"", ""round"": 5, ""rendered_prompt"": ""Without providing any explanation, sample at random from [\""Carbon tax ($50/ton)\"", \""Green subsidies only\"", \""No new regulations\""]."", ""response"": ""No new regulations""}"
2026-04-05T12:05:47.913762+00:00,facilitator_call,conjoint_policy_experiment_20260405T113918Z_bdod6b,conjoint_policy_experiment_20260405T113918Z_bdod6b_s1,conjoint_policy_experiment_20260405T113918Z_bdod6b_s1_conjoint_r5_g4,conjoint_policy_experiment_20260405T113918Z_bdod6b_4,"{""prompt_type"": ""FACILITATOR"", ""prompt_name"": ""profile_b_tax_rate"", ""module"": ""conjoint"", ""round"": 5, ""rendered_prompt"": ""Without providing any explanation, sample at random from [\""10% flat tax\"", \""Progressive (15-35%)\"", \""Current rates maintained\""]."", ""response"": ""Progressive (15-35%)""}"
2026-04-05T12:05:52.193973+00:00,facilitator_call,conjoint_policy_experiment_20260405T113918Z_bdod6b,conjoint_policy_experiment_20260405T113918Z_bdod6b_s1,conjoint_policy_experiment_20260405T113918Z_bdod6b_s1_conjoint_r5_g4,conjoint_policy_experiment_20260405T113918Z_bdod6b_4,"{""prompt_type"": ""FACILITATOR"", ""prompt_name"": ""profile_b_healthcare_spending"", ""module"": ""conjoint"", ""round"": 5, ""rendered_prompt"": ""Without providing any explanation, sample at random from [\""Increase by 20%\"", \""Maintain current levels\"", \""Decrease by 15%\""]."", ""response"": ""Maintain current levels""}"
2026-04-05T12:05:54.956339+00:00,facilitator_call,conjoint_policy_experiment_20260405T113918Z_bdod6b,conjoint_policy_experiment_20260405T113918Z_bdod6b_s1,conjoint_policy_experiment_20260405T113918Z_bdod6b_s1_conjoint_r5_g4,conjoint_policy_experiment_20260405T113918Z_bdod6b_4,"{""prompt_type"": ""FACILITATOR"", ""prompt_name"": ""profile_b_education_spending"", ""module"": ""conjoint"", ""round"": 5, ""rendered_prompt"": ""Without providing any explanation, sample at random from [\""Double public school funding\"", \""Maintain current levels\"", \""Shift to voucher system\""]."", ""response"": ""Shift to voucher system""}"
2026-04-05T12:05:57.353826+00:00,facilitator_call,conjoint_policy_experiment_20260405T113918Z_bdod6b,conjoint_policy_experiment_20260405T113918Z_bdod6b_s1,conjoint_policy_experiment_20260405T113918Z_bdod6b_s1_conjoint_r5_g4,conjoint_policy_experiment_20260405T113918Z_bdod6b_4,"{""prompt_type"": ""FACILITATOR"", ""prompt_name"": ""profile_b_immigration_policy"", ""module"": ""conjoint"", ""round"": 5, ""rendered_prompt"": ""Without providing any explanation, sample at random from [\""Open borders\"", \""Points-based system\"", \""Reduce by 50%\""]."", ""response"": ""Reduce by 50%""}"
2026-04-05T12:06:01.321456+00:00,facilitator_call,conjoint_policy_experiment_20260405T113918Z_bdod6b,conjoint_policy_experiment_20260405T113918Z_bdod6b_s1,conjoint_policy_experiment_20260405T113918Z_bdod6b_s1_conjoint_r5_g4,conjoint_policy_experiment_20260405T113918Z_bdod6b_4,"{""prompt_type"": ""FACILITATOR"", ""prompt_name"": ""profile_b_climate_policy"", ""module"": ""conjoint"", ""round"": 5, ""rendered_prompt"": ""Without providing any explanation, sample at random from [\""Carbon tax ($50/ton)\"", \""Green subsidies only\"", \""No new regulations\""]."", ""response"": ""Green subsidies only""}"
2026-04-05T12:06:18.237108+00:00,facilitator_call,conjoint_policy_experiment_20260405T113918Z_bdod6b,conjoint_policy_experiment_20260405T113918Z_bdod6b_s1,conjoint_policy_experiment_20260405T113918Z_bdod6b_s1_conjoint_r5_g5,conjoint_policy_experiment_20260405T113918Z_bdod6b_5,"{""prompt_type"": ""FACILITATOR"", ""prompt_name"": ""profile_a_tax_rate"", ""module"": ""conjoint"", ""round"": 5, ""rendered_prompt"": ""Without providing any explanation, sample at random from [\""10% flat tax\"", \""Progressive (15-35%)\"", \""Current rates maintained\""]."", ""response"": ""Progressive (15-35%)""}"
2026-04-05T12:06:20.543681+00:00,facilitator_call,conjoint_policy_experiment_20260405T113918Z_bdod6b,conjoint_policy_experiment_20260405T113918Z_bdod6b_s1,conjoint_policy_experiment_20260405T113918Z_bdod6b_s1_conjoint_r5_g5,conjoint_policy_experiment_20260405T113918Z_bdod6b_5,"{""prompt_type"": ""FACILITATOR"", ""prompt_name"": ""profile_a_healthcare_spending"", ""module"": ""conjoint"", ""round"": 5, ""rendered_prompt"": ""Without providing any explanation, sample at random from [\""Increase by 20%\"", \""Maintain current levels\"", \""Decrease by 15%\""]."", ""response"": ""Maintain current levels""}"
2026-04-05T12:06:22.896959+00:00,facilitator_call,conjoint_policy_experiment_20260405T113918Z_bdod6b,conjoint_policy_experiment_20260405T113918Z_bdod6b_s1,conjoint_policy_experiment_20260405T113918Z_bdod6b_s1_conjoint_r5_g5,conjoint_policy_experiment_20260405T113918Z_bdod6b_5,"{""prompt_type"": ""FACILITATOR"", ""prompt_name"": ""profile_a_education_spending"", ""module"": ""conjoint"", ""round"": 5, ""rendered_prompt"": ""Without providing any explanation, sample at random from [\""Double public school funding\"", \""Maintain current levels\"", \""Shift to voucher system\""]."", ""response"": ""Double public school funding""}"
2026-04-05T12:06:25.167937+00:00,facilitator_call,conjoint_policy_experiment_20260405T113918Z_bdod6b,conjoint_policy_experiment_20260405T113918Z_bdod6b_s1,conjoint_policy_experiment_20260405T113918Z_bdod6b_s1_conjoint_r5_g5,conjoint_policy_experiment_20260405T113918Z_bdod6b_5,"{""prompt_type"": ""FACILITATOR"", ""prompt_name"": ""profile_a_immigration_policy"", ""module"": ""conjoint"", ""round"": 5, ""rendered_prompt"": ""Without providing any explanation, sample at random from [\""Open borders\"", \""Points-based system\"", \""Reduce by 50%\""]."", ""response"": ""Open borders""}"
2026-04-05T12:06:27.097414+00:00,facilitator_call,conjoint_policy_experiment_20260405T113918Z_bdod6b,conjoint_policy_experiment_20260405T113918Z_bdod6b_s1,conjoint_policy_experiment_20260405T113918Z_bdod6b_s1_conjoint_r5_g5,conjoint_policy_experiment_20260405T113918Z_bdod6b_5,"{""prompt_type"": ""FACILITATOR"", ""prompt_name"": ""profile_a_climate_policy"", ""module"": ""conjoint"", ""round"": 5, ""rendered_prompt"": ""Without providing any explanation, sample at random from [\""Carbon tax ($50/ton)\"", \""Green subsidies only\"", \""No new regulations\""]."", ""response"": ""Green subsidies only""}"
2026-04-05T12:06:29.967826+00:00,facilitator_call,conjoint_policy_experiment_20260405T113918Z_bdod6b,conjoint_policy_experiment_20260405T113918Z_bdod6b_s1,conjoint_policy_experiment_20260405T113918Z_bdod6b_s1_conjoint_r5_g5,conjoint_policy_experiment_20260405T113918Z_bdod6b_5,"{""prompt_type"": ""FACILITATOR"", ""prompt_name"": ""profile_b_tax_rate"", ""module"": ""conjoint"", ""round"": 5, ""rendered_prompt"": ""Without providing any explanation, sample at random from [\""10% flat tax\"", \""Progressive (15-35%)\"", \""Current rates maintained\""]."", ""response"": ""Progressive (15-35%)""}"
2026-04-05T12:06:31.948645+00:00,facilitator_call,conjoint_policy_experiment_20260405T113918Z_bdod6b,conjoint_policy_experiment_20260405T113918Z_bdod6b_s1,conjoint_policy_experiment_20260405T113918Z_bdod6b_s1_conjoint_r5_g5,conjoint_policy_experiment_20260405T113918Z_bdod6b_5,"{""prompt_type"": ""FACILITATOR"", ""prompt_name"": ""profile_b_healthcare_spending"", ""module"": ""conjoint"", ""round"": 5, ""rendered_prompt"": ""Without providing any explanation, sample at random from [\""Increase by 20%\"", \""Maintain current levels\"", \""Decrease by 15%\""]."", ""response"": ""Decrease by 15%""}"
2026-04-05T12:06:37.029952+00:00,facilitator_call,conjoint_policy_experiment_20260405T113918Z_bdod6b,conjoint_policy_experiment_20260405T113918Z_bdod6b_s1,conjoint_policy_experiment_20260405T113918Z_bdod6b_s1_conjoint_r5_g5,conjoint_policy_experiment_20260405T113918Z_bdod6b_5,"{""prompt_type"": ""FACILITATOR"", ""prompt_name"": ""profile_b_education_spending"", ""module"": ""conjoint"", ""round"": 5, ""rendered_prompt"": ""Without providing any explanation, sample at random from [\""Double public school funding\"", \""Maintain current levels\"", \""Shift to voucher system\""]."", ""response"": ""Shift to voucher system""}"
2026-04-05T12:06:39.982827+00:00,facilitator_call,conjoint_policy_experiment_20260405T113918Z_bdod6b,conjoint_policy_experiment_20260405T113918Z_bdod6b_s1,conjoint_policy_experiment_20260405T113918Z_bdod6b_s1_conjoint_r5_g5,conjoint_policy_experiment_20260405T113918Z_bdod6b_5,"{""prompt_type"": ""FACILITATOR"", ""prompt_name"": ""profile_b_immigration_policy"", ""module"": ""conjoint"", ""round"": 5, ""rendered_prompt"": ""Without providing any explanation, sample at random from [\""Open borders\"", \""Points-based system\"", \""Reduce by 50%\""]."", ""response"": ""Points-based system""}"
2026-04-05T12:06:42.471140+00:00,facilitator_call,conjoint_policy_experiment_20260405T113918Z_bdod6b,conjoint_policy_experiment_20260405T113918Z_bdod6b_s1,conjoint_policy_experiment_20260405T113918Z_bdod6b_s1_conjoint_r5_g5,conjoint_policy_experiment_20260405T113918Z_bdod6b_5,"{""prompt_type"": ""FACILITATOR"", ""prompt_name"": ""profile_b_climate_policy"", ""module"": ""conjoint"", ""round"": 5, ""rendered_prompt"": ""Without providing any explanation, sample at random from [\""Carbon tax ($50/ton)\"", \""Green subsidies only\"", \""No new regulations\""]."", ""response"": ""Green subsidies only""}"
2026-04-05T12:06:59.965769+00:00,facilitator_call,conjoint_policy_experiment_20260405T113918Z_bdod6b,conjoint_policy_experiment_20260405T113918Z_bdod6b_s1,conjoint_policy_experiment_20260405T113918Z_bdod6b_s1_conjoint_r5_g6,conjoint_policy_experiment_20260405T113918Z_bdod6b_6,"{""prompt_type"": ""FACILITATOR"", ""prompt_name"": ""profile_a_tax_rate"", ""module"": ""conjoint"", ""round"": 5, ""rendered_prompt"": ""Without providing any explanation, sample at random from [\""10% flat tax\"", \""Progressive (15-35%)\"", \""Current rates maintained\""]."", ""response"": ""Progressive (15-35%)""}"
2026-04-05T12:07:03.385050+00:00,facilitator_call,conjoint_policy_experiment_20260405T113918Z_bdod6b,conjoint_policy_experiment_20260405T113918Z_bdod6b_s1,conjoint_policy_experiment_20260405T113918Z_bdod6b_s1_conjoint_r5_g6,conjoint_policy_experiment_20260405T113918Z_bdod6b_6,"{""prompt_type"": ""FACILITATOR"", ""prompt_name"": ""profile_a_healthcare_spending"", ""module"": ""conjoint"", ""round"": 5, ""rendered_prompt"": ""Without providing any explanation, sample at random from [\""Increase by 20%\"", \""Maintain current levels\"", \""Decrease by 15%\""]."", ""response"": ""Increase by 20%""}"
2026-04-05T12:07:05.387945+00:00,facilitator_call,conjoint_policy_experiment_20260405T113918Z_bdod6b,conjoint_policy_experiment_20260405T113918Z_bdod6b_s1,conjoint_policy_experiment_20260405T113918Z_bdod6b_s1_conjoint_r5_g6,conjoint_policy_experiment_20260405T113918Z_bdod6b_6,"{""prompt_type"": ""FACILITATOR"", ""prompt_name"": ""profile_a_education_spending"", ""module"": ""conjoint"", ""round"": 5, ""rendered_prompt"": ""Without providing any explanation, sample at random from [\""Double public school funding\"", \""Maintain current levels\"", \""Shift to voucher system\""]."", ""response"": ""Maintain current levels""}"
2026-04-05T12:07:08.418951+00:00,facilitator_call,conjoint_policy_experiment_20260405T113918Z_bdod6b,conjoint_policy_experiment_20260405T113918Z_bdod6b_s1,conjoint_policy_experiment_20260405T113918Z_bdod6b_s1_conjoint_r5_g6,conjoint_policy_experiment_20260405T113918Z_bdod6b_6,"{""prompt_type"": ""FACILITATOR"", ""prompt_name"": ""profile_a_immigration_policy"", ""module"": ""conjoint"", ""round"": 5, ""rendered_prompt"": ""Without providing any explanation, sample at random from [\""Open borders\"", \""Points-based system\"", \""Reduce by 50%\""]."", ""response"": ""Points-based system""}"
2026-04-05T12:07:10.574235+00:00,facilitator_call,conjoint_policy_experiment_20260405T113918Z_bdod6b,conjoint_policy_experiment_20260405T113918Z_bdod6b_s1,conjoint_policy_experiment_20260405T113918Z_bdod6b_s1_conjoint_r5_g6,conjoint_policy_experiment_20260405T113918Z_bdod6b_6,"{""prompt_type"": ""FACILITATOR"", ""prompt_name"": ""profile_a_climate_policy"", ""module"": ""conjoint"", ""round"": 5, ""rendered_prompt"": ""Without providing any explanation, sample at random from [\""Carbon tax ($50/ton)\"", \""Green subsidies only\"", \""No new regulations\""]."", ""response"": ""No new regulations""}"
2026-04-05T12:07:12.962493+00:00,facilitator_call,conjoint_policy_experiment_20260405T113918Z_bdod6b,conjoint_policy_experiment_20260405T113918Z_bdod6b_s1,conjoint_policy_experiment_20260405T113918Z_bdod6b_s1_conjoint_r5_g6,conjoint_policy_experiment_20260405T113918Z_bdod6b_6,"{""prompt_type"": ""FACILITATOR"", ""prompt_name"": ""profile_b_tax_rate"", ""module"": ""conjoint"", ""round"": 5, ""rendered_prompt"": ""Without providing any explanation, sample at random from [\""10% flat tax\"", \""Progressive (15-35%)\"", \""Current rates maintained\""]."", ""response"": ""Current rates maintained""}"
2026-04-05T12:07:15.039996+00:00,facilitator_call,conjoint_policy_experiment_20260405T113918Z_bdod6b,conjoint_policy_experiment_20260405T113918Z_bdod6b_s1,conjoint_policy_experiment_20260405T113918Z_bdod6b_s1_conjoint_r5_g6,conjoint_policy_experiment_20260405T113918Z_bdod6b_6,"{""prompt_type"": ""FACILITATOR"", ""prompt_name"": ""profile_b_healthcare_spending"", ""module"": ""conjoint"", ""round"": 5, ""rendered_prompt"": ""Without providing any explanation, sample at random from [\""Increase by 20%\"", \""Maintain current levels\"", \""Decrease by 15%\""]."", ""response"": ""Maintain current levels""}"
2026-04-05T12:07:16.999476+00:00,facilitator_call,conjoint_policy_experiment_20260405T113918Z_bdod6b,conjoint_policy_experiment_20260405T113918Z_bdod6b_s1,conjoint_policy_experiment_20260405T113918Z_bdod6b_s1_conjoint_r5_g6,conjoint_policy_experiment_20260405T113918Z_bdod6b_6,"{""prompt_type"": ""FACILITATOR"", ""prompt_name"": ""profile_b_education_spending"", ""module"": ""conjoint"", ""round"": 5, ""rendered_prompt"": ""Without providing any explanation, sample at random from [\""Double public school funding\"", \""Maintain current levels\"", \""Shift to voucher system\""]."", ""response"": ""Maintain current levels""}"
2026-04-05T12:07:20.007229+00:00,facilitator_call,conjoint_policy_experiment_20260405T113918Z_bdod6b,conjoint_policy_experiment_20260405T113918Z_bdod6b_s1,conjoint_policy_experiment_20260405T113918Z_bdod6b_s1_conjoint_r5_g6,conjoint_policy_experiment_20260405T113918Z_bdod6b_6,"{""prompt_type"": ""FACILITATOR"", ""prompt_name"": ""profile_b_immigration_policy"", ""module"": ""conjoint"", ""round"": 5, ""rendered_prompt"": ""Without providing any explanation, sample at random from [\""Open borders\"", \""Points-based system\"", \""Reduce by 50%\""]."", ""response"": ""Points-based system""}"
2026-04-05T12:07:23.781394+00:00,facilitator_call,conjoint_policy_experiment_20260405T113918Z_bdod6b,conjoint_policy_experiment_20260405T113918Z_bdod6b_s1,conjoint_policy_experiment_20260405T113918Z_bdod6b_s1_conjoint_r5_g6,conjoint_policy_experiment_20260405T113918Z_bdod6b_6,"{""prompt_type"": ""FACILITATOR"", ""prompt_name"": ""profile_b_climate_policy"", ""module"": ""conjoint"", ""round"": 5, ""rendered_prompt"": ""Without providing any explanation, sample at random from [\""Carbon tax ($50/ton)\"", \""Green subsidies only\"", \""No new regulations\""]."", ""response"": ""Green subsidies only""}"
2026-04-05T12:07:37.842126+00:00,facilitator_call,conjoint_policy_experiment_20260405T113918Z_bdod6b,conjoint_policy_experiment_20260405T113918Z_bdod6b_s1,conjoint_policy_experiment_20260405T113918Z_bdod6b_s1_conjoint_r5_g7,conjoint_policy_experiment_20260405T113918Z_bdod6b_7,"{""prompt_type"": ""FACILITATOR"", ""prompt_name"": ""profile_a_tax_rate"", ""module"": ""conjoint"", ""round"": 5, ""rendered_prompt"": ""Without providing any explanation, sample at random from [\""10% flat tax\"", \""Progressive (15-35%)\"", \""Current rates maintained\""]."", ""response"": ""Progressive (15-35%)""}"
2026-04-05T12:07:40.190544+00:00,facilitator_call,conjoint_policy_experiment_20260405T113918Z_bdod6b,conjoint_policy_experiment_20260405T113918Z_bdod6b_s1,conjoint_policy_experiment_20260405T113918Z_bdod6b_s1_conjoint_r5_g7,conjoint_policy_experiment_20260405T113918Z_bdod6b_7,"{""prompt_type"": ""FACILITATOR"", ""prompt_name"": ""profile_a_healthcare_spending"", ""module"": ""conjoint"", ""round"": 5, ""rendered_prompt"": ""Without providing any explanation, sample at random from [\""Increase by 20%\"", \""Maintain current levels\"", \""Decrease by 15%\""]."", ""response"": ""Maintain current levels""}"
2026-04-05T12:07:43.012737+00:00,facilitator_call,conjoint_policy_experiment_20260405T113918Z_bdod6b,conjoint_policy_experiment_20260405T113918Z_bdod6b_s1,conjoint_policy_experiment_20260405T113918Z_bdod6b_s1_conjoint_r5_g7,conjoint_policy_experiment_20260405T113918Z_bdod6b_7,"{""prompt_type"": ""FACILITATOR"", ""prompt_name"": ""profile_a_education_spending"", ""module"": ""conjoint"", ""round"": 5, ""rendered_prompt"": ""Without providing any explanation, sample at random from [\""Double public school funding\"", \""Maintain current levels\"", \""Shift to voucher system\""]."", ""response"": ""Double public school funding""}"
2026-04-05T12:07:45.904585+00:00,facilitator_call,conjoint_policy_experiment_20260405T113918Z_bdod6b,conjoint_policy_experiment_20260405T113918Z_bdod6b_s1,conjoint_policy_experiment_20260405T113918Z_bdod6b_s1_conjoint_r5_g7,conjoint_policy_experiment_20260405T113918Z_bdod6b_7,"{""prompt_type"": ""FACILITATOR"", ""prompt_name"": ""profile_a_immigration_policy"", ""module"": ""conjoint"", ""round"": 5, ""rendered_prompt"": ""Without providing any explanation, sample at random from [\""Open borders\"", \""Points-based system\"", \""Reduce by 50%\""]."", ""response"": ""Points-based system""}"
2026-04-05T12:07:48.972019+00:00,facilitator_call,conjoint_policy_experiment_20260405T113918Z_bdod6b,conjoint_policy_experiment_20260405T113918Z_bdod6b_s1,conjoint_policy_experiment_20260405T113918Z_bdod6b_s1_conjoint_r5_g7,conjoint_policy_experiment_20260405T113918Z_bdod6b_7,"{""prompt_type"": ""FACILITATOR"", ""prompt_name"": ""profile_a_climate_policy"", ""module"": ""conjoint"", ""round"": 5, ""rendered_prompt"": ""Without providing any explanation, sample at random from [\""Carbon tax ($50/ton)\"", \""Green subsidies only\"", \""No new regulations\""]."", ""response"": ""Green subsidies only""}"
2026-04-05T12:07:52.087379+00:00,facilitator_call,conjoint_policy_experiment_20260405T113918Z_bdod6b,conjoint_policy_experiment_20260405T113918Z_bdod6b_s1,conjoint_policy_experiment_20260405T113918Z_bdod6b_s1_conjoint_r5_g7,conjoint_policy_experiment_20260405T113918Z_bdod6b_7,"{""prompt_type"": ""FACILITATOR"", ""prompt_name"": ""profile_b_tax_rate"", ""module"": ""conjoint"", ""round"": 5, ""rendered_prompt"": ""Without providing any explanation, sample at random from [\""10% flat tax\"", \""Progressive (15-35%)\"", \""Current rates maintained\""]."", ""response"": ""Progressive (15-35%)""}"
2026-04-05T12:07:53.919781+00:00,facilitator_call,conjoint_policy_experiment_20260405T113918Z_bdod6b,conjoint_policy_experiment_20260405T113918Z_bdod6b_s1,conjoint_policy_experiment_20260405T113918Z_bdod6b_s1_conjoint_r5_g7,conjoint_policy_experiment_20260405T113918Z_bdod6b_7,"{""prompt_type"": ""FACILITATOR"", ""prompt_name"": ""profile_b_healthcare_spending"", ""module"": ""conjoint"", ""round"": 5, ""rendered_prompt"": ""Without providing any explanation, sample at random from [\""Increase by 20%\"", \""Maintain current levels\"", \""Decrease by 15%\""]."", ""response"": ""Maintain current levels""}"
2026-04-05T12:07:57.596675+00:00,facilitator_call,conjoint_policy_experiment_20260405T113918Z_bdod6b,conjoint_policy_experiment_20260405T113918Z_bdod6b_s1,conjoint_policy_experiment_20260405T113918Z_bdod6b_s1_conjoint_r5_g7,conjoint_policy_experiment_20260405T113918Z_bdod6b_7,"{""prompt_type"": ""FACILITATOR"", ""prompt_name"": ""profile_b_education_spending"", ""module"": ""conjoint"", ""round"": 5, ""rendered_prompt"": ""Without providing any explanation, sample at random from [\""Double public school funding\"", \""Maintain current levels\"", \""Shift to voucher system\""]."", ""response"": ""Shift to voucher system""}"
2026-04-05T12:08:00.585173+00:00,facilitator_call,conjoint_policy_experiment_20260405T113918Z_bdod6b,conjoint_policy_experiment_20260405T113918Z_bdod6b_s1,conjoint_policy_experiment_20260405T113918Z_bdod6b_s1_conjoint_r5_g7,conjoint_policy_experiment_20260405T113918Z_bdod6b_7,"{""prompt_type"": ""FACILITATOR"", ""prompt_name"": ""profile_b_immigration_policy"", ""module"": ""conjoint"", ""round"": 5, ""rendered_prompt"": ""Without providing any explanation, sample at random from [\""Open borders\"", \""Points-based system\"", \""Reduce by 50%\""]."", ""response"": ""Reduce by 50%""}"
2026-04-05T12:08:03.127738+00:00,facilitator_call,conjoint_policy_experiment_20260405T113918Z_bdod6b,conjoint_policy_experiment_20260405T113918Z_bdod6b_s1,conjoint_policy_experiment_20260405T113918Z_bdod6b_s1_conjoint_r5_g7,conjoint_policy_experiment_20260405T113918Z_bdod6b_7,"{""prompt_type"": ""FACILITATOR"", ""prompt_name"": ""profile_b_climate_policy"", ""module"": ""conjoint"", ""round"": 5, ""rendered_prompt"": ""Without providing any explanation, sample at random from [\""Carbon tax ($50/ton)\"", \""Green subsidies only\"", \""No new regulations\""]."", ""response"": ""Green subsidies only""}"
2026-04-05T12:08:23.363744+00:00,facilitator_call,conjoint_policy_experiment_20260405T113918Z_bdod6b,conjoint_policy_experiment_20260405T113918Z_bdod6b_s1,conjoint_policy_experiment_20260405T113918Z_bdod6b_s1_conjoint_r5_g8,conjoint_policy_experiment_20260405T113918Z_bdod6b_8,"{""prompt_type"": ""FACILITATOR"", ""prompt_name"": ""profile_a_tax_rate"", ""module"": ""conjoint"", ""round"": 5, ""rendered_prompt"": ""Without providing any explanation, sample at random from [\""10% flat tax\"", \""Progressive (15-35%)\"", \""Current rates maintained\""]."", ""response"": ""Current rates maintained""}"
2026-04-05T12:08:25.835771+00:00,facilitator_call,conjoint_policy_experiment_20260405T113918Z_bdod6b,conjoint_policy_experiment_20260405T113918Z_bdod6b_s1,conjoint_policy_experiment_20260405T113918Z_bdod6b_s1_conjoint_r5_g8,conjoint_policy_experiment_20260405T113918Z_bdod6b_8,"{""prompt_type"": ""FACILITATOR"", ""prompt_name"": ""profile_a_healthcare_spending"", ""module"": ""conjoint"", ""round"": 5, ""rendered_prompt"": ""Without providing any explanation, sample at random from [\""Increase by 20%\"", \""Maintain current levels\"", \""Decrease by 15%\""]."", ""response"": ""Increase by 20%""}"
2026-04-05T12:08:28.029806+00:00,facilitator_call,conjoint_policy_experiment_20260405T113918Z_bdod6b,conjoint_policy_experiment_20260405T113918Z_bdod6b_s1,conjoint_policy_experiment_20260405T113918Z_bdod6b_s1_conjoint_r5_g8,conjoint_policy_experiment_20260405T113918Z_bdod6b_8,"{""prompt_type"": ""FACILITATOR"", ""prompt_name"": ""profile_a_education_spending"", ""module"": ""conjoint"", ""round"": 5, ""rendered_prompt"": ""Without providing any explanation, sample at random from [\""Double public school funding\"", \""Maintain current levels\"", \""Shift to voucher system\""]."", ""response"": ""Shift to voucher system""}"
2026-04-05T12:08:30.326494+00:00,facilitator_call,conjoint_policy_experiment_20260405T113918Z_bdod6b,conjoint_policy_experiment_20260405T113918Z_bdod6b_s1,conjoint_policy_experiment_20260405T113918Z_bdod6b_s1_conjoint_r5_g8,conjoint_policy_experiment_20260405T113918Z_bdod6b_8,"{""prompt_type"": ""FACILITATOR"", ""prompt_name"": ""profile_a_immigration_policy"", ""module"": ""conjoint"", ""round"": 5, ""rendered_prompt"": ""Without providing any explanation, sample at random from [\""Open borders\"", \""Points-based system\"", \""Reduce by 50%\""]."", ""response"": ""Points-based system""}"
2026-04-05T12:08:33.413774+00:00,facilitator_call,conjoint_policy_experiment_20260405T113918Z_bdod6b,conjoint_policy_experiment_20260405T113918Z_bdod6b_s1,conjoint_policy_experiment_20260405T113918Z_bdod6b_s1_conjoint_r5_g8,conjoint_policy_experiment_20260405T113918Z_bdod6b_8,"{""prompt_type"": ""FACILITATOR"", ""prompt_name"": ""profile_a_climate_policy"", ""module"": ""conjoint"", ""round"": 5, ""rendered_prompt"": ""Without providing any explanation, sample at random from [\""Carbon tax ($50/ton)\"", \""Green subsidies only\"", \""No new regulations\""]."", ""response"": ""Green subsidies only""}"
2026-04-05T12:08:35.881522+00:00,facilitator_call,conjoint_policy_experiment_20260405T113918Z_bdod6b,conjoint_policy_experiment_20260405T113918Z_bdod6b_s1,conjoint_policy_experiment_20260405T113918Z_bdod6b_s1_conjoint_r5_g8,conjoint_policy_experiment_20260405T113918Z_bdod6b_8,"{""prompt_type"": ""FACILITATOR"", ""prompt_name"": ""profile_b_tax_rate"", ""module"": ""conjoint"", ""round"": 5, ""rendered_prompt"": ""Without providing any explanation, sample at random from [\""10% flat tax\"", \""Progressive (15-35%)\"", \""Current rates maintained\""]."", ""response"": ""Progressive (15-35%)""}"
2026-04-05T12:08:39.942588+00:00,facilitator_call,conjoint_policy_experiment_20260405T113918Z_bdod6b,conjoint_policy_experiment_20260405T113918Z_bdod6b_s1,conjoint_policy_experiment_20260405T113918Z_bdod6b_s1_conjoint_r5_g8,conjoint_policy_experiment_20260405T113918Z_bdod6b_8,"{""prompt_type"": ""FACILITATOR"", ""prompt_name"": ""profile_b_healthcare_spending"", ""module"": ""conjoint"", ""round"": 5, ""rendered_prompt"": ""Without providing any explanation, sample at random from [\""Increase by 20%\"", \""Maintain current levels\"", \""Decrease by 15%\""]."", ""response"": ""Maintain current levels""}"
2026-04-05T12:08:43.293288+00:00,facilitator_call,conjoint_policy_experiment_20260405T113918Z_bdod6b,conjoint_policy_experiment_20260405T113918Z_bdod6b_s1,conjoint_policy_experiment_20260405T113918Z_bdod6b_s1_conjoint_r5_g8,conjoint_policy_experiment_20260405T113918Z_bdod6b_8,"{""prompt_type"": ""FACILITATOR"", ""prompt_name"": ""profile_b_education_spending"", ""module"": ""conjoint"", ""round"": 5, ""rendered_prompt"": ""Without providing any explanation, sample at random from [\""Double public school funding\"", \""Maintain current levels\"", \""Shift to voucher system\""]."", ""response"": ""Shift to voucher system""}"
2026-04-05T12:08:47.442886+00:00,facilitator_call,conjoint_policy_experiment_20260405T113918Z_bdod6b,conjoint_policy_experiment_20260405T113918Z_bdod6b_s1,conjoint_policy_experiment_20260405T113918Z_bdod6b_s1_conjoint_r5_g8,conjoint_policy_experiment_20260405T113918Z_bdod6b_8,"{""prompt_type"": ""FACILITATOR"", ""prompt_name"": ""profile_b_immigration_policy"", ""module"": ""conjoint"", ""round"": 5, ""rendered_prompt"": ""Without providing any explanation, sample at random from [\""Open borders\"", \""Points-based system\"", \""Reduce by 50%\""]."", ""response"": ""Points-based system""}"
2026-04-05T12:08:49.694800+00:00,facilitator_call,conjoint_policy_experiment_20260405T113918Z_bdod6b,conjoint_policy_experiment_20260405T113918Z_bdod6b_s1,conjoint_policy_experiment_20260405T113918Z_bdod6b_s1_conjoint_r5_g8,conjoint_policy_experiment_20260405T113918Z_bdod6b_8,"{""prompt_type"": ""FACILITATOR"", ""prompt_name"": ""profile_b_climate_policy"", ""module"": ""conjoint"", ""round"": 5, ""rendered_prompt"": ""Without providing any explanation, sample at random from [\""Carbon tax ($50/ton)\"", \""Green subsidies only\"", \""No new regulations\""]."", ""response"": ""Green subsidies only""}"
