timestamp,event_type,run_id,session_id,group_id,agent_instance_id,data
2026-05-18T13:42:58.755856+00:00,facilitator_call,conjoint_policy_experiment_20260518T134252Z_bdod6b,conjoint_policy_experiment_20260518T134252Z_bdod6b_s1,conjoint_policy_experiment_20260518T134252Z_bdod6b_s1_conjoint_r1_g1,conjoint_policy_experiment_20260518T134252Z_bdod6b_1,"{""prompt_type"": ""FACILITATOR"", ""prompt_name"": ""profile_a_tax_rate"", ""module"": ""conjoint"", ""round"": 1, ""rendered_prompt"": ""Without providing any explanation, sample at random from [\""10% flat tax\"", \""Progressive (15-35%)\"", \""Current rates maintained\""]."", ""response"": ""Progressive (15-35%)""}"
2026-05-18T13:43:01.756357+00:00,facilitator_call,conjoint_policy_experiment_20260518T134252Z_bdod6b,conjoint_policy_experiment_20260518T134252Z_bdod6b_s1,conjoint_policy_experiment_20260518T134252Z_bdod6b_s1_conjoint_r1_g1,conjoint_policy_experiment_20260518T134252Z_bdod6b_1,"{""prompt_type"": ""FACILITATOR"", ""prompt_name"": ""profile_a_healthcare_spending"", ""module"": ""conjoint"", ""round"": 1, ""rendered_prompt"": ""Without providing any explanation, sample at random from [\""Increase by 20%\"", \""Maintain current levels\"", \""Decrease by 15%\""]."", ""response"": ""Maintain current levels""}"
2026-05-18T13:43:07.560750+00:00,facilitator_call,conjoint_policy_experiment_20260518T134252Z_bdod6b,conjoint_policy_experiment_20260518T134252Z_bdod6b_s1,conjoint_policy_experiment_20260518T134252Z_bdod6b_s1_conjoint_r1_g1,conjoint_policy_experiment_20260518T134252Z_bdod6b_1,"{""prompt_type"": ""FACILITATOR"", ""prompt_name"": ""profile_a_education_spending"", ""module"": ""conjoint"", ""round"": 1, ""rendered_prompt"": ""Without providing any explanation, sample at random from [\""Double public school funding\"", \""Maintain current levels\"", \""Shift to voucher system\""]."", ""response"": ""Double public school funding""}"
2026-05-18T13:43:12.054339+00:00,facilitator_call,conjoint_policy_experiment_20260518T134252Z_bdod6b,conjoint_policy_experiment_20260518T134252Z_bdod6b_s1,conjoint_policy_experiment_20260518T134252Z_bdod6b_s1_conjoint_r1_g1,conjoint_policy_experiment_20260518T134252Z_bdod6b_1,"{""prompt_type"": ""FACILITATOR"", ""prompt_name"": ""profile_a_immigration_policy"", ""module"": ""conjoint"", ""round"": 1, ""rendered_prompt"": ""Without providing any explanation, sample at random from [\""Open borders\"", \""Points-based system\"", \""Reduce by 50%\""]."", ""response"": ""Points-based system""}"
2026-05-18T13:43:17.917878+00:00,facilitator_call,conjoint_policy_experiment_20260518T134252Z_bdod6b,conjoint_policy_experiment_20260518T134252Z_bdod6b_s1,conjoint_policy_experiment_20260518T134252Z_bdod6b_s1_conjoint_r1_g1,conjoint_policy_experiment_20260518T134252Z_bdod6b_1,"{""prompt_type"": ""FACILITATOR"", ""prompt_name"": ""profile_a_climate_policy"", ""module"": ""conjoint"", ""round"": 1, ""rendered_prompt"": ""Without providing any explanation, sample at random from [\""Carbon tax ($50/ton)\"", \""Green subsidies only\"", \""No new regulations\""]."", ""response"": ""Green subsidies only""}"
2026-05-18T13:43:21.896671+00:00,facilitator_call,conjoint_policy_experiment_20260518T134252Z_bdod6b,conjoint_policy_experiment_20260518T134252Z_bdod6b_s1,conjoint_policy_experiment_20260518T134252Z_bdod6b_s1_conjoint_r1_g1,conjoint_policy_experiment_20260518T134252Z_bdod6b_1,"{""prompt_type"": ""FACILITATOR"", ""prompt_name"": ""profile_b_tax_rate"", ""module"": ""conjoint"", ""round"": 1, ""rendered_prompt"": ""Without providing any explanation, sample at random from [\""10% flat tax\"", \""Progressive (15-35%)\"", \""Current rates maintained\""]."", ""response"": ""10% flat tax""}"
2026-05-18T13:43:24.923945+00:00,facilitator_call,conjoint_policy_experiment_20260518T134252Z_bdod6b,conjoint_policy_experiment_20260518T134252Z_bdod6b_s1,conjoint_policy_experiment_20260518T134252Z_bdod6b_s1_conjoint_r1_g1,conjoint_policy_experiment_20260518T134252Z_bdod6b_1,"{""prompt_type"": ""FACILITATOR"", ""prompt_name"": ""profile_b_healthcare_spending"", ""module"": ""conjoint"", ""round"": 1, ""rendered_prompt"": ""Without providing any explanation, sample at random from [\""Increase by 20%\"", \""Maintain current levels\"", \""Decrease by 15%\""]."", ""response"": ""Maintain current levels""}"
2026-05-18T13:43:29.636080+00:00,facilitator_call,conjoint_policy_experiment_20260518T134252Z_bdod6b,conjoint_policy_experiment_20260518T134252Z_bdod6b_s1,conjoint_policy_experiment_20260518T134252Z_bdod6b_s1_conjoint_r1_g1,conjoint_policy_experiment_20260518T134252Z_bdod6b_1,"{""prompt_type"": ""FACILITATOR"", ""prompt_name"": ""profile_b_education_spending"", ""module"": ""conjoint"", ""round"": 1, ""rendered_prompt"": ""Without providing any explanation, sample at random from [\""Double public school funding\"", \""Maintain current levels\"", \""Shift to voucher system\""]."", ""response"": ""Shift to voucher system""}"
2026-05-18T13:43:36.323239+00:00,facilitator_call,conjoint_policy_experiment_20260518T134252Z_bdod6b,conjoint_policy_experiment_20260518T134252Z_bdod6b_s1,conjoint_policy_experiment_20260518T134252Z_bdod6b_s1_conjoint_r1_g1,conjoint_policy_experiment_20260518T134252Z_bdod6b_1,"{""prompt_type"": ""FACILITATOR"", ""prompt_name"": ""profile_b_immigration_policy"", ""module"": ""conjoint"", ""round"": 1, ""rendered_prompt"": ""Without providing any explanation, sample at random from [\""Open borders\"", \""Points-based system\"", \""Reduce by 50%\""]."", ""response"": ""Open borders""}"
2026-05-18T13:43:40.869907+00:00,facilitator_call,conjoint_policy_experiment_20260518T134252Z_bdod6b,conjoint_policy_experiment_20260518T134252Z_bdod6b_s1,conjoint_policy_experiment_20260518T134252Z_bdod6b_s1_conjoint_r1_g1,conjoint_policy_experiment_20260518T134252Z_bdod6b_1,"{""prompt_type"": ""FACILITATOR"", ""prompt_name"": ""profile_b_climate_policy"", ""module"": ""conjoint"", ""round"": 1, ""rendered_prompt"": ""Without providing any explanation, sample at random from [\""Carbon tax ($50/ton)\"", \""Green subsidies only\"", \""No new regulations\""]."", ""response"": ""Carbon tax ($50/ton)""}"
2026-05-18T13:44:05.404859+00:00,facilitator_call,conjoint_policy_experiment_20260518T134252Z_bdod6b,conjoint_policy_experiment_20260518T134252Z_bdod6b_s1,conjoint_policy_experiment_20260518T134252Z_bdod6b_s1_conjoint_r1_g2,conjoint_policy_experiment_20260518T134252Z_bdod6b_2,"{""prompt_type"": ""FACILITATOR"", ""prompt_name"": ""profile_a_tax_rate"", ""module"": ""conjoint"", ""round"": 1, ""rendered_prompt"": ""Without providing any explanation, sample at random from [\""10% flat tax\"", \""Progressive (15-35%)\"", \""Current rates maintained\""]."", ""response"": ""10% flat tax""}"
2026-05-18T13:44:09.346377+00:00,facilitator_call,conjoint_policy_experiment_20260518T134252Z_bdod6b,conjoint_policy_experiment_20260518T134252Z_bdod6b_s1,conjoint_policy_experiment_20260518T134252Z_bdod6b_s1_conjoint_r1_g2,conjoint_policy_experiment_20260518T134252Z_bdod6b_2,"{""prompt_type"": ""FACILITATOR"", ""prompt_name"": ""profile_a_healthcare_spending"", ""module"": ""conjoint"", ""round"": 1, ""rendered_prompt"": ""Without providing any explanation, sample at random from [\""Increase by 20%\"", \""Maintain current levels\"", \""Decrease by 15%\""]."", ""response"": ""Maintain current levels""}"
2026-05-18T13:44:13.176482+00:00,facilitator_call,conjoint_policy_experiment_20260518T134252Z_bdod6b,conjoint_policy_experiment_20260518T134252Z_bdod6b_s1,conjoint_policy_experiment_20260518T134252Z_bdod6b_s1_conjoint_r1_g2,conjoint_policy_experiment_20260518T134252Z_bdod6b_2,"{""prompt_type"": ""FACILITATOR"", ""prompt_name"": ""profile_a_education_spending"", ""module"": ""conjoint"", ""round"": 1, ""rendered_prompt"": ""Without providing any explanation, sample at random from [\""Double public school funding\"", \""Maintain current levels\"", \""Shift to voucher system\""]."", ""response"": ""Double public school funding""}"
2026-05-18T13:44:16.133862+00:00,facilitator_call,conjoint_policy_experiment_20260518T134252Z_bdod6b,conjoint_policy_experiment_20260518T134252Z_bdod6b_s1,conjoint_policy_experiment_20260518T134252Z_bdod6b_s1_conjoint_r1_g2,conjoint_policy_experiment_20260518T134252Z_bdod6b_2,"{""prompt_type"": ""FACILITATOR"", ""prompt_name"": ""profile_a_immigration_policy"", ""module"": ""conjoint"", ""round"": 1, ""rendered_prompt"": ""Without providing any explanation, sample at random from [\""Open borders\"", \""Points-based system\"", \""Reduce by 50%\""]."", ""response"": ""Points-based system""}"
2026-05-18T13:44:20.086696+00:00,facilitator_call,conjoint_policy_experiment_20260518T134252Z_bdod6b,conjoint_policy_experiment_20260518T134252Z_bdod6b_s1,conjoint_policy_experiment_20260518T134252Z_bdod6b_s1_conjoint_r1_g2,conjoint_policy_experiment_20260518T134252Z_bdod6b_2,"{""prompt_type"": ""FACILITATOR"", ""prompt_name"": ""profile_a_climate_policy"", ""module"": ""conjoint"", ""round"": 1, ""rendered_prompt"": ""Without providing any explanation, sample at random from [\""Carbon tax ($50/ton)\"", \""Green subsidies only\"", \""No new regulations\""]."", ""response"": ""Green subsidies only""}"
2026-05-18T13:44:23.759891+00:00,facilitator_call,conjoint_policy_experiment_20260518T134252Z_bdod6b,conjoint_policy_experiment_20260518T134252Z_bdod6b_s1,conjoint_policy_experiment_20260518T134252Z_bdod6b_s1_conjoint_r1_g2,conjoint_policy_experiment_20260518T134252Z_bdod6b_2,"{""prompt_type"": ""FACILITATOR"", ""prompt_name"": ""profile_b_tax_rate"", ""module"": ""conjoint"", ""round"": 1, ""rendered_prompt"": ""Without providing any explanation, sample at random from [\""10% flat tax\"", \""Progressive (15-35%)\"", \""Current rates maintained\""]."", ""response"": ""Progressive (15-35%)""}"
2026-05-18T13:44:27.609367+00:00,facilitator_call,conjoint_policy_experiment_20260518T134252Z_bdod6b,conjoint_policy_experiment_20260518T134252Z_bdod6b_s1,conjoint_policy_experiment_20260518T134252Z_bdod6b_s1_conjoint_r1_g2,conjoint_policy_experiment_20260518T134252Z_bdod6b_2,"{""prompt_type"": ""FACILITATOR"", ""prompt_name"": ""profile_b_healthcare_spending"", ""module"": ""conjoint"", ""round"": 1, ""rendered_prompt"": ""Without providing any explanation, sample at random from [\""Increase by 20%\"", \""Maintain current levels\"", \""Decrease by 15%\""]."", ""response"": ""Maintain current levels""}"
2026-05-18T13:44:30.539624+00:00,facilitator_call,conjoint_policy_experiment_20260518T134252Z_bdod6b,conjoint_policy_experiment_20260518T134252Z_bdod6b_s1,conjoint_policy_experiment_20260518T134252Z_bdod6b_s1_conjoint_r1_g2,conjoint_policy_experiment_20260518T134252Z_bdod6b_2,"{""prompt_type"": ""FACILITATOR"", ""prompt_name"": ""profile_b_education_spending"", ""module"": ""conjoint"", ""round"": 1, ""rendered_prompt"": ""Without providing any explanation, sample at random from [\""Double public school funding\"", \""Maintain current levels\"", \""Shift to voucher system\""]."", ""response"": ""Shift to voucher system""}"
2026-05-18T13:44:32.894888+00:00,facilitator_call,conjoint_policy_experiment_20260518T134252Z_bdod6b,conjoint_policy_experiment_20260518T134252Z_bdod6b_s1,conjoint_policy_experiment_20260518T134252Z_bdod6b_s1_conjoint_r1_g2,conjoint_policy_experiment_20260518T134252Z_bdod6b_2,"{""prompt_type"": ""FACILITATOR"", ""prompt_name"": ""profile_b_immigration_policy"", ""module"": ""conjoint"", ""round"": 1, ""rendered_prompt"": ""Without providing any explanation, sample at random from [\""Open borders\"", \""Points-based system\"", \""Reduce by 50%\""]."", ""response"": ""Points-based system""}"
2026-05-18T13:44:35.804246+00:00,facilitator_call,conjoint_policy_experiment_20260518T134252Z_bdod6b,conjoint_policy_experiment_20260518T134252Z_bdod6b_s1,conjoint_policy_experiment_20260518T134252Z_bdod6b_s1_conjoint_r1_g2,conjoint_policy_experiment_20260518T134252Z_bdod6b_2,"{""prompt_type"": ""FACILITATOR"", ""prompt_name"": ""profile_b_climate_policy"", ""module"": ""conjoint"", ""round"": 1, ""rendered_prompt"": ""Without providing any explanation, sample at random from [\""Carbon tax ($50/ton)\"", \""Green subsidies only\"", \""No new regulations\""]."", ""response"": ""No new regulations""}"
2026-05-18T13:45:03.882725+00:00,facilitator_call,conjoint_policy_experiment_20260518T134252Z_bdod6b,conjoint_policy_experiment_20260518T134252Z_bdod6b_s1,conjoint_policy_experiment_20260518T134252Z_bdod6b_s1_conjoint_r1_g3,conjoint_policy_experiment_20260518T134252Z_bdod6b_3,"{""prompt_type"": ""FACILITATOR"", ""prompt_name"": ""profile_a_tax_rate"", ""module"": ""conjoint"", ""round"": 1, ""rendered_prompt"": ""Without providing any explanation, sample at random from [\""10% flat tax\"", \""Progressive (15-35%)\"", \""Current rates maintained\""]."", ""response"": ""Current rates maintained""}"
2026-05-18T13:45:08.350719+00:00,facilitator_call,conjoint_policy_experiment_20260518T134252Z_bdod6b,conjoint_policy_experiment_20260518T134252Z_bdod6b_s1,conjoint_policy_experiment_20260518T134252Z_bdod6b_s1_conjoint_r1_g3,conjoint_policy_experiment_20260518T134252Z_bdod6b_3,"{""prompt_type"": ""FACILITATOR"", ""prompt_name"": ""profile_a_healthcare_spending"", ""module"": ""conjoint"", ""round"": 1, ""rendered_prompt"": ""Without providing any explanation, sample at random from [\""Increase by 20%\"", \""Maintain current levels\"", \""Decrease by 15%\""]."", ""response"": ""Maintain current levels""}"
2026-05-18T13:45:12.884423+00:00,facilitator_call,conjoint_policy_experiment_20260518T134252Z_bdod6b,conjoint_policy_experiment_20260518T134252Z_bdod6b_s1,conjoint_policy_experiment_20260518T134252Z_bdod6b_s1_conjoint_r1_g3,conjoint_policy_experiment_20260518T134252Z_bdod6b_3,"{""prompt_type"": ""FACILITATOR"", ""prompt_name"": ""profile_a_education_spending"", ""module"": ""conjoint"", ""round"": 1, ""rendered_prompt"": ""Without providing any explanation, sample at random from [\""Double public school funding\"", \""Maintain current levels\"", \""Shift to voucher system\""]."", ""response"": ""Shift to voucher system""}"
2026-05-18T13:45:15.353147+00:00,facilitator_call,conjoint_policy_experiment_20260518T134252Z_bdod6b,conjoint_policy_experiment_20260518T134252Z_bdod6b_s1,conjoint_policy_experiment_20260518T134252Z_bdod6b_s1_conjoint_r1_g3,conjoint_policy_experiment_20260518T134252Z_bdod6b_3,"{""prompt_type"": ""FACILITATOR"", ""prompt_name"": ""profile_a_immigration_policy"", ""module"": ""conjoint"", ""round"": 1, ""rendered_prompt"": ""Without providing any explanation, sample at random from [\""Open borders\"", \""Points-based system\"", \""Reduce by 50%\""]."", ""response"": ""Points-based system""}"
2026-05-18T13:45:18.334160+00:00,facilitator_call,conjoint_policy_experiment_20260518T134252Z_bdod6b,conjoint_policy_experiment_20260518T134252Z_bdod6b_s1,conjoint_policy_experiment_20260518T134252Z_bdod6b_s1_conjoint_r1_g3,conjoint_policy_experiment_20260518T134252Z_bdod6b_3,"{""prompt_type"": ""FACILITATOR"", ""prompt_name"": ""profile_a_climate_policy"", ""module"": ""conjoint"", ""round"": 1, ""rendered_prompt"": ""Without providing any explanation, sample at random from [\""Carbon tax ($50/ton)\"", \""Green subsidies only\"", \""No new regulations\""]."", ""response"": ""Carbon tax ($50/ton)""}"
2026-05-18T13:45:21.965101+00:00,facilitator_call,conjoint_policy_experiment_20260518T134252Z_bdod6b,conjoint_policy_experiment_20260518T134252Z_bdod6b_s1,conjoint_policy_experiment_20260518T134252Z_bdod6b_s1_conjoint_r1_g3,conjoint_policy_experiment_20260518T134252Z_bdod6b_3,"{""prompt_type"": ""FACILITATOR"", ""prompt_name"": ""profile_b_tax_rate"", ""module"": ""conjoint"", ""round"": 1, ""rendered_prompt"": ""Without providing any explanation, sample at random from [\""10% flat tax\"", \""Progressive (15-35%)\"", \""Current rates maintained\""]."", ""response"": ""Progressive (15-35%)""}"
2026-05-18T13:45:26.358760+00:00,facilitator_call,conjoint_policy_experiment_20260518T134252Z_bdod6b,conjoint_policy_experiment_20260518T134252Z_bdod6b_s1,conjoint_policy_experiment_20260518T134252Z_bdod6b_s1_conjoint_r1_g3,conjoint_policy_experiment_20260518T134252Z_bdod6b_3,"{""prompt_type"": ""FACILITATOR"", ""prompt_name"": ""profile_b_healthcare_spending"", ""module"": ""conjoint"", ""round"": 1, ""rendered_prompt"": ""Without providing any explanation, sample at random from [\""Increase by 20%\"", \""Maintain current levels\"", \""Decrease by 15%\""]."", ""response"": ""Decrease by 15%""}"
2026-05-18T13:45:29.921149+00:00,facilitator_call,conjoint_policy_experiment_20260518T134252Z_bdod6b,conjoint_policy_experiment_20260518T134252Z_bdod6b_s1,conjoint_policy_experiment_20260518T134252Z_bdod6b_s1_conjoint_r1_g3,conjoint_policy_experiment_20260518T134252Z_bdod6b_3,"{""prompt_type"": ""FACILITATOR"", ""prompt_name"": ""profile_b_education_spending"", ""module"": ""conjoint"", ""round"": 1, ""rendered_prompt"": ""Without providing any explanation, sample at random from [\""Double public school funding\"", \""Maintain current levels\"", \""Shift to voucher system\""]."", ""response"": ""Double public school funding""}"
2026-05-18T13:45:32.172713+00:00,facilitator_call,conjoint_policy_experiment_20260518T134252Z_bdod6b,conjoint_policy_experiment_20260518T134252Z_bdod6b_s1,conjoint_policy_experiment_20260518T134252Z_bdod6b_s1_conjoint_r1_g3,conjoint_policy_experiment_20260518T134252Z_bdod6b_3,"{""prompt_type"": ""FACILITATOR"", ""prompt_name"": ""profile_b_immigration_policy"", ""module"": ""conjoint"", ""round"": 1, ""rendered_prompt"": ""Without providing any explanation, sample at random from [\""Open borders\"", \""Points-based system\"", \""Reduce by 50%\""]."", ""response"": ""Open borders""}"
2026-05-18T13:45:36.239513+00:00,facilitator_call,conjoint_policy_experiment_20260518T134252Z_bdod6b,conjoint_policy_experiment_20260518T134252Z_bdod6b_s1,conjoint_policy_experiment_20260518T134252Z_bdod6b_s1_conjoint_r1_g3,conjoint_policy_experiment_20260518T134252Z_bdod6b_3,"{""prompt_type"": ""FACILITATOR"", ""prompt_name"": ""profile_b_climate_policy"", ""module"": ""conjoint"", ""round"": 1, ""rendered_prompt"": ""Without providing any explanation, sample at random from [\""Carbon tax ($50/ton)\"", \""Green subsidies only\"", \""No new regulations\""]."", ""response"": ""Green subsidies only""}"
2026-05-18T13:45:59.790509+00:00,facilitator_call,conjoint_policy_experiment_20260518T134252Z_bdod6b,conjoint_policy_experiment_20260518T134252Z_bdod6b_s1,conjoint_policy_experiment_20260518T134252Z_bdod6b_s1_conjoint_r1_g4,conjoint_policy_experiment_20260518T134252Z_bdod6b_4,"{""prompt_type"": ""FACILITATOR"", ""prompt_name"": ""profile_a_tax_rate"", ""module"": ""conjoint"", ""round"": 1, ""rendered_prompt"": ""Without providing any explanation, sample at random from [\""10% flat tax\"", \""Progressive (15-35%)\"", \""Current rates maintained\""]."", ""response"": ""Current rates maintained""}"
2026-05-18T13:46:04.934951+00:00,facilitator_call,conjoint_policy_experiment_20260518T134252Z_bdod6b,conjoint_policy_experiment_20260518T134252Z_bdod6b_s1,conjoint_policy_experiment_20260518T134252Z_bdod6b_s1_conjoint_r1_g4,conjoint_policy_experiment_20260518T134252Z_bdod6b_4,"{""prompt_type"": ""FACILITATOR"", ""prompt_name"": ""profile_a_healthcare_spending"", ""module"": ""conjoint"", ""round"": 1, ""rendered_prompt"": ""Without providing any explanation, sample at random from [\""Increase by 20%\"", \""Maintain current levels\"", \""Decrease by 15%\""]."", ""response"": ""Decrease by 15%""}"
2026-05-18T13:46:10.637870+00:00,facilitator_call,conjoint_policy_experiment_20260518T134252Z_bdod6b,conjoint_policy_experiment_20260518T134252Z_bdod6b_s1,conjoint_policy_experiment_20260518T134252Z_bdod6b_s1_conjoint_r1_g4,conjoint_policy_experiment_20260518T134252Z_bdod6b_4,"{""prompt_type"": ""FACILITATOR"", ""prompt_name"": ""profile_a_education_spending"", ""module"": ""conjoint"", ""round"": 1, ""rendered_prompt"": ""Without providing any explanation, sample at random from [\""Double public school funding\"", \""Maintain current levels\"", \""Shift to voucher system\""]."", ""response"": ""Maintain current levels""}"
2026-05-18T13:46:14.486042+00:00,facilitator_call,conjoint_policy_experiment_20260518T134252Z_bdod6b,conjoint_policy_experiment_20260518T134252Z_bdod6b_s1,conjoint_policy_experiment_20260518T134252Z_bdod6b_s1_conjoint_r1_g4,conjoint_policy_experiment_20260518T134252Z_bdod6b_4,"{""prompt_type"": ""FACILITATOR"", ""prompt_name"": ""profile_a_immigration_policy"", ""module"": ""conjoint"", ""round"": 1, ""rendered_prompt"": ""Without providing any explanation, sample at random from [\""Open borders\"", \""Points-based system\"", \""Reduce by 50%\""]."", ""response"": ""Points-based system""}"
2026-05-18T13:46:18.533207+00:00,facilitator_call,conjoint_policy_experiment_20260518T134252Z_bdod6b,conjoint_policy_experiment_20260518T134252Z_bdod6b_s1,conjoint_policy_experiment_20260518T134252Z_bdod6b_s1_conjoint_r1_g4,conjoint_policy_experiment_20260518T134252Z_bdod6b_4,"{""prompt_type"": ""FACILITATOR"", ""prompt_name"": ""profile_a_climate_policy"", ""module"": ""conjoint"", ""round"": 1, ""rendered_prompt"": ""Without providing any explanation, sample at random from [\""Carbon tax ($50/ton)\"", \""Green subsidies only\"", \""No new regulations\""]."", ""response"": ""Carbon tax ($50/ton)""}"
2026-05-18T13:46:21.341377+00:00,facilitator_call,conjoint_policy_experiment_20260518T134252Z_bdod6b,conjoint_policy_experiment_20260518T134252Z_bdod6b_s1,conjoint_policy_experiment_20260518T134252Z_bdod6b_s1_conjoint_r1_g4,conjoint_policy_experiment_20260518T134252Z_bdod6b_4,"{""prompt_type"": ""FACILITATOR"", ""prompt_name"": ""profile_b_tax_rate"", ""module"": ""conjoint"", ""round"": 1, ""rendered_prompt"": ""Without providing any explanation, sample at random from [\""10% flat tax\"", \""Progressive (15-35%)\"", \""Current rates maintained\""]."", ""response"": ""Progressive (15-35%)""}"
2026-05-18T13:46:23.540207+00:00,facilitator_call,conjoint_policy_experiment_20260518T134252Z_bdod6b,conjoint_policy_experiment_20260518T134252Z_bdod6b_s1,conjoint_policy_experiment_20260518T134252Z_bdod6b_s1_conjoint_r1_g4,conjoint_policy_experiment_20260518T134252Z_bdod6b_4,"{""prompt_type"": ""FACILITATOR"", ""prompt_name"": ""profile_b_healthcare_spending"", ""module"": ""conjoint"", ""round"": 1, ""rendered_prompt"": ""Without providing any explanation, sample at random from [\""Increase by 20%\"", \""Maintain current levels\"", \""Decrease by 15%\""]."", ""response"": ""Decrease by 15%""}"
2026-05-18T13:46:27.823356+00:00,facilitator_call,conjoint_policy_experiment_20260518T134252Z_bdod6b,conjoint_policy_experiment_20260518T134252Z_bdod6b_s1,conjoint_policy_experiment_20260518T134252Z_bdod6b_s1_conjoint_r1_g4,conjoint_policy_experiment_20260518T134252Z_bdod6b_4,"{""prompt_type"": ""FACILITATOR"", ""prompt_name"": ""profile_b_education_spending"", ""module"": ""conjoint"", ""round"": 1, ""rendered_prompt"": ""Without providing any explanation, sample at random from [\""Double public school funding\"", \""Maintain current levels\"", \""Shift to voucher system\""]."", ""response"": ""Shift to voucher system""}"
2026-05-18T13:46:30.756003+00:00,facilitator_call,conjoint_policy_experiment_20260518T134252Z_bdod6b,conjoint_policy_experiment_20260518T134252Z_bdod6b_s1,conjoint_policy_experiment_20260518T134252Z_bdod6b_s1_conjoint_r1_g4,conjoint_policy_experiment_20260518T134252Z_bdod6b_4,"{""prompt_type"": ""FACILITATOR"", ""prompt_name"": ""profile_b_immigration_policy"", ""module"": ""conjoint"", ""round"": 1, ""rendered_prompt"": ""Without providing any explanation, sample at random from [\""Open borders\"", \""Points-based system\"", \""Reduce by 50%\""]."", ""response"": ""Reduce by 50%""}"
2026-05-18T13:46:33.957323+00:00,facilitator_call,conjoint_policy_experiment_20260518T134252Z_bdod6b,conjoint_policy_experiment_20260518T134252Z_bdod6b_s1,conjoint_policy_experiment_20260518T134252Z_bdod6b_s1_conjoint_r1_g4,conjoint_policy_experiment_20260518T134252Z_bdod6b_4,"{""prompt_type"": ""FACILITATOR"", ""prompt_name"": ""profile_b_climate_policy"", ""module"": ""conjoint"", ""round"": 1, ""rendered_prompt"": ""Without providing any explanation, sample at random from [\""Carbon tax ($50/ton)\"", \""Green subsidies only\"", \""No new regulations\""]."", ""response"": ""Green subsidies only""}"
2026-05-18T13:46:58.580520+00:00,facilitator_call,conjoint_policy_experiment_20260518T134252Z_bdod6b,conjoint_policy_experiment_20260518T134252Z_bdod6b_s1,conjoint_policy_experiment_20260518T134252Z_bdod6b_s1_conjoint_r1_g5,conjoint_policy_experiment_20260518T134252Z_bdod6b_5,"{""prompt_type"": ""FACILITATOR"", ""prompt_name"": ""profile_a_tax_rate"", ""module"": ""conjoint"", ""round"": 1, ""rendered_prompt"": ""Without providing any explanation, sample at random from [\""10% flat tax\"", \""Progressive (15-35%)\"", \""Current rates maintained\""]."", ""response"": ""Progressive (15-35%)""}"
2026-05-18T13:47:01.730980+00:00,facilitator_call,conjoint_policy_experiment_20260518T134252Z_bdod6b,conjoint_policy_experiment_20260518T134252Z_bdod6b_s1,conjoint_policy_experiment_20260518T134252Z_bdod6b_s1_conjoint_r1_g5,conjoint_policy_experiment_20260518T134252Z_bdod6b_5,"{""prompt_type"": ""FACILITATOR"", ""prompt_name"": ""profile_a_healthcare_spending"", ""module"": ""conjoint"", ""round"": 1, ""rendered_prompt"": ""Without providing any explanation, sample at random from [\""Increase by 20%\"", \""Maintain current levels\"", \""Decrease by 15%\""]."", ""response"": ""Maintain current levels""}"
2026-05-18T13:47:05.438965+00:00,facilitator_call,conjoint_policy_experiment_20260518T134252Z_bdod6b,conjoint_policy_experiment_20260518T134252Z_bdod6b_s1,conjoint_policy_experiment_20260518T134252Z_bdod6b_s1_conjoint_r1_g5,conjoint_policy_experiment_20260518T134252Z_bdod6b_5,"{""prompt_type"": ""FACILITATOR"", ""prompt_name"": ""profile_a_education_spending"", ""module"": ""conjoint"", ""round"": 1, ""rendered_prompt"": ""Without providing any explanation, sample at random from [\""Double public school funding\"", \""Maintain current levels\"", \""Shift to voucher system\""]."", ""response"": ""Double public school funding""}"
2026-05-18T13:47:08.325958+00:00,facilitator_call,conjoint_policy_experiment_20260518T134252Z_bdod6b,conjoint_policy_experiment_20260518T134252Z_bdod6b_s1,conjoint_policy_experiment_20260518T134252Z_bdod6b_s1_conjoint_r1_g5,conjoint_policy_experiment_20260518T134252Z_bdod6b_5,"{""prompt_type"": ""FACILITATOR"", ""prompt_name"": ""profile_a_immigration_policy"", ""module"": ""conjoint"", ""round"": 1, ""rendered_prompt"": ""Without providing any explanation, sample at random from [\""Open borders\"", \""Points-based system\"", \""Reduce by 50%\""]."", ""response"": ""Points-based system""}"
2026-05-18T13:47:11.349927+00:00,facilitator_call,conjoint_policy_experiment_20260518T134252Z_bdod6b,conjoint_policy_experiment_20260518T134252Z_bdod6b_s1,conjoint_policy_experiment_20260518T134252Z_bdod6b_s1_conjoint_r1_g5,conjoint_policy_experiment_20260518T134252Z_bdod6b_5,"{""prompt_type"": ""FACILITATOR"", ""prompt_name"": ""profile_a_climate_policy"", ""module"": ""conjoint"", ""round"": 1, ""rendered_prompt"": ""Without providing any explanation, sample at random from [\""Carbon tax ($50/ton)\"", \""Green subsidies only\"", \""No new regulations\""]."", ""response"": ""Green subsidies only""}"
2026-05-18T13:47:15.659180+00:00,facilitator_call,conjoint_policy_experiment_20260518T134252Z_bdod6b,conjoint_policy_experiment_20260518T134252Z_bdod6b_s1,conjoint_policy_experiment_20260518T134252Z_bdod6b_s1_conjoint_r1_g5,conjoint_policy_experiment_20260518T134252Z_bdod6b_5,"{""prompt_type"": ""FACILITATOR"", ""prompt_name"": ""profile_b_tax_rate"", ""module"": ""conjoint"", ""round"": 1, ""rendered_prompt"": ""Without providing any explanation, sample at random from [\""10% flat tax\"", \""Progressive (15-35%)\"", \""Current rates maintained\""]."", ""response"": ""10% flat tax""}"
2026-05-18T13:47:22.974697+00:00,facilitator_call,conjoint_policy_experiment_20260518T134252Z_bdod6b,conjoint_policy_experiment_20260518T134252Z_bdod6b_s1,conjoint_policy_experiment_20260518T134252Z_bdod6b_s1_conjoint_r1_g5,conjoint_policy_experiment_20260518T134252Z_bdod6b_5,"{""prompt_type"": ""FACILITATOR"", ""prompt_name"": ""profile_b_healthcare_spending"", ""module"": ""conjoint"", ""round"": 1, ""rendered_prompt"": ""Without providing any explanation, sample at random from [\""Increase by 20%\"", \""Maintain current levels\"", \""Decrease by 15%\""]."", ""response"": ""Decrease by 15%""}"
2026-05-18T13:47:26.298715+00:00,facilitator_call,conjoint_policy_experiment_20260518T134252Z_bdod6b,conjoint_policy_experiment_20260518T134252Z_bdod6b_s1,conjoint_policy_experiment_20260518T134252Z_bdod6b_s1_conjoint_r1_g5,conjoint_policy_experiment_20260518T134252Z_bdod6b_5,"{""prompt_type"": ""FACILITATOR"", ""prompt_name"": ""profile_b_education_spending"", ""module"": ""conjoint"", ""round"": 1, ""rendered_prompt"": ""Without providing any explanation, sample at random from [\""Double public school funding\"", \""Maintain current levels\"", \""Shift to voucher system\""]."", ""response"": ""Shift to voucher system""}"
2026-05-18T13:47:29.158181+00:00,facilitator_call,conjoint_policy_experiment_20260518T134252Z_bdod6b,conjoint_policy_experiment_20260518T134252Z_bdod6b_s1,conjoint_policy_experiment_20260518T134252Z_bdod6b_s1_conjoint_r1_g5,conjoint_policy_experiment_20260518T134252Z_bdod6b_5,"{""prompt_type"": ""FACILITATOR"", ""prompt_name"": ""profile_b_immigration_policy"", ""module"": ""conjoint"", ""round"": 1, ""rendered_prompt"": ""Without providing any explanation, sample at random from [\""Open borders\"", \""Points-based system\"", \""Reduce by 50%\""]."", ""response"": ""Open borders""}"
2026-05-18T13:47:33.176183+00:00,facilitator_call,conjoint_policy_experiment_20260518T134252Z_bdod6b,conjoint_policy_experiment_20260518T134252Z_bdod6b_s1,conjoint_policy_experiment_20260518T134252Z_bdod6b_s1_conjoint_r1_g5,conjoint_policy_experiment_20260518T134252Z_bdod6b_5,"{""prompt_type"": ""FACILITATOR"", ""prompt_name"": ""profile_b_climate_policy"", ""module"": ""conjoint"", ""round"": 1, ""rendered_prompt"": ""Without providing any explanation, sample at random from [\""Carbon tax ($50/ton)\"", \""Green subsidies only\"", \""No new regulations\""]."", ""response"": ""No new regulations""}"
2026-05-18T13:47:52.288397+00:00,facilitator_call,conjoint_policy_experiment_20260518T134252Z_bdod6b,conjoint_policy_experiment_20260518T134252Z_bdod6b_s1,conjoint_policy_experiment_20260518T134252Z_bdod6b_s1_conjoint_r1_g6,conjoint_policy_experiment_20260518T134252Z_bdod6b_6,"{""prompt_type"": ""FACILITATOR"", ""prompt_name"": ""profile_a_tax_rate"", ""module"": ""conjoint"", ""round"": 1, ""rendered_prompt"": ""Without providing any explanation, sample at random from [\""10% flat tax\"", \""Progressive (15-35%)\"", \""Current rates maintained\""]."", ""response"": ""Progressive (15-35%)""}"
2026-05-18T13:47:55.460034+00:00,facilitator_call,conjoint_policy_experiment_20260518T134252Z_bdod6b,conjoint_policy_experiment_20260518T134252Z_bdod6b_s1,conjoint_policy_experiment_20260518T134252Z_bdod6b_s1_conjoint_r1_g6,conjoint_policy_experiment_20260518T134252Z_bdod6b_6,"{""prompt_type"": ""FACILITATOR"", ""prompt_name"": ""profile_a_healthcare_spending"", ""module"": ""conjoint"", ""round"": 1, ""rendered_prompt"": ""Without providing any explanation, sample at random from [\""Increase by 20%\"", \""Maintain current levels\"", \""Decrease by 15%\""]."", ""response"": ""Decrease by 15%""}"
2026-05-18T13:47:59.580664+00:00,facilitator_call,conjoint_policy_experiment_20260518T134252Z_bdod6b,conjoint_policy_experiment_20260518T134252Z_bdod6b_s1,conjoint_policy_experiment_20260518T134252Z_bdod6b_s1_conjoint_r1_g6,conjoint_policy_experiment_20260518T134252Z_bdod6b_6,"{""prompt_type"": ""FACILITATOR"", ""prompt_name"": ""profile_a_education_spending"", ""module"": ""conjoint"", ""round"": 1, ""rendered_prompt"": ""Without providing any explanation, sample at random from [\""Double public school funding\"", \""Maintain current levels\"", \""Shift to voucher system\""]."", ""response"": ""Maintain current levels""}"
2026-05-18T13:48:03.004959+00:00,facilitator_call,conjoint_policy_experiment_20260518T134252Z_bdod6b,conjoint_policy_experiment_20260518T134252Z_bdod6b_s1,conjoint_policy_experiment_20260518T134252Z_bdod6b_s1_conjoint_r1_g6,conjoint_policy_experiment_20260518T134252Z_bdod6b_6,"{""prompt_type"": ""FACILITATOR"", ""prompt_name"": ""profile_a_immigration_policy"", ""module"": ""conjoint"", ""round"": 1, ""rendered_prompt"": ""Without providing any explanation, sample at random from [\""Open borders\"", \""Points-based system\"", \""Reduce by 50%\""]."", ""response"": ""Open borders""}"
2026-05-18T13:48:07.203582+00:00,facilitator_call,conjoint_policy_experiment_20260518T134252Z_bdod6b,conjoint_policy_experiment_20260518T134252Z_bdod6b_s1,conjoint_policy_experiment_20260518T134252Z_bdod6b_s1_conjoint_r1_g6,conjoint_policy_experiment_20260518T134252Z_bdod6b_6,"{""prompt_type"": ""FACILITATOR"", ""prompt_name"": ""profile_a_climate_policy"", ""module"": ""conjoint"", ""round"": 1, ""rendered_prompt"": ""Without providing any explanation, sample at random from [\""Carbon tax ($50/ton)\"", \""Green subsidies only\"", \""No new regulations\""]."", ""response"": ""Carbon tax ($50/ton)""}"
2026-05-18T13:48:10.775979+00:00,facilitator_call,conjoint_policy_experiment_20260518T134252Z_bdod6b,conjoint_policy_experiment_20260518T134252Z_bdod6b_s1,conjoint_policy_experiment_20260518T134252Z_bdod6b_s1_conjoint_r1_g6,conjoint_policy_experiment_20260518T134252Z_bdod6b_6,"{""prompt_type"": ""FACILITATOR"", ""prompt_name"": ""profile_b_tax_rate"", ""module"": ""conjoint"", ""round"": 1, ""rendered_prompt"": ""Without providing any explanation, sample at random from [\""10% flat tax\"", \""Progressive (15-35%)\"", \""Current rates maintained\""]."", ""response"": ""10% flat tax""}"
2026-05-18T13:48:14.840219+00:00,facilitator_call,conjoint_policy_experiment_20260518T134252Z_bdod6b,conjoint_policy_experiment_20260518T134252Z_bdod6b_s1,conjoint_policy_experiment_20260518T134252Z_bdod6b_s1_conjoint_r1_g6,conjoint_policy_experiment_20260518T134252Z_bdod6b_6,"{""prompt_type"": ""FACILITATOR"", ""prompt_name"": ""profile_b_healthcare_spending"", ""module"": ""conjoint"", ""round"": 1, ""rendered_prompt"": ""Without providing any explanation, sample at random from [\""Increase by 20%\"", \""Maintain current levels\"", \""Decrease by 15%\""]."", ""response"": ""Increase by 20%""}"
2026-05-18T13:48:18.829250+00:00,facilitator_call,conjoint_policy_experiment_20260518T134252Z_bdod6b,conjoint_policy_experiment_20260518T134252Z_bdod6b_s1,conjoint_policy_experiment_20260518T134252Z_bdod6b_s1_conjoint_r1_g6,conjoint_policy_experiment_20260518T134252Z_bdod6b_6,"{""prompt_type"": ""FACILITATOR"", ""prompt_name"": ""profile_b_education_spending"", ""module"": ""conjoint"", ""round"": 1, ""rendered_prompt"": ""Without providing any explanation, sample at random from [\""Double public school funding\"", \""Maintain current levels\"", \""Shift to voucher system\""]."", ""response"": ""Double public school funding""}"
2026-05-18T13:48:21.911519+00:00,facilitator_call,conjoint_policy_experiment_20260518T134252Z_bdod6b,conjoint_policy_experiment_20260518T134252Z_bdod6b_s1,conjoint_policy_experiment_20260518T134252Z_bdod6b_s1_conjoint_r1_g6,conjoint_policy_experiment_20260518T134252Z_bdod6b_6,"{""prompt_type"": ""FACILITATOR"", ""prompt_name"": ""profile_b_immigration_policy"", ""module"": ""conjoint"", ""round"": 1, ""rendered_prompt"": ""Without providing any explanation, sample at random from [\""Open borders\"", \""Points-based system\"", \""Reduce by 50%\""]."", ""response"": ""Points-based system""}"
2026-05-18T13:48:25.171302+00:00,facilitator_call,conjoint_policy_experiment_20260518T134252Z_bdod6b,conjoint_policy_experiment_20260518T134252Z_bdod6b_s1,conjoint_policy_experiment_20260518T134252Z_bdod6b_s1_conjoint_r1_g6,conjoint_policy_experiment_20260518T134252Z_bdod6b_6,"{""prompt_type"": ""FACILITATOR"", ""prompt_name"": ""profile_b_climate_policy"", ""module"": ""conjoint"", ""round"": 1, ""rendered_prompt"": ""Without providing any explanation, sample at random from [\""Carbon tax ($50/ton)\"", \""Green subsidies only\"", \""No new regulations\""]."", ""response"": ""Green subsidies only""}"
2026-05-18T13:48:44.446663+00:00,facilitator_call,conjoint_policy_experiment_20260518T134252Z_bdod6b,conjoint_policy_experiment_20260518T134252Z_bdod6b_s1,conjoint_policy_experiment_20260518T134252Z_bdod6b_s1_conjoint_r1_g7,conjoint_policy_experiment_20260518T134252Z_bdod6b_7,"{""prompt_type"": ""FACILITATOR"", ""prompt_name"": ""profile_a_tax_rate"", ""module"": ""conjoint"", ""round"": 1, ""rendered_prompt"": ""Without providing any explanation, sample at random from [\""10% flat tax\"", \""Progressive (15-35%)\"", \""Current rates maintained\""]."", ""response"": ""Progressive (15-35%)""}"
2026-05-18T13:48:47.588102+00:00,facilitator_call,conjoint_policy_experiment_20260518T134252Z_bdod6b,conjoint_policy_experiment_20260518T134252Z_bdod6b_s1,conjoint_policy_experiment_20260518T134252Z_bdod6b_s1_conjoint_r1_g7,conjoint_policy_experiment_20260518T134252Z_bdod6b_7,"{""prompt_type"": ""FACILITATOR"", ""prompt_name"": ""profile_a_healthcare_spending"", ""module"": ""conjoint"", ""round"": 1, ""rendered_prompt"": ""Without providing any explanation, sample at random from [\""Increase by 20%\"", \""Maintain current levels\"", \""Decrease by 15%\""]."", ""response"": ""Maintain current levels""}"
2026-05-18T13:48:50.067720+00:00,facilitator_call,conjoint_policy_experiment_20260518T134252Z_bdod6b,conjoint_policy_experiment_20260518T134252Z_bdod6b_s1,conjoint_policy_experiment_20260518T134252Z_bdod6b_s1_conjoint_r1_g7,conjoint_policy_experiment_20260518T134252Z_bdod6b_7,"{""prompt_type"": ""FACILITATOR"", ""prompt_name"": ""profile_a_education_spending"", ""module"": ""conjoint"", ""round"": 1, ""rendered_prompt"": ""Without providing any explanation, sample at random from [\""Double public school funding\"", \""Maintain current levels\"", \""Shift to voucher system\""]."", ""response"": ""Double public school funding""}"
2026-05-18T13:48:52.833883+00:00,facilitator_call,conjoint_policy_experiment_20260518T134252Z_bdod6b,conjoint_policy_experiment_20260518T134252Z_bdod6b_s1,conjoint_policy_experiment_20260518T134252Z_bdod6b_s1_conjoint_r1_g7,conjoint_policy_experiment_20260518T134252Z_bdod6b_7,"{""prompt_type"": ""FACILITATOR"", ""prompt_name"": ""profile_a_immigration_policy"", ""module"": ""conjoint"", ""round"": 1, ""rendered_prompt"": ""Without providing any explanation, sample at random from [\""Open borders\"", \""Points-based system\"", \""Reduce by 50%\""]."", ""response"": ""Points-based system""}"
2026-05-18T13:48:56.472300+00:00,facilitator_call,conjoint_policy_experiment_20260518T134252Z_bdod6b,conjoint_policy_experiment_20260518T134252Z_bdod6b_s1,conjoint_policy_experiment_20260518T134252Z_bdod6b_s1_conjoint_r1_g7,conjoint_policy_experiment_20260518T134252Z_bdod6b_7,"{""prompt_type"": ""FACILITATOR"", ""prompt_name"": ""profile_a_climate_policy"", ""module"": ""conjoint"", ""round"": 1, ""rendered_prompt"": ""Without providing any explanation, sample at random from [\""Carbon tax ($50/ton)\"", \""Green subsidies only\"", \""No new regulations\""]."", ""response"": ""Carbon tax ($50/ton)""}"
2026-05-18T13:48:58.674842+00:00,facilitator_call,conjoint_policy_experiment_20260518T134252Z_bdod6b,conjoint_policy_experiment_20260518T134252Z_bdod6b_s1,conjoint_policy_experiment_20260518T134252Z_bdod6b_s1_conjoint_r1_g7,conjoint_policy_experiment_20260518T134252Z_bdod6b_7,"{""prompt_type"": ""FACILITATOR"", ""prompt_name"": ""profile_b_tax_rate"", ""module"": ""conjoint"", ""round"": 1, ""rendered_prompt"": ""Without providing any explanation, sample at random from [\""10% flat tax\"", \""Progressive (15-35%)\"", \""Current rates maintained\""]."", ""response"": ""10% flat tax""}"
2026-05-18T13:49:04.530407+00:00,facilitator_call,conjoint_policy_experiment_20260518T134252Z_bdod6b,conjoint_policy_experiment_20260518T134252Z_bdod6b_s1,conjoint_policy_experiment_20260518T134252Z_bdod6b_s1_conjoint_r1_g7,conjoint_policy_experiment_20260518T134252Z_bdod6b_7,"{""prompt_type"": ""FACILITATOR"", ""prompt_name"": ""profile_b_healthcare_spending"", ""module"": ""conjoint"", ""round"": 1, ""rendered_prompt"": ""Without providing any explanation, sample at random from [\""Increase by 20%\"", \""Maintain current levels\"", \""Decrease by 15%\""]."", ""response"": ""Maintain current levels""}"
2026-05-18T13:49:07.921720+00:00,facilitator_call,conjoint_policy_experiment_20260518T134252Z_bdod6b,conjoint_policy_experiment_20260518T134252Z_bdod6b_s1,conjoint_policy_experiment_20260518T134252Z_bdod6b_s1_conjoint_r1_g7,conjoint_policy_experiment_20260518T134252Z_bdod6b_7,"{""prompt_type"": ""FACILITATOR"", ""prompt_name"": ""profile_b_education_spending"", ""module"": ""conjoint"", ""round"": 1, ""rendered_prompt"": ""Without providing any explanation, sample at random from [\""Double public school funding\"", \""Maintain current levels\"", \""Shift to voucher system\""]."", ""response"": ""Shift to voucher system""}"
2026-05-18T13:49:11.655467+00:00,facilitator_call,conjoint_policy_experiment_20260518T134252Z_bdod6b,conjoint_policy_experiment_20260518T134252Z_bdod6b_s1,conjoint_policy_experiment_20260518T134252Z_bdod6b_s1_conjoint_r1_g7,conjoint_policy_experiment_20260518T134252Z_bdod6b_7,"{""prompt_type"": ""FACILITATOR"", ""prompt_name"": ""profile_b_immigration_policy"", ""module"": ""conjoint"", ""round"": 1, ""rendered_prompt"": ""Without providing any explanation, sample at random from [\""Open borders\"", \""Points-based system\"", \""Reduce by 50%\""]."", ""response"": ""Points-based system""}"
2026-05-18T13:49:14.403109+00:00,facilitator_call,conjoint_policy_experiment_20260518T134252Z_bdod6b,conjoint_policy_experiment_20260518T134252Z_bdod6b_s1,conjoint_policy_experiment_20260518T134252Z_bdod6b_s1_conjoint_r1_g7,conjoint_policy_experiment_20260518T134252Z_bdod6b_7,"{""prompt_type"": ""FACILITATOR"", ""prompt_name"": ""profile_b_climate_policy"", ""module"": ""conjoint"", ""round"": 1, ""rendered_prompt"": ""Without providing any explanation, sample at random from [\""Carbon tax ($50/ton)\"", \""Green subsidies only\"", \""No new regulations\""]."", ""response"": ""Green subsidies only""}"
2026-05-18T13:49:35.761169+00:00,facilitator_call,conjoint_policy_experiment_20260518T134252Z_bdod6b,conjoint_policy_experiment_20260518T134252Z_bdod6b_s1,conjoint_policy_experiment_20260518T134252Z_bdod6b_s1_conjoint_r1_g8,conjoint_policy_experiment_20260518T134252Z_bdod6b_8,"{""prompt_type"": ""FACILITATOR"", ""prompt_name"": ""profile_a_tax_rate"", ""module"": ""conjoint"", ""round"": 1, ""rendered_prompt"": ""Without providing any explanation, sample at random from [\""10% flat tax\"", \""Progressive (15-35%)\"", \""Current rates maintained\""]."", ""response"": ""Progressive (15-35%)""}"
2026-05-18T13:49:39.091383+00:00,facilitator_call,conjoint_policy_experiment_20260518T134252Z_bdod6b,conjoint_policy_experiment_20260518T134252Z_bdod6b_s1,conjoint_policy_experiment_20260518T134252Z_bdod6b_s1_conjoint_r1_g8,conjoint_policy_experiment_20260518T134252Z_bdod6b_8,"{""prompt_type"": ""FACILITATOR"", ""prompt_name"": ""profile_a_healthcare_spending"", ""module"": ""conjoint"", ""round"": 1, ""rendered_prompt"": ""Without providing any explanation, sample at random from [\""Increase by 20%\"", \""Maintain current levels\"", \""Decrease by 15%\""]."", ""response"": ""Decrease by 15%""}"
2026-05-18T13:49:41.994587+00:00,facilitator_call,conjoint_policy_experiment_20260518T134252Z_bdod6b,conjoint_policy_experiment_20260518T134252Z_bdod6b_s1,conjoint_policy_experiment_20260518T134252Z_bdod6b_s1_conjoint_r1_g8,conjoint_policy_experiment_20260518T134252Z_bdod6b_8,"{""prompt_type"": ""FACILITATOR"", ""prompt_name"": ""profile_a_education_spending"", ""module"": ""conjoint"", ""round"": 1, ""rendered_prompt"": ""Without providing any explanation, sample at random from [\""Double public school funding\"", \""Maintain current levels\"", \""Shift to voucher system\""]."", ""response"": ""Maintain current levels""}"
2026-05-18T13:49:45.827567+00:00,facilitator_call,conjoint_policy_experiment_20260518T134252Z_bdod6b,conjoint_policy_experiment_20260518T134252Z_bdod6b_s1,conjoint_policy_experiment_20260518T134252Z_bdod6b_s1_conjoint_r1_g8,conjoint_policy_experiment_20260518T134252Z_bdod6b_8,"{""prompt_type"": ""FACILITATOR"", ""prompt_name"": ""profile_a_immigration_policy"", ""module"": ""conjoint"", ""round"": 1, ""rendered_prompt"": ""Without providing any explanation, sample at random from [\""Open borders\"", \""Points-based system\"", \""Reduce by 50%\""]."", ""response"": ""Points-based system""}"
2026-05-18T13:49:48.924314+00:00,facilitator_call,conjoint_policy_experiment_20260518T134252Z_bdod6b,conjoint_policy_experiment_20260518T134252Z_bdod6b_s1,conjoint_policy_experiment_20260518T134252Z_bdod6b_s1_conjoint_r1_g8,conjoint_policy_experiment_20260518T134252Z_bdod6b_8,"{""prompt_type"": ""FACILITATOR"", ""prompt_name"": ""profile_a_climate_policy"", ""module"": ""conjoint"", ""round"": 1, ""rendered_prompt"": ""Without providing any explanation, sample at random from [\""Carbon tax ($50/ton)\"", \""Green subsidies only\"", \""No new regulations\""]."", ""response"": ""Green subsidies only""}"
2026-05-18T13:49:52.921713+00:00,facilitator_call,conjoint_policy_experiment_20260518T134252Z_bdod6b,conjoint_policy_experiment_20260518T134252Z_bdod6b_s1,conjoint_policy_experiment_20260518T134252Z_bdod6b_s1_conjoint_r1_g8,conjoint_policy_experiment_20260518T134252Z_bdod6b_8,"{""prompt_type"": ""FACILITATOR"", ""prompt_name"": ""profile_b_tax_rate"", ""module"": ""conjoint"", ""round"": 1, ""rendered_prompt"": ""Without providing any explanation, sample at random from [\""10% flat tax\"", \""Progressive (15-35%)\"", \""Current rates maintained\""]."", ""response"": ""10% flat tax""}"
2026-05-18T13:49:56.162040+00:00,facilitator_call,conjoint_policy_experiment_20260518T134252Z_bdod6b,conjoint_policy_experiment_20260518T134252Z_bdod6b_s1,conjoint_policy_experiment_20260518T134252Z_bdod6b_s1_conjoint_r1_g8,conjoint_policy_experiment_20260518T134252Z_bdod6b_8,"{""prompt_type"": ""FACILITATOR"", ""prompt_name"": ""profile_b_healthcare_spending"", ""module"": ""conjoint"", ""round"": 1, ""rendered_prompt"": ""Without providing any explanation, sample at random from [\""Increase by 20%\"", \""Maintain current levels\"", \""Decrease by 15%\""]."", ""response"": ""Increase by 20%""}"
2026-05-18T13:49:59.371589+00:00,facilitator_call,conjoint_policy_experiment_20260518T134252Z_bdod6b,conjoint_policy_experiment_20260518T134252Z_bdod6b_s1,conjoint_policy_experiment_20260518T134252Z_bdod6b_s1_conjoint_r1_g8,conjoint_policy_experiment_20260518T134252Z_bdod6b_8,"{""prompt_type"": ""FACILITATOR"", ""prompt_name"": ""profile_b_education_spending"", ""module"": ""conjoint"", ""round"": 1, ""rendered_prompt"": ""Without providing any explanation, sample at random from [\""Double public school funding\"", \""Maintain current levels\"", \""Shift to voucher system\""]."", ""response"": ""Maintain current levels""}"
2026-05-18T13:50:03.149505+00:00,facilitator_call,conjoint_policy_experiment_20260518T134252Z_bdod6b,conjoint_policy_experiment_20260518T134252Z_bdod6b_s1,conjoint_policy_experiment_20260518T134252Z_bdod6b_s1_conjoint_r1_g8,conjoint_policy_experiment_20260518T134252Z_bdod6b_8,"{""prompt_type"": ""FACILITATOR"", ""prompt_name"": ""profile_b_immigration_policy"", ""module"": ""conjoint"", ""round"": 1, ""rendered_prompt"": ""Without providing any explanation, sample at random from [\""Open borders\"", \""Points-based system\"", \""Reduce by 50%\""]."", ""response"": ""Open borders""}"
2026-05-18T13:50:05.976195+00:00,facilitator_call,conjoint_policy_experiment_20260518T134252Z_bdod6b,conjoint_policy_experiment_20260518T134252Z_bdod6b_s1,conjoint_policy_experiment_20260518T134252Z_bdod6b_s1_conjoint_r1_g8,conjoint_policy_experiment_20260518T134252Z_bdod6b_8,"{""prompt_type"": ""FACILITATOR"", ""prompt_name"": ""profile_b_climate_policy"", ""module"": ""conjoint"", ""round"": 1, ""rendered_prompt"": ""Without providing any explanation, sample at random from [\""Carbon tax ($50/ton)\"", \""Green subsidies only\"", \""No new regulations\""]."", ""response"": ""Green subsidies only""}"
2026-05-18T13:50:31.578650+00:00,facilitator_call,conjoint_policy_experiment_20260518T134252Z_bdod6b,conjoint_policy_experiment_20260518T134252Z_bdod6b_s1,conjoint_policy_experiment_20260518T134252Z_bdod6b_s1_conjoint_r2_g1,conjoint_policy_experiment_20260518T134252Z_bdod6b_1,"{""prompt_type"": ""FACILITATOR"", ""prompt_name"": ""profile_a_tax_rate"", ""module"": ""conjoint"", ""round"": 2, ""rendered_prompt"": ""Without providing any explanation, sample at random from [\""10% flat tax\"", \""Progressive (15-35%)\"", \""Current rates maintained\""]."", ""response"": ""Progressive (15-35%)""}"
2026-05-18T13:50:33.815586+00:00,facilitator_call,conjoint_policy_experiment_20260518T134252Z_bdod6b,conjoint_policy_experiment_20260518T134252Z_bdod6b_s1,conjoint_policy_experiment_20260518T134252Z_bdod6b_s1_conjoint_r2_g1,conjoint_policy_experiment_20260518T134252Z_bdod6b_1,"{""prompt_type"": ""FACILITATOR"", ""prompt_name"": ""profile_a_healthcare_spending"", ""module"": ""conjoint"", ""round"": 2, ""rendered_prompt"": ""Without providing any explanation, sample at random from [\""Increase by 20%\"", \""Maintain current levels\"", \""Decrease by 15%\""]."", ""response"": ""Maintain current levels""}"
2026-05-18T13:50:37.180652+00:00,facilitator_call,conjoint_policy_experiment_20260518T134252Z_bdod6b,conjoint_policy_experiment_20260518T134252Z_bdod6b_s1,conjoint_policy_experiment_20260518T134252Z_bdod6b_s1_conjoint_r2_g1,conjoint_policy_experiment_20260518T134252Z_bdod6b_1,"{""prompt_type"": ""FACILITATOR"", ""prompt_name"": ""profile_a_education_spending"", ""module"": ""conjoint"", ""round"": 2, ""rendered_prompt"": ""Without providing any explanation, sample at random from [\""Double public school funding\"", \""Maintain current levels\"", \""Shift to voucher system\""]."", ""response"": ""Shift to voucher system""}"
2026-05-18T13:50:40.740735+00:00,facilitator_call,conjoint_policy_experiment_20260518T134252Z_bdod6b,conjoint_policy_experiment_20260518T134252Z_bdod6b_s1,conjoint_policy_experiment_20260518T134252Z_bdod6b_s1_conjoint_r2_g1,conjoint_policy_experiment_20260518T134252Z_bdod6b_1,"{""prompt_type"": ""FACILITATOR"", ""prompt_name"": ""profile_a_immigration_policy"", ""module"": ""conjoint"", ""round"": 2, ""rendered_prompt"": ""Without providing any explanation, sample at random from [\""Open borders\"", \""Points-based system\"", \""Reduce by 50%\""]."", ""response"": ""Reduce by 50%""}"
2026-05-18T13:50:43.361367+00:00,facilitator_call,conjoint_policy_experiment_20260518T134252Z_bdod6b,conjoint_policy_experiment_20260518T134252Z_bdod6b_s1,conjoint_policy_experiment_20260518T134252Z_bdod6b_s1_conjoint_r2_g1,conjoint_policy_experiment_20260518T134252Z_bdod6b_1,"{""prompt_type"": ""FACILITATOR"", ""prompt_name"": ""profile_a_climate_policy"", ""module"": ""conjoint"", ""round"": 2, ""rendered_prompt"": ""Without providing any explanation, sample at random from [\""Carbon tax ($50/ton)\"", \""Green subsidies only\"", \""No new regulations\""]."", ""response"": ""No new regulations""}"
2026-05-18T13:50:46.508059+00:00,facilitator_call,conjoint_policy_experiment_20260518T134252Z_bdod6b,conjoint_policy_experiment_20260518T134252Z_bdod6b_s1,conjoint_policy_experiment_20260518T134252Z_bdod6b_s1_conjoint_r2_g1,conjoint_policy_experiment_20260518T134252Z_bdod6b_1,"{""prompt_type"": ""FACILITATOR"", ""prompt_name"": ""profile_b_tax_rate"", ""module"": ""conjoint"", ""round"": 2, ""rendered_prompt"": ""Without providing any explanation, sample at random from [\""10% flat tax\"", \""Progressive (15-35%)\"", \""Current rates maintained\""]."", ""response"": ""Progressive (15-35%)""}"
2026-05-18T13:50:49.792988+00:00,facilitator_call,conjoint_policy_experiment_20260518T134252Z_bdod6b,conjoint_policy_experiment_20260518T134252Z_bdod6b_s1,conjoint_policy_experiment_20260518T134252Z_bdod6b_s1_conjoint_r2_g1,conjoint_policy_experiment_20260518T134252Z_bdod6b_1,"{""prompt_type"": ""FACILITATOR"", ""prompt_name"": ""profile_b_healthcare_spending"", ""module"": ""conjoint"", ""round"": 2, ""rendered_prompt"": ""Without providing any explanation, sample at random from [\""Increase by 20%\"", \""Maintain current levels\"", \""Decrease by 15%\""]."", ""response"": ""Maintain current levels""}"
2026-05-18T13:50:53.163843+00:00,facilitator_call,conjoint_policy_experiment_20260518T134252Z_bdod6b,conjoint_policy_experiment_20260518T134252Z_bdod6b_s1,conjoint_policy_experiment_20260518T134252Z_bdod6b_s1_conjoint_r2_g1,conjoint_policy_experiment_20260518T134252Z_bdod6b_1,"{""prompt_type"": ""FACILITATOR"", ""prompt_name"": ""profile_b_education_spending"", ""module"": ""conjoint"", ""round"": 2, ""rendered_prompt"": ""Without providing any explanation, sample at random from [\""Double public school funding\"", \""Maintain current levels\"", \""Shift to voucher system\""]."", ""response"": ""Maintain current levels""}"
2026-05-18T13:50:57.044990+00:00,facilitator_call,conjoint_policy_experiment_20260518T134252Z_bdod6b,conjoint_policy_experiment_20260518T134252Z_bdod6b_s1,conjoint_policy_experiment_20260518T134252Z_bdod6b_s1_conjoint_r2_g1,conjoint_policy_experiment_20260518T134252Z_bdod6b_1,"{""prompt_type"": ""FACILITATOR"", ""prompt_name"": ""profile_b_immigration_policy"", ""module"": ""conjoint"", ""round"": 2, ""rendered_prompt"": ""Without providing any explanation, sample at random from [\""Open borders\"", \""Points-based system\"", \""Reduce by 50%\""]."", ""response"": ""Points-based system""}"
2026-05-18T13:50:59.258367+00:00,facilitator_call,conjoint_policy_experiment_20260518T134252Z_bdod6b,conjoint_policy_experiment_20260518T134252Z_bdod6b_s1,conjoint_policy_experiment_20260518T134252Z_bdod6b_s1_conjoint_r2_g1,conjoint_policy_experiment_20260518T134252Z_bdod6b_1,"{""prompt_type"": ""FACILITATOR"", ""prompt_name"": ""profile_b_climate_policy"", ""module"": ""conjoint"", ""round"": 2, ""rendered_prompt"": ""Without providing any explanation, sample at random from [\""Carbon tax ($50/ton)\"", \""Green subsidies only\"", \""No new regulations\""]."", ""response"": ""No new regulations""}"
2026-05-18T13:51:20.742807+00:00,facilitator_call,conjoint_policy_experiment_20260518T134252Z_bdod6b,conjoint_policy_experiment_20260518T134252Z_bdod6b_s1,conjoint_policy_experiment_20260518T134252Z_bdod6b_s1_conjoint_r2_g2,conjoint_policy_experiment_20260518T134252Z_bdod6b_2,"{""prompt_type"": ""FACILITATOR"", ""prompt_name"": ""profile_a_tax_rate"", ""module"": ""conjoint"", ""round"": 2, ""rendered_prompt"": ""Without providing any explanation, sample at random from [\""10% flat tax\"", \""Progressive (15-35%)\"", \""Current rates maintained\""]."", ""response"": ""Progressive (15-35%)""}"
2026-05-18T13:51:23.494531+00:00,facilitator_call,conjoint_policy_experiment_20260518T134252Z_bdod6b,conjoint_policy_experiment_20260518T134252Z_bdod6b_s1,conjoint_policy_experiment_20260518T134252Z_bdod6b_s1_conjoint_r2_g2,conjoint_policy_experiment_20260518T134252Z_bdod6b_2,"{""prompt_type"": ""FACILITATOR"", ""prompt_name"": ""profile_a_healthcare_spending"", ""module"": ""conjoint"", ""round"": 2, ""rendered_prompt"": ""Without providing any explanation, sample at random from [\""Increase by 20%\"", \""Maintain current levels\"", \""Decrease by 15%\""]."", ""response"": ""Decrease by 15%""}"
2026-05-18T13:51:26.744851+00:00,facilitator_call,conjoint_policy_experiment_20260518T134252Z_bdod6b,conjoint_policy_experiment_20260518T134252Z_bdod6b_s1,conjoint_policy_experiment_20260518T134252Z_bdod6b_s1_conjoint_r2_g2,conjoint_policy_experiment_20260518T134252Z_bdod6b_2,"{""prompt_type"": ""FACILITATOR"", ""prompt_name"": ""profile_a_education_spending"", ""module"": ""conjoint"", ""round"": 2, ""rendered_prompt"": ""Without providing any explanation, sample at random from [\""Double public school funding\"", \""Maintain current levels\"", \""Shift to voucher system\""]."", ""response"": ""Maintain current levels""}"
2026-05-18T13:51:30.065268+00:00,facilitator_call,conjoint_policy_experiment_20260518T134252Z_bdod6b,conjoint_policy_experiment_20260518T134252Z_bdod6b_s1,conjoint_policy_experiment_20260518T134252Z_bdod6b_s1_conjoint_r2_g2,conjoint_policy_experiment_20260518T134252Z_bdod6b_2,"{""prompt_type"": ""FACILITATOR"", ""prompt_name"": ""profile_a_immigration_policy"", ""module"": ""conjoint"", ""round"": 2, ""rendered_prompt"": ""Without providing any explanation, sample at random from [\""Open borders\"", \""Points-based system\"", \""Reduce by 50%\""]."", ""response"": ""Points-based system""}"
2026-05-18T13:51:32.987477+00:00,facilitator_call,conjoint_policy_experiment_20260518T134252Z_bdod6b,conjoint_policy_experiment_20260518T134252Z_bdod6b_s1,conjoint_policy_experiment_20260518T134252Z_bdod6b_s1_conjoint_r2_g2,conjoint_policy_experiment_20260518T134252Z_bdod6b_2,"{""prompt_type"": ""FACILITATOR"", ""prompt_name"": ""profile_a_climate_policy"", ""module"": ""conjoint"", ""round"": 2, ""rendered_prompt"": ""Without providing any explanation, sample at random from [\""Carbon tax ($50/ton)\"", \""Green subsidies only\"", \""No new regulations\""]."", ""response"": ""Green subsidies only""}"
2026-05-18T13:51:38.225319+00:00,facilitator_call,conjoint_policy_experiment_20260518T134252Z_bdod6b,conjoint_policy_experiment_20260518T134252Z_bdod6b_s1,conjoint_policy_experiment_20260518T134252Z_bdod6b_s1_conjoint_r2_g2,conjoint_policy_experiment_20260518T134252Z_bdod6b_2,"{""prompt_type"": ""FACILITATOR"", ""prompt_name"": ""profile_b_tax_rate"", ""module"": ""conjoint"", ""round"": 2, ""rendered_prompt"": ""Without providing any explanation, sample at random from [\""10% flat tax\"", \""Progressive (15-35%)\"", \""Current rates maintained\""]."", ""response"": ""10% flat tax""}"
2026-05-18T13:51:42.284417+00:00,facilitator_call,conjoint_policy_experiment_20260518T134252Z_bdod6b,conjoint_policy_experiment_20260518T134252Z_bdod6b_s1,conjoint_policy_experiment_20260518T134252Z_bdod6b_s1_conjoint_r2_g2,conjoint_policy_experiment_20260518T134252Z_bdod6b_2,"{""prompt_type"": ""FACILITATOR"", ""prompt_name"": ""profile_b_healthcare_spending"", ""module"": ""conjoint"", ""round"": 2, ""rendered_prompt"": ""Without providing any explanation, sample at random from [\""Increase by 20%\"", \""Maintain current levels\"", \""Decrease by 15%\""]."", ""response"": ""Increase by 20%""}"
2026-05-18T13:51:47.221517+00:00,facilitator_call,conjoint_policy_experiment_20260518T134252Z_bdod6b,conjoint_policy_experiment_20260518T134252Z_bdod6b_s1,conjoint_policy_experiment_20260518T134252Z_bdod6b_s1_conjoint_r2_g2,conjoint_policy_experiment_20260518T134252Z_bdod6b_2,"{""prompt_type"": ""FACILITATOR"", ""prompt_name"": ""profile_b_education_spending"", ""module"": ""conjoint"", ""round"": 2, ""rendered_prompt"": ""Without providing any explanation, sample at random from [\""Double public school funding\"", \""Maintain current levels\"", \""Shift to voucher system\""]."", ""response"": ""Shift to voucher system""}"
2026-05-18T13:51:51.494701+00:00,facilitator_call,conjoint_policy_experiment_20260518T134252Z_bdod6b,conjoint_policy_experiment_20260518T134252Z_bdod6b_s1,conjoint_policy_experiment_20260518T134252Z_bdod6b_s1_conjoint_r2_g2,conjoint_policy_experiment_20260518T134252Z_bdod6b_2,"{""prompt_type"": ""FACILITATOR"", ""prompt_name"": ""profile_b_immigration_policy"", ""module"": ""conjoint"", ""round"": 2, ""rendered_prompt"": ""Without providing any explanation, sample at random from [\""Open borders\"", \""Points-based system\"", \""Reduce by 50%\""]."", ""response"": ""Reduce by 50%""}"
2026-05-18T13:51:54.453818+00:00,facilitator_call,conjoint_policy_experiment_20260518T134252Z_bdod6b,conjoint_policy_experiment_20260518T134252Z_bdod6b_s1,conjoint_policy_experiment_20260518T134252Z_bdod6b_s1_conjoint_r2_g2,conjoint_policy_experiment_20260518T134252Z_bdod6b_2,"{""prompt_type"": ""FACILITATOR"", ""prompt_name"": ""profile_b_climate_policy"", ""module"": ""conjoint"", ""round"": 2, ""rendered_prompt"": ""Without providing any explanation, sample at random from [\""Carbon tax ($50/ton)\"", \""Green subsidies only\"", \""No new regulations\""]."", ""response"": ""No new regulations""}"
2026-05-18T13:52:16.666232+00:00,facilitator_call,conjoint_policy_experiment_20260518T134252Z_bdod6b,conjoint_policy_experiment_20260518T134252Z_bdod6b_s1,conjoint_policy_experiment_20260518T134252Z_bdod6b_s1_conjoint_r2_g3,conjoint_policy_experiment_20260518T134252Z_bdod6b_3,"{""prompt_type"": ""FACILITATOR"", ""prompt_name"": ""profile_a_tax_rate"", ""module"": ""conjoint"", ""round"": 2, ""rendered_prompt"": ""Without providing any explanation, sample at random from [\""10% flat tax\"", \""Progressive (15-35%)\"", \""Current rates maintained\""]."", ""response"": ""10% flat tax""}"
2026-05-18T13:52:21.300595+00:00,facilitator_call,conjoint_policy_experiment_20260518T134252Z_bdod6b,conjoint_policy_experiment_20260518T134252Z_bdod6b_s1,conjoint_policy_experiment_20260518T134252Z_bdod6b_s1_conjoint_r2_g3,conjoint_policy_experiment_20260518T134252Z_bdod6b_3,"{""prompt_type"": ""FACILITATOR"", ""prompt_name"": ""profile_a_healthcare_spending"", ""module"": ""conjoint"", ""round"": 2, ""rendered_prompt"": ""Without providing any explanation, sample at random from [\""Increase by 20%\"", \""Maintain current levels\"", \""Decrease by 15%\""]."", ""response"": ""Maintain current levels""}"
2026-05-18T13:52:24.709985+00:00,facilitator_call,conjoint_policy_experiment_20260518T134252Z_bdod6b,conjoint_policy_experiment_20260518T134252Z_bdod6b_s1,conjoint_policy_experiment_20260518T134252Z_bdod6b_s1_conjoint_r2_g3,conjoint_policy_experiment_20260518T134252Z_bdod6b_3,"{""prompt_type"": ""FACILITATOR"", ""prompt_name"": ""profile_a_education_spending"", ""module"": ""conjoint"", ""round"": 2, ""rendered_prompt"": ""Without providing any explanation, sample at random from [\""Double public school funding\"", \""Maintain current levels\"", \""Shift to voucher system\""]."", ""response"": ""Shift to voucher system""}"
2026-05-18T13:52:28.323127+00:00,facilitator_call,conjoint_policy_experiment_20260518T134252Z_bdod6b,conjoint_policy_experiment_20260518T134252Z_bdod6b_s1,conjoint_policy_experiment_20260518T134252Z_bdod6b_s1_conjoint_r2_g3,conjoint_policy_experiment_20260518T134252Z_bdod6b_3,"{""prompt_type"": ""FACILITATOR"", ""prompt_name"": ""profile_a_immigration_policy"", ""module"": ""conjoint"", ""round"": 2, ""rendered_prompt"": ""Without providing any explanation, sample at random from [\""Open borders\"", \""Points-based system\"", \""Reduce by 50%\""]."", ""response"": ""Reduce by 50%""}"
2026-05-18T13:52:30.529805+00:00,facilitator_call,conjoint_policy_experiment_20260518T134252Z_bdod6b,conjoint_policy_experiment_20260518T134252Z_bdod6b_s1,conjoint_policy_experiment_20260518T134252Z_bdod6b_s1_conjoint_r2_g3,conjoint_policy_experiment_20260518T134252Z_bdod6b_3,"{""prompt_type"": ""FACILITATOR"", ""prompt_name"": ""profile_a_climate_policy"", ""module"": ""conjoint"", ""round"": 2, ""rendered_prompt"": ""Without providing any explanation, sample at random from [\""Carbon tax ($50/ton)\"", \""Green subsidies only\"", \""No new regulations\""]."", ""response"": ""Green subsidies only""}"
2026-05-18T13:52:34.592804+00:00,facilitator_call,conjoint_policy_experiment_20260518T134252Z_bdod6b,conjoint_policy_experiment_20260518T134252Z_bdod6b_s1,conjoint_policy_experiment_20260518T134252Z_bdod6b_s1_conjoint_r2_g3,conjoint_policy_experiment_20260518T134252Z_bdod6b_3,"{""prompt_type"": ""FACILITATOR"", ""prompt_name"": ""profile_b_tax_rate"", ""module"": ""conjoint"", ""round"": 2, ""rendered_prompt"": ""Without providing any explanation, sample at random from [\""10% flat tax\"", \""Progressive (15-35%)\"", \""Current rates maintained\""]."", ""response"": ""Progressive (15-35%)""}"
2026-05-18T13:52:38.591688+00:00,facilitator_call,conjoint_policy_experiment_20260518T134252Z_bdod6b,conjoint_policy_experiment_20260518T134252Z_bdod6b_s1,conjoint_policy_experiment_20260518T134252Z_bdod6b_s1_conjoint_r2_g3,conjoint_policy_experiment_20260518T134252Z_bdod6b_3,"{""prompt_type"": ""FACILITATOR"", ""prompt_name"": ""profile_b_healthcare_spending"", ""module"": ""conjoint"", ""round"": 2, ""rendered_prompt"": ""Without providing any explanation, sample at random from [\""Increase by 20%\"", \""Maintain current levels\"", \""Decrease by 15%\""]."", ""response"": ""Maintain current levels""}"
2026-05-18T13:52:41.107363+00:00,facilitator_call,conjoint_policy_experiment_20260518T134252Z_bdod6b,conjoint_policy_experiment_20260518T134252Z_bdod6b_s1,conjoint_policy_experiment_20260518T134252Z_bdod6b_s1_conjoint_r2_g3,conjoint_policy_experiment_20260518T134252Z_bdod6b_3,"{""prompt_type"": ""FACILITATOR"", ""prompt_name"": ""profile_b_education_spending"", ""module"": ""conjoint"", ""round"": 2, ""rendered_prompt"": ""Without providing any explanation, sample at random from [\""Double public school funding\"", \""Maintain current levels\"", \""Shift to voucher system\""]."", ""response"": ""Double public school funding""}"
2026-05-18T13:52:44.926590+00:00,facilitator_call,conjoint_policy_experiment_20260518T134252Z_bdod6b,conjoint_policy_experiment_20260518T134252Z_bdod6b_s1,conjoint_policy_experiment_20260518T134252Z_bdod6b_s1_conjoint_r2_g3,conjoint_policy_experiment_20260518T134252Z_bdod6b_3,"{""prompt_type"": ""FACILITATOR"", ""prompt_name"": ""profile_b_immigration_policy"", ""module"": ""conjoint"", ""round"": 2, ""rendered_prompt"": ""Without providing any explanation, sample at random from [\""Open borders\"", \""Points-based system\"", \""Reduce by 50%\""]."", ""response"": ""Points-based system""}"
2026-05-18T13:52:47.493188+00:00,facilitator_call,conjoint_policy_experiment_20260518T134252Z_bdod6b,conjoint_policy_experiment_20260518T134252Z_bdod6b_s1,conjoint_policy_experiment_20260518T134252Z_bdod6b_s1_conjoint_r2_g3,conjoint_policy_experiment_20260518T134252Z_bdod6b_3,"{""prompt_type"": ""FACILITATOR"", ""prompt_name"": ""profile_b_climate_policy"", ""module"": ""conjoint"", ""round"": 2, ""rendered_prompt"": ""Without providing any explanation, sample at random from [\""Carbon tax ($50/ton)\"", \""Green subsidies only\"", \""No new regulations\""]."", ""response"": ""Green subsidies only""}"
2026-05-18T13:53:09.665914+00:00,facilitator_call,conjoint_policy_experiment_20260518T134252Z_bdod6b,conjoint_policy_experiment_20260518T134252Z_bdod6b_s1,conjoint_policy_experiment_20260518T134252Z_bdod6b_s1_conjoint_r2_g4,conjoint_policy_experiment_20260518T134252Z_bdod6b_4,"{""prompt_type"": ""FACILITATOR"", ""prompt_name"": ""profile_a_tax_rate"", ""module"": ""conjoint"", ""round"": 2, ""rendered_prompt"": ""Without providing any explanation, sample at random from [\""10% flat tax\"", \""Progressive (15-35%)\"", \""Current rates maintained\""]."", ""response"": ""Progressive (15-35%)""}"
2026-05-18T13:53:12.877888+00:00,facilitator_call,conjoint_policy_experiment_20260518T134252Z_bdod6b,conjoint_policy_experiment_20260518T134252Z_bdod6b_s1,conjoint_policy_experiment_20260518T134252Z_bdod6b_s1_conjoint_r2_g4,conjoint_policy_experiment_20260518T134252Z_bdod6b_4,"{""prompt_type"": ""FACILITATOR"", ""prompt_name"": ""profile_a_healthcare_spending"", ""module"": ""conjoint"", ""round"": 2, ""rendered_prompt"": ""Without providing any explanation, sample at random from [\""Increase by 20%\"", \""Maintain current levels\"", \""Decrease by 15%\""]."", ""response"": ""Maintain current levels""}"
2026-05-18T13:53:16.116390+00:00,facilitator_call,conjoint_policy_experiment_20260518T134252Z_bdod6b,conjoint_policy_experiment_20260518T134252Z_bdod6b_s1,conjoint_policy_experiment_20260518T134252Z_bdod6b_s1_conjoint_r2_g4,conjoint_policy_experiment_20260518T134252Z_bdod6b_4,"{""prompt_type"": ""FACILITATOR"", ""prompt_name"": ""profile_a_education_spending"", ""module"": ""conjoint"", ""round"": 2, ""rendered_prompt"": ""Without providing any explanation, sample at random from [\""Double public school funding\"", \""Maintain current levels\"", \""Shift to voucher system\""]."", ""response"": ""Double public school funding""}"
2026-05-18T13:53:21.498706+00:00,facilitator_call,conjoint_policy_experiment_20260518T134252Z_bdod6b,conjoint_policy_experiment_20260518T134252Z_bdod6b_s1,conjoint_policy_experiment_20260518T134252Z_bdod6b_s1_conjoint_r2_g4,conjoint_policy_experiment_20260518T134252Z_bdod6b_4,"{""prompt_type"": ""FACILITATOR"", ""prompt_name"": ""profile_a_immigration_policy"", ""module"": ""conjoint"", ""round"": 2, ""rendered_prompt"": ""Without providing any explanation, sample at random from [\""Open borders\"", \""Points-based system\"", \""Reduce by 50%\""]."", ""response"": ""Open borders""}"
2026-05-18T13:53:25.961333+00:00,facilitator_call,conjoint_policy_experiment_20260518T134252Z_bdod6b,conjoint_policy_experiment_20260518T134252Z_bdod6b_s1,conjoint_policy_experiment_20260518T134252Z_bdod6b_s1_conjoint_r2_g4,conjoint_policy_experiment_20260518T134252Z_bdod6b_4,"{""prompt_type"": ""FACILITATOR"", ""prompt_name"": ""profile_a_climate_policy"", ""module"": ""conjoint"", ""round"": 2, ""rendered_prompt"": ""Without providing any explanation, sample at random from [\""Carbon tax ($50/ton)\"", \""Green subsidies only\"", \""No new regulations\""]."", ""response"": ""No new regulations""}"
2026-05-18T13:53:28.742522+00:00,facilitator_call,conjoint_policy_experiment_20260518T134252Z_bdod6b,conjoint_policy_experiment_20260518T134252Z_bdod6b_s1,conjoint_policy_experiment_20260518T134252Z_bdod6b_s1_conjoint_r2_g4,conjoint_policy_experiment_20260518T134252Z_bdod6b_4,"{""prompt_type"": ""FACILITATOR"", ""prompt_name"": ""profile_b_tax_rate"", ""module"": ""conjoint"", ""round"": 2, ""rendered_prompt"": ""Without providing any explanation, sample at random from [\""10% flat tax\"", \""Progressive (15-35%)\"", \""Current rates maintained\""]."", ""response"": ""10% flat tax""}"
2026-05-18T13:53:32.380565+00:00,facilitator_call,conjoint_policy_experiment_20260518T134252Z_bdod6b,conjoint_policy_experiment_20260518T134252Z_bdod6b_s1,conjoint_policy_experiment_20260518T134252Z_bdod6b_s1_conjoint_r2_g4,conjoint_policy_experiment_20260518T134252Z_bdod6b_4,"{""prompt_type"": ""FACILITATOR"", ""prompt_name"": ""profile_b_healthcare_spending"", ""module"": ""conjoint"", ""round"": 2, ""rendered_prompt"": ""Without providing any explanation, sample at random from [\""Increase by 20%\"", \""Maintain current levels\"", \""Decrease by 15%\""]."", ""response"": ""Increase by 20%""}"
2026-05-18T13:53:36.282305+00:00,facilitator_call,conjoint_policy_experiment_20260518T134252Z_bdod6b,conjoint_policy_experiment_20260518T134252Z_bdod6b_s1,conjoint_policy_experiment_20260518T134252Z_bdod6b_s1_conjoint_r2_g4,conjoint_policy_experiment_20260518T134252Z_bdod6b_4,"{""prompt_type"": ""FACILITATOR"", ""prompt_name"": ""profile_b_education_spending"", ""module"": ""conjoint"", ""round"": 2, ""rendered_prompt"": ""Without providing any explanation, sample at random from [\""Double public school funding\"", \""Maintain current levels\"", \""Shift to voucher system\""]."", ""response"": ""Shift to voucher system""}"
2026-05-18T13:53:39.667299+00:00,facilitator_call,conjoint_policy_experiment_20260518T134252Z_bdod6b,conjoint_policy_experiment_20260518T134252Z_bdod6b_s1,conjoint_policy_experiment_20260518T134252Z_bdod6b_s1_conjoint_r2_g4,conjoint_policy_experiment_20260518T134252Z_bdod6b_4,"{""prompt_type"": ""FACILITATOR"", ""prompt_name"": ""profile_b_immigration_policy"", ""module"": ""conjoint"", ""round"": 2, ""rendered_prompt"": ""Without providing any explanation, sample at random from [\""Open borders\"", \""Points-based system\"", \""Reduce by 50%\""]."", ""response"": ""Points-based system""}"
2026-05-18T13:53:42.952682+00:00,facilitator_call,conjoint_policy_experiment_20260518T134252Z_bdod6b,conjoint_policy_experiment_20260518T134252Z_bdod6b_s1,conjoint_policy_experiment_20260518T134252Z_bdod6b_s1_conjoint_r2_g4,conjoint_policy_experiment_20260518T134252Z_bdod6b_4,"{""prompt_type"": ""FACILITATOR"", ""prompt_name"": ""profile_b_climate_policy"", ""module"": ""conjoint"", ""round"": 2, ""rendered_prompt"": ""Without providing any explanation, sample at random from [\""Carbon tax ($50/ton)\"", \""Green subsidies only\"", \""No new regulations\""]."", ""response"": ""Green subsidies only""}"
2026-05-18T13:54:07.057578+00:00,facilitator_call,conjoint_policy_experiment_20260518T134252Z_bdod6b,conjoint_policy_experiment_20260518T134252Z_bdod6b_s1,conjoint_policy_experiment_20260518T134252Z_bdod6b_s1_conjoint_r2_g5,conjoint_policy_experiment_20260518T134252Z_bdod6b_5,"{""prompt_type"": ""FACILITATOR"", ""prompt_name"": ""profile_a_tax_rate"", ""module"": ""conjoint"", ""round"": 2, ""rendered_prompt"": ""Without providing any explanation, sample at random from [\""10% flat tax\"", \""Progressive (15-35%)\"", \""Current rates maintained\""]."", ""response"": ""10% flat tax""}"
2026-05-18T13:54:10.497378+00:00,facilitator_call,conjoint_policy_experiment_20260518T134252Z_bdod6b,conjoint_policy_experiment_20260518T134252Z_bdod6b_s1,conjoint_policy_experiment_20260518T134252Z_bdod6b_s1_conjoint_r2_g5,conjoint_policy_experiment_20260518T134252Z_bdod6b_5,"{""prompt_type"": ""FACILITATOR"", ""prompt_name"": ""profile_a_healthcare_spending"", ""module"": ""conjoint"", ""round"": 2, ""rendered_prompt"": ""Without providing any explanation, sample at random from [\""Increase by 20%\"", \""Maintain current levels\"", \""Decrease by 15%\""]."", ""response"": ""Decrease by 15%""}"
2026-05-18T13:54:14.371781+00:00,facilitator_call,conjoint_policy_experiment_20260518T134252Z_bdod6b,conjoint_policy_experiment_20260518T134252Z_bdod6b_s1,conjoint_policy_experiment_20260518T134252Z_bdod6b_s1_conjoint_r2_g5,conjoint_policy_experiment_20260518T134252Z_bdod6b_5,"{""prompt_type"": ""FACILITATOR"", ""prompt_name"": ""profile_a_education_spending"", ""module"": ""conjoint"", ""round"": 2, ""rendered_prompt"": ""Without providing any explanation, sample at random from [\""Double public school funding\"", \""Maintain current levels\"", \""Shift to voucher system\""]."", ""response"": ""Double public school funding""}"
2026-05-18T13:54:17.664097+00:00,facilitator_call,conjoint_policy_experiment_20260518T134252Z_bdod6b,conjoint_policy_experiment_20260518T134252Z_bdod6b_s1,conjoint_policy_experiment_20260518T134252Z_bdod6b_s1_conjoint_r2_g5,conjoint_policy_experiment_20260518T134252Z_bdod6b_5,"{""prompt_type"": ""FACILITATOR"", ""prompt_name"": ""profile_a_immigration_policy"", ""module"": ""conjoint"", ""round"": 2, ""rendered_prompt"": ""Without providing any explanation, sample at random from [\""Open borders\"", \""Points-based system\"", \""Reduce by 50%\""]."", ""response"": ""Points-based system""}"
2026-05-18T13:54:21.318724+00:00,facilitator_call,conjoint_policy_experiment_20260518T134252Z_bdod6b,conjoint_policy_experiment_20260518T134252Z_bdod6b_s1,conjoint_policy_experiment_20260518T134252Z_bdod6b_s1_conjoint_r2_g5,conjoint_policy_experiment_20260518T134252Z_bdod6b_5,"{""prompt_type"": ""FACILITATOR"", ""prompt_name"": ""profile_a_climate_policy"", ""module"": ""conjoint"", ""round"": 2, ""rendered_prompt"": ""Without providing any explanation, sample at random from [\""Carbon tax ($50/ton)\"", \""Green subsidies only\"", \""No new regulations\""]."", ""response"": ""Carbon tax ($50/ton)""}"
2026-05-18T13:54:26.476536+00:00,facilitator_call,conjoint_policy_experiment_20260518T134252Z_bdod6b,conjoint_policy_experiment_20260518T134252Z_bdod6b_s1,conjoint_policy_experiment_20260518T134252Z_bdod6b_s1_conjoint_r2_g5,conjoint_policy_experiment_20260518T134252Z_bdod6b_5,"{""prompt_type"": ""FACILITATOR"", ""prompt_name"": ""profile_b_tax_rate"", ""module"": ""conjoint"", ""round"": 2, ""rendered_prompt"": ""Without providing any explanation, sample at random from [\""10% flat tax\"", \""Progressive (15-35%)\"", \""Current rates maintained\""]."", ""response"": ""Progressive (15-35%)""}"
2026-05-18T13:54:28.737051+00:00,facilitator_call,conjoint_policy_experiment_20260518T134252Z_bdod6b,conjoint_policy_experiment_20260518T134252Z_bdod6b_s1,conjoint_policy_experiment_20260518T134252Z_bdod6b_s1_conjoint_r2_g5,conjoint_policy_experiment_20260518T134252Z_bdod6b_5,"{""prompt_type"": ""FACILITATOR"", ""prompt_name"": ""profile_b_healthcare_spending"", ""module"": ""conjoint"", ""round"": 2, ""rendered_prompt"": ""Without providing any explanation, sample at random from [\""Increase by 20%\"", \""Maintain current levels\"", \""Decrease by 15%\""]."", ""response"": ""Maintain current levels""}"
2026-05-18T13:54:31.758040+00:00,facilitator_call,conjoint_policy_experiment_20260518T134252Z_bdod6b,conjoint_policy_experiment_20260518T134252Z_bdod6b_s1,conjoint_policy_experiment_20260518T134252Z_bdod6b_s1_conjoint_r2_g5,conjoint_policy_experiment_20260518T134252Z_bdod6b_5,"{""prompt_type"": ""FACILITATOR"", ""prompt_name"": ""profile_b_education_spending"", ""module"": ""conjoint"", ""round"": 2, ""rendered_prompt"": ""Without providing any explanation, sample at random from [\""Double public school funding\"", \""Maintain current levels\"", \""Shift to voucher system\""]."", ""response"": ""Shift to voucher system""}"
2026-05-18T13:54:34.566491+00:00,facilitator_call,conjoint_policy_experiment_20260518T134252Z_bdod6b,conjoint_policy_experiment_20260518T134252Z_bdod6b_s1,conjoint_policy_experiment_20260518T134252Z_bdod6b_s1_conjoint_r2_g5,conjoint_policy_experiment_20260518T134252Z_bdod6b_5,"{""prompt_type"": ""FACILITATOR"", ""prompt_name"": ""profile_b_immigration_policy"", ""module"": ""conjoint"", ""round"": 2, ""rendered_prompt"": ""Without providing any explanation, sample at random from [\""Open borders\"", \""Points-based system\"", \""Reduce by 50%\""]."", ""response"": ""Reduce by 50%""}"
2026-05-18T13:54:38.918001+00:00,facilitator_call,conjoint_policy_experiment_20260518T134252Z_bdod6b,conjoint_policy_experiment_20260518T134252Z_bdod6b_s1,conjoint_policy_experiment_20260518T134252Z_bdod6b_s1_conjoint_r2_g5,conjoint_policy_experiment_20260518T134252Z_bdod6b_5,"{""prompt_type"": ""FACILITATOR"", ""prompt_name"": ""profile_b_climate_policy"", ""module"": ""conjoint"", ""round"": 2, ""rendered_prompt"": ""Without providing any explanation, sample at random from [\""Carbon tax ($50/ton)\"", \""Green subsidies only\"", \""No new regulations\""]."", ""response"": ""Green subsidies only""}"
2026-05-18T13:55:07.594809+00:00,facilitator_call,conjoint_policy_experiment_20260518T134252Z_bdod6b,conjoint_policy_experiment_20260518T134252Z_bdod6b_s1,conjoint_policy_experiment_20260518T134252Z_bdod6b_s1_conjoint_r2_g6,conjoint_policy_experiment_20260518T134252Z_bdod6b_6,"{""prompt_type"": ""FACILITATOR"", ""prompt_name"": ""profile_a_tax_rate"", ""module"": ""conjoint"", ""round"": 2, ""rendered_prompt"": ""Without providing any explanation, sample at random from [\""10% flat tax\"", \""Progressive (15-35%)\"", \""Current rates maintained\""]."", ""response"": ""Progressive (15-35%)""}"
2026-05-18T13:55:10.439997+00:00,facilitator_call,conjoint_policy_experiment_20260518T134252Z_bdod6b,conjoint_policy_experiment_20260518T134252Z_bdod6b_s1,conjoint_policy_experiment_20260518T134252Z_bdod6b_s1_conjoint_r2_g6,conjoint_policy_experiment_20260518T134252Z_bdod6b_6,"{""prompt_type"": ""FACILITATOR"", ""prompt_name"": ""profile_a_healthcare_spending"", ""module"": ""conjoint"", ""round"": 2, ""rendered_prompt"": ""Without providing any explanation, sample at random from [\""Increase by 20%\"", \""Maintain current levels\"", \""Decrease by 15%\""]."", ""response"": ""Maintain current levels""}"
2026-05-18T13:55:15.875770+00:00,facilitator_call,conjoint_policy_experiment_20260518T134252Z_bdod6b,conjoint_policy_experiment_20260518T134252Z_bdod6b_s1,conjoint_policy_experiment_20260518T134252Z_bdod6b_s1_conjoint_r2_g6,conjoint_policy_experiment_20260518T134252Z_bdod6b_6,"{""prompt_type"": ""FACILITATOR"", ""prompt_name"": ""profile_a_education_spending"", ""module"": ""conjoint"", ""round"": 2, ""rendered_prompt"": ""Without providing any explanation, sample at random from [\""Double public school funding\"", \""Maintain current levels\"", \""Shift to voucher system\""]."", ""response"": ""Double public school funding""}"
2026-05-18T13:55:19.504340+00:00,facilitator_call,conjoint_policy_experiment_20260518T134252Z_bdod6b,conjoint_policy_experiment_20260518T134252Z_bdod6b_s1,conjoint_policy_experiment_20260518T134252Z_bdod6b_s1_conjoint_r2_g6,conjoint_policy_experiment_20260518T134252Z_bdod6b_6,"{""prompt_type"": ""FACILITATOR"", ""prompt_name"": ""profile_a_immigration_policy"", ""module"": ""conjoint"", ""round"": 2, ""rendered_prompt"": ""Without providing any explanation, sample at random from [\""Open borders\"", \""Points-based system\"", \""Reduce by 50%\""]."", ""response"": ""Points-based system""}"
2026-05-18T13:55:23.357187+00:00,facilitator_call,conjoint_policy_experiment_20260518T134252Z_bdod6b,conjoint_policy_experiment_20260518T134252Z_bdod6b_s1,conjoint_policy_experiment_20260518T134252Z_bdod6b_s1_conjoint_r2_g6,conjoint_policy_experiment_20260518T134252Z_bdod6b_6,"{""prompt_type"": ""FACILITATOR"", ""prompt_name"": ""profile_a_climate_policy"", ""module"": ""conjoint"", ""round"": 2, ""rendered_prompt"": ""Without providing any explanation, sample at random from [\""Carbon tax ($50/ton)\"", \""Green subsidies only\"", \""No new regulations\""]."", ""response"": ""No new regulations""}"
2026-05-18T13:55:26.334172+00:00,facilitator_call,conjoint_policy_experiment_20260518T134252Z_bdod6b,conjoint_policy_experiment_20260518T134252Z_bdod6b_s1,conjoint_policy_experiment_20260518T134252Z_bdod6b_s1_conjoint_r2_g6,conjoint_policy_experiment_20260518T134252Z_bdod6b_6,"{""prompt_type"": ""FACILITATOR"", ""prompt_name"": ""profile_b_tax_rate"", ""module"": ""conjoint"", ""round"": 2, ""rendered_prompt"": ""Without providing any explanation, sample at random from [\""10% flat tax\"", \""Progressive (15-35%)\"", \""Current rates maintained\""]."", ""response"": ""10% flat tax""}"
2026-05-18T13:55:29.701706+00:00,facilitator_call,conjoint_policy_experiment_20260518T134252Z_bdod6b,conjoint_policy_experiment_20260518T134252Z_bdod6b_s1,conjoint_policy_experiment_20260518T134252Z_bdod6b_s1_conjoint_r2_g6,conjoint_policy_experiment_20260518T134252Z_bdod6b_6,"{""prompt_type"": ""FACILITATOR"", ""prompt_name"": ""profile_b_healthcare_spending"", ""module"": ""conjoint"", ""round"": 2, ""rendered_prompt"": ""Without providing any explanation, sample at random from [\""Increase by 20%\"", \""Maintain current levels\"", \""Decrease by 15%\""]."", ""response"": ""Maintain current levels""}"
2026-05-18T13:55:34.823881+00:00,facilitator_call,conjoint_policy_experiment_20260518T134252Z_bdod6b,conjoint_policy_experiment_20260518T134252Z_bdod6b_s1,conjoint_policy_experiment_20260518T134252Z_bdod6b_s1_conjoint_r2_g6,conjoint_policy_experiment_20260518T134252Z_bdod6b_6,"{""prompt_type"": ""FACILITATOR"", ""prompt_name"": ""profile_b_education_spending"", ""module"": ""conjoint"", ""round"": 2, ""rendered_prompt"": ""Without providing any explanation, sample at random from [\""Double public school funding\"", \""Maintain current levels\"", \""Shift to voucher system\""]."", ""response"": ""Shift to voucher system""}"
2026-05-18T13:55:40.226797+00:00,facilitator_call,conjoint_policy_experiment_20260518T134252Z_bdod6b,conjoint_policy_experiment_20260518T134252Z_bdod6b_s1,conjoint_policy_experiment_20260518T134252Z_bdod6b_s1_conjoint_r2_g6,conjoint_policy_experiment_20260518T134252Z_bdod6b_6,"{""prompt_type"": ""FACILITATOR"", ""prompt_name"": ""profile_b_immigration_policy"", ""module"": ""conjoint"", ""round"": 2, ""rendered_prompt"": ""Without providing any explanation, sample at random from [\""Open borders\"", \""Points-based system\"", \""Reduce by 50%\""]."", ""response"": ""Reduce by 50%""}"
2026-05-18T13:55:42.101452+00:00,facilitator_call,conjoint_policy_experiment_20260518T134252Z_bdod6b,conjoint_policy_experiment_20260518T134252Z_bdod6b_s1,conjoint_policy_experiment_20260518T134252Z_bdod6b_s1_conjoint_r2_g6,conjoint_policy_experiment_20260518T134252Z_bdod6b_6,"{""prompt_type"": ""FACILITATOR"", ""prompt_name"": ""profile_b_climate_policy"", ""module"": ""conjoint"", ""round"": 2, ""rendered_prompt"": ""Without providing any explanation, sample at random from [\""Carbon tax ($50/ton)\"", \""Green subsidies only\"", \""No new regulations\""]."", ""response"": ""Green subsidies only""}"
2026-05-18T13:56:06.735068+00:00,facilitator_call,conjoint_policy_experiment_20260518T134252Z_bdod6b,conjoint_policy_experiment_20260518T134252Z_bdod6b_s1,conjoint_policy_experiment_20260518T134252Z_bdod6b_s1_conjoint_r2_g7,conjoint_policy_experiment_20260518T134252Z_bdod6b_7,"{""prompt_type"": ""FACILITATOR"", ""prompt_name"": ""profile_a_tax_rate"", ""module"": ""conjoint"", ""round"": 2, ""rendered_prompt"": ""Without providing any explanation, sample at random from [\""10% flat tax\"", \""Progressive (15-35%)\"", \""Current rates maintained\""]."", ""response"": ""10% flat tax""}"
2026-05-18T13:56:10.558398+00:00,facilitator_call,conjoint_policy_experiment_20260518T134252Z_bdod6b,conjoint_policy_experiment_20260518T134252Z_bdod6b_s1,conjoint_policy_experiment_20260518T134252Z_bdod6b_s1_conjoint_r2_g7,conjoint_policy_experiment_20260518T134252Z_bdod6b_7,"{""prompt_type"": ""FACILITATOR"", ""prompt_name"": ""profile_a_healthcare_spending"", ""module"": ""conjoint"", ""round"": 2, ""rendered_prompt"": ""Without providing any explanation, sample at random from [\""Increase by 20%\"", \""Maintain current levels\"", \""Decrease by 15%\""]."", ""response"": ""Decrease by 15%""}"
2026-05-18T13:56:13.760871+00:00,facilitator_call,conjoint_policy_experiment_20260518T134252Z_bdod6b,conjoint_policy_experiment_20260518T134252Z_bdod6b_s1,conjoint_policy_experiment_20260518T134252Z_bdod6b_s1_conjoint_r2_g7,conjoint_policy_experiment_20260518T134252Z_bdod6b_7,"{""prompt_type"": ""FACILITATOR"", ""prompt_name"": ""profile_a_education_spending"", ""module"": ""conjoint"", ""round"": 2, ""rendered_prompt"": ""Without providing any explanation, sample at random from [\""Double public school funding\"", \""Maintain current levels\"", \""Shift to voucher system\""]."", ""response"": ""Shift to voucher system""}"
2026-05-18T13:56:18.141735+00:00,facilitator_call,conjoint_policy_experiment_20260518T134252Z_bdod6b,conjoint_policy_experiment_20260518T134252Z_bdod6b_s1,conjoint_policy_experiment_20260518T134252Z_bdod6b_s1_conjoint_r2_g7,conjoint_policy_experiment_20260518T134252Z_bdod6b_7,"{""prompt_type"": ""FACILITATOR"", ""prompt_name"": ""profile_a_immigration_policy"", ""module"": ""conjoint"", ""round"": 2, ""rendered_prompt"": ""Without providing any explanation, sample at random from [\""Open borders\"", \""Points-based system\"", \""Reduce by 50%\""]."", ""response"": ""Points-based system""}"
2026-05-18T13:56:25.702428+00:00,facilitator_call,conjoint_policy_experiment_20260518T134252Z_bdod6b,conjoint_policy_experiment_20260518T134252Z_bdod6b_s1,conjoint_policy_experiment_20260518T134252Z_bdod6b_s1_conjoint_r2_g7,conjoint_policy_experiment_20260518T134252Z_bdod6b_7,"{""prompt_type"": ""FACILITATOR"", ""prompt_name"": ""profile_a_climate_policy"", ""module"": ""conjoint"", ""round"": 2, ""rendered_prompt"": ""Without providing any explanation, sample at random from [\""Carbon tax ($50/ton)\"", \""Green subsidies only\"", \""No new regulations\""]."", ""response"": ""Green subsidies only""}"
2026-05-18T13:56:28.332036+00:00,facilitator_call,conjoint_policy_experiment_20260518T134252Z_bdod6b,conjoint_policy_experiment_20260518T134252Z_bdod6b_s1,conjoint_policy_experiment_20260518T134252Z_bdod6b_s1_conjoint_r2_g7,conjoint_policy_experiment_20260518T134252Z_bdod6b_7,"{""prompt_type"": ""FACILITATOR"", ""prompt_name"": ""profile_b_tax_rate"", ""module"": ""conjoint"", ""round"": 2, ""rendered_prompt"": ""Without providing any explanation, sample at random from [\""10% flat tax\"", \""Progressive (15-35%)\"", \""Current rates maintained\""]."", ""response"": ""10% flat tax""}"
2026-05-18T13:56:31.723579+00:00,facilitator_call,conjoint_policy_experiment_20260518T134252Z_bdod6b,conjoint_policy_experiment_20260518T134252Z_bdod6b_s1,conjoint_policy_experiment_20260518T134252Z_bdod6b_s1_conjoint_r2_g7,conjoint_policy_experiment_20260518T134252Z_bdod6b_7,"{""prompt_type"": ""FACILITATOR"", ""prompt_name"": ""profile_b_healthcare_spending"", ""module"": ""conjoint"", ""round"": 2, ""rendered_prompt"": ""Without providing any explanation, sample at random from [\""Increase by 20%\"", \""Maintain current levels\"", \""Decrease by 15%\""]."", ""response"": ""Maintain current levels""}"
2026-05-18T13:56:35.656168+00:00,facilitator_call,conjoint_policy_experiment_20260518T134252Z_bdod6b,conjoint_policy_experiment_20260518T134252Z_bdod6b_s1,conjoint_policy_experiment_20260518T134252Z_bdod6b_s1_conjoint_r2_g7,conjoint_policy_experiment_20260518T134252Z_bdod6b_7,"{""prompt_type"": ""FACILITATOR"", ""prompt_name"": ""profile_b_education_spending"", ""module"": ""conjoint"", ""round"": 2, ""rendered_prompt"": ""Without providing any explanation, sample at random from [\""Double public school funding\"", \""Maintain current levels\"", \""Shift to voucher system\""]."", ""response"": ""Shift to voucher system""}"
2026-05-18T13:56:39.324190+00:00,facilitator_call,conjoint_policy_experiment_20260518T134252Z_bdod6b,conjoint_policy_experiment_20260518T134252Z_bdod6b_s1,conjoint_policy_experiment_20260518T134252Z_bdod6b_s1_conjoint_r2_g7,conjoint_policy_experiment_20260518T134252Z_bdod6b_7,"{""prompt_type"": ""FACILITATOR"", ""prompt_name"": ""profile_b_immigration_policy"", ""module"": ""conjoint"", ""round"": 2, ""rendered_prompt"": ""Without providing any explanation, sample at random from [\""Open borders\"", \""Points-based system\"", \""Reduce by 50%\""]."", ""response"": ""Open borders""}"
2026-05-18T13:56:42.592105+00:00,facilitator_call,conjoint_policy_experiment_20260518T134252Z_bdod6b,conjoint_policy_experiment_20260518T134252Z_bdod6b_s1,conjoint_policy_experiment_20260518T134252Z_bdod6b_s1_conjoint_r2_g7,conjoint_policy_experiment_20260518T134252Z_bdod6b_7,"{""prompt_type"": ""FACILITATOR"", ""prompt_name"": ""profile_b_climate_policy"", ""module"": ""conjoint"", ""round"": 2, ""rendered_prompt"": ""Without providing any explanation, sample at random from [\""Carbon tax ($50/ton)\"", \""Green subsidies only\"", \""No new regulations\""]."", ""response"": ""No new regulations""}"
2026-05-18T13:57:08.733021+00:00,facilitator_call,conjoint_policy_experiment_20260518T134252Z_bdod6b,conjoint_policy_experiment_20260518T134252Z_bdod6b_s1,conjoint_policy_experiment_20260518T134252Z_bdod6b_s1_conjoint_r2_g8,conjoint_policy_experiment_20260518T134252Z_bdod6b_8,"{""prompt_type"": ""FACILITATOR"", ""prompt_name"": ""profile_a_tax_rate"", ""module"": ""conjoint"", ""round"": 2, ""rendered_prompt"": ""Without providing any explanation, sample at random from [\""10% flat tax\"", \""Progressive (15-35%)\"", \""Current rates maintained\""]."", ""response"": ""Progressive (15-35%)""}"
2026-05-18T13:57:11.425936+00:00,facilitator_call,conjoint_policy_experiment_20260518T134252Z_bdod6b,conjoint_policy_experiment_20260518T134252Z_bdod6b_s1,conjoint_policy_experiment_20260518T134252Z_bdod6b_s1_conjoint_r2_g8,conjoint_policy_experiment_20260518T134252Z_bdod6b_8,"{""prompt_type"": ""FACILITATOR"", ""prompt_name"": ""profile_a_healthcare_spending"", ""module"": ""conjoint"", ""round"": 2, ""rendered_prompt"": ""Without providing any explanation, sample at random from [\""Increase by 20%\"", \""Maintain current levels\"", \""Decrease by 15%\""]."", ""response"": ""Increase by 20%""}"
2026-05-18T13:57:14.453960+00:00,facilitator_call,conjoint_policy_experiment_20260518T134252Z_bdod6b,conjoint_policy_experiment_20260518T134252Z_bdod6b_s1,conjoint_policy_experiment_20260518T134252Z_bdod6b_s1_conjoint_r2_g8,conjoint_policy_experiment_20260518T134252Z_bdod6b_8,"{""prompt_type"": ""FACILITATOR"", ""prompt_name"": ""profile_a_education_spending"", ""module"": ""conjoint"", ""round"": 2, ""rendered_prompt"": ""Without providing any explanation, sample at random from [\""Double public school funding\"", \""Maintain current levels\"", \""Shift to voucher system\""]."", ""response"": ""Double public school funding""}"
2026-05-18T13:57:17.644647+00:00,facilitator_call,conjoint_policy_experiment_20260518T134252Z_bdod6b,conjoint_policy_experiment_20260518T134252Z_bdod6b_s1,conjoint_policy_experiment_20260518T134252Z_bdod6b_s1_conjoint_r2_g8,conjoint_policy_experiment_20260518T134252Z_bdod6b_8,"{""prompt_type"": ""FACILITATOR"", ""prompt_name"": ""profile_a_immigration_policy"", ""module"": ""conjoint"", ""round"": 2, ""rendered_prompt"": ""Without providing any explanation, sample at random from [\""Open borders\"", \""Points-based system\"", \""Reduce by 50%\""]."", ""response"": ""Reduce by 50%""}"
2026-05-18T13:57:21.049670+00:00,facilitator_call,conjoint_policy_experiment_20260518T134252Z_bdod6b,conjoint_policy_experiment_20260518T134252Z_bdod6b_s1,conjoint_policy_experiment_20260518T134252Z_bdod6b_s1_conjoint_r2_g8,conjoint_policy_experiment_20260518T134252Z_bdod6b_8,"{""prompt_type"": ""FACILITATOR"", ""prompt_name"": ""profile_a_climate_policy"", ""module"": ""conjoint"", ""round"": 2, ""rendered_prompt"": ""Without providing any explanation, sample at random from [\""Carbon tax ($50/ton)\"", \""Green subsidies only\"", \""No new regulations\""]."", ""response"": ""Carbon tax ($50/ton)""}"
2026-05-18T13:57:24.837333+00:00,facilitator_call,conjoint_policy_experiment_20260518T134252Z_bdod6b,conjoint_policy_experiment_20260518T134252Z_bdod6b_s1,conjoint_policy_experiment_20260518T134252Z_bdod6b_s1_conjoint_r2_g8,conjoint_policy_experiment_20260518T134252Z_bdod6b_8,"{""prompt_type"": ""FACILITATOR"", ""prompt_name"": ""profile_b_tax_rate"", ""module"": ""conjoint"", ""round"": 2, ""rendered_prompt"": ""Without providing any explanation, sample at random from [\""10% flat tax\"", \""Progressive (15-35%)\"", \""Current rates maintained\""]."", ""response"": ""Current rates maintained""}"
2026-05-18T13:57:27.920491+00:00,facilitator_call,conjoint_policy_experiment_20260518T134252Z_bdod6b,conjoint_policy_experiment_20260518T134252Z_bdod6b_s1,conjoint_policy_experiment_20260518T134252Z_bdod6b_s1_conjoint_r2_g8,conjoint_policy_experiment_20260518T134252Z_bdod6b_8,"{""prompt_type"": ""FACILITATOR"", ""prompt_name"": ""profile_b_healthcare_spending"", ""module"": ""conjoint"", ""round"": 2, ""rendered_prompt"": ""Without providing any explanation, sample at random from [\""Increase by 20%\"", \""Maintain current levels\"", \""Decrease by 15%\""]."", ""response"": ""Decrease by 15%""}"
2026-05-18T13:57:31.004146+00:00,facilitator_call,conjoint_policy_experiment_20260518T134252Z_bdod6b,conjoint_policy_experiment_20260518T134252Z_bdod6b_s1,conjoint_policy_experiment_20260518T134252Z_bdod6b_s1_conjoint_r2_g8,conjoint_policy_experiment_20260518T134252Z_bdod6b_8,"{""prompt_type"": ""FACILITATOR"", ""prompt_name"": ""profile_b_education_spending"", ""module"": ""conjoint"", ""round"": 2, ""rendered_prompt"": ""Without providing any explanation, sample at random from [\""Double public school funding\"", \""Maintain current levels\"", \""Shift to voucher system\""]."", ""response"": ""Double public school funding""}"
2026-05-18T13:57:33.923145+00:00,facilitator_call,conjoint_policy_experiment_20260518T134252Z_bdod6b,conjoint_policy_experiment_20260518T134252Z_bdod6b_s1,conjoint_policy_experiment_20260518T134252Z_bdod6b_s1_conjoint_r2_g8,conjoint_policy_experiment_20260518T134252Z_bdod6b_8,"{""prompt_type"": ""FACILITATOR"", ""prompt_name"": ""profile_b_immigration_policy"", ""module"": ""conjoint"", ""round"": 2, ""rendered_prompt"": ""Without providing any explanation, sample at random from [\""Open borders\"", \""Points-based system\"", \""Reduce by 50%\""]."", ""response"": ""Points-based system""}"
2026-05-18T13:57:36.885853+00:00,facilitator_call,conjoint_policy_experiment_20260518T134252Z_bdod6b,conjoint_policy_experiment_20260518T134252Z_bdod6b_s1,conjoint_policy_experiment_20260518T134252Z_bdod6b_s1_conjoint_r2_g8,conjoint_policy_experiment_20260518T134252Z_bdod6b_8,"{""prompt_type"": ""FACILITATOR"", ""prompt_name"": ""profile_b_climate_policy"", ""module"": ""conjoint"", ""round"": 2, ""rendered_prompt"": ""Without providing any explanation, sample at random from [\""Carbon tax ($50/ton)\"", \""Green subsidies only\"", \""No new regulations\""]."", ""response"": ""Green subsidies only""}"
2026-05-18T13:58:00.056880+00:00,facilitator_call,conjoint_policy_experiment_20260518T134252Z_bdod6b,conjoint_policy_experiment_20260518T134252Z_bdod6b_s1,conjoint_policy_experiment_20260518T134252Z_bdod6b_s1_conjoint_r3_g1,conjoint_policy_experiment_20260518T134252Z_bdod6b_1,"{""prompt_type"": ""FACILITATOR"", ""prompt_name"": ""profile_a_tax_rate"", ""module"": ""conjoint"", ""round"": 3, ""rendered_prompt"": ""Without providing any explanation, sample at random from [\""10% flat tax\"", \""Progressive (15-35%)\"", \""Current rates maintained\""]."", ""response"": ""Progressive (15-35%)""}"
2026-05-18T13:58:03.424764+00:00,facilitator_call,conjoint_policy_experiment_20260518T134252Z_bdod6b,conjoint_policy_experiment_20260518T134252Z_bdod6b_s1,conjoint_policy_experiment_20260518T134252Z_bdod6b_s1_conjoint_r3_g1,conjoint_policy_experiment_20260518T134252Z_bdod6b_1,"{""prompt_type"": ""FACILITATOR"", ""prompt_name"": ""profile_a_healthcare_spending"", ""module"": ""conjoint"", ""round"": 3, ""rendered_prompt"": ""Without providing any explanation, sample at random from [\""Increase by 20%\"", \""Maintain current levels\"", \""Decrease by 15%\""]."", ""response"": ""Decrease by 15%""}"
2026-05-18T13:58:06.515854+00:00,facilitator_call,conjoint_policy_experiment_20260518T134252Z_bdod6b,conjoint_policy_experiment_20260518T134252Z_bdod6b_s1,conjoint_policy_experiment_20260518T134252Z_bdod6b_s1_conjoint_r3_g1,conjoint_policy_experiment_20260518T134252Z_bdod6b_1,"{""prompt_type"": ""FACILITATOR"", ""prompt_name"": ""profile_a_education_spending"", ""module"": ""conjoint"", ""round"": 3, ""rendered_prompt"": ""Without providing any explanation, sample at random from [\""Double public school funding\"", \""Maintain current levels\"", \""Shift to voucher system\""]."", ""response"": ""Shift to voucher system""}"
2026-05-18T13:58:09.614282+00:00,facilitator_call,conjoint_policy_experiment_20260518T134252Z_bdod6b,conjoint_policy_experiment_20260518T134252Z_bdod6b_s1,conjoint_policy_experiment_20260518T134252Z_bdod6b_s1_conjoint_r3_g1,conjoint_policy_experiment_20260518T134252Z_bdod6b_1,"{""prompt_type"": ""FACILITATOR"", ""prompt_name"": ""profile_a_immigration_policy"", ""module"": ""conjoint"", ""round"": 3, ""rendered_prompt"": ""Without providing any explanation, sample at random from [\""Open borders\"", \""Points-based system\"", \""Reduce by 50%\""]."", ""response"": ""Points-based system""}"
2026-05-18T13:58:13.056455+00:00,facilitator_call,conjoint_policy_experiment_20260518T134252Z_bdod6b,conjoint_policy_experiment_20260518T134252Z_bdod6b_s1,conjoint_policy_experiment_20260518T134252Z_bdod6b_s1_conjoint_r3_g1,conjoint_policy_experiment_20260518T134252Z_bdod6b_1,"{""prompt_type"": ""FACILITATOR"", ""prompt_name"": ""profile_a_climate_policy"", ""module"": ""conjoint"", ""round"": 3, ""rendered_prompt"": ""Without providing any explanation, sample at random from [\""Carbon tax ($50/ton)\"", \""Green subsidies only\"", \""No new regulations\""]."", ""response"": ""Green subsidies only""}"
2026-05-18T13:58:16.761088+00:00,facilitator_call,conjoint_policy_experiment_20260518T134252Z_bdod6b,conjoint_policy_experiment_20260518T134252Z_bdod6b_s1,conjoint_policy_experiment_20260518T134252Z_bdod6b_s1_conjoint_r3_g1,conjoint_policy_experiment_20260518T134252Z_bdod6b_1,"{""prompt_type"": ""FACILITATOR"", ""prompt_name"": ""profile_b_tax_rate"", ""module"": ""conjoint"", ""round"": 3, ""rendered_prompt"": ""Without providing any explanation, sample at random from [\""10% flat tax\"", \""Progressive (15-35%)\"", \""Current rates maintained\""]."", ""response"": ""Progressive (15-35%)""}"
2026-05-18T13:58:19.982746+00:00,facilitator_call,conjoint_policy_experiment_20260518T134252Z_bdod6b,conjoint_policy_experiment_20260518T134252Z_bdod6b_s1,conjoint_policy_experiment_20260518T134252Z_bdod6b_s1_conjoint_r3_g1,conjoint_policy_experiment_20260518T134252Z_bdod6b_1,"{""prompt_type"": ""FACILITATOR"", ""prompt_name"": ""profile_b_healthcare_spending"", ""module"": ""conjoint"", ""round"": 3, ""rendered_prompt"": ""Without providing any explanation, sample at random from [\""Increase by 20%\"", \""Maintain current levels\"", \""Decrease by 15%\""]."", ""response"": ""Increase by 20%""}"
2026-05-18T13:58:23.301621+00:00,facilitator_call,conjoint_policy_experiment_20260518T134252Z_bdod6b,conjoint_policy_experiment_20260518T134252Z_bdod6b_s1,conjoint_policy_experiment_20260518T134252Z_bdod6b_s1_conjoint_r3_g1,conjoint_policy_experiment_20260518T134252Z_bdod6b_1,"{""prompt_type"": ""FACILITATOR"", ""prompt_name"": ""profile_b_education_spending"", ""module"": ""conjoint"", ""round"": 3, ""rendered_prompt"": ""Without providing any explanation, sample at random from [\""Double public school funding\"", \""Maintain current levels\"", \""Shift to voucher system\""]."", ""response"": ""Shift to voucher system""}"
2026-05-18T13:58:26.895919+00:00,facilitator_call,conjoint_policy_experiment_20260518T134252Z_bdod6b,conjoint_policy_experiment_20260518T134252Z_bdod6b_s1,conjoint_policy_experiment_20260518T134252Z_bdod6b_s1_conjoint_r3_g1,conjoint_policy_experiment_20260518T134252Z_bdod6b_1,"{""prompt_type"": ""FACILITATOR"", ""prompt_name"": ""profile_b_immigration_policy"", ""module"": ""conjoint"", ""round"": 3, ""rendered_prompt"": ""Without providing any explanation, sample at random from [\""Open borders\"", \""Points-based system\"", \""Reduce by 50%\""]."", ""response"": ""Reduce by 50%""}"
2026-05-18T13:58:30.124057+00:00,facilitator_call,conjoint_policy_experiment_20260518T134252Z_bdod6b,conjoint_policy_experiment_20260518T134252Z_bdod6b_s1,conjoint_policy_experiment_20260518T134252Z_bdod6b_s1_conjoint_r3_g1,conjoint_policy_experiment_20260518T134252Z_bdod6b_1,"{""prompt_type"": ""FACILITATOR"", ""prompt_name"": ""profile_b_climate_policy"", ""module"": ""conjoint"", ""round"": 3, ""rendered_prompt"": ""Without providing any explanation, sample at random from [\""Carbon tax ($50/ton)\"", \""Green subsidies only\"", \""No new regulations\""]."", ""response"": ""No new regulations""}"
2026-05-18T13:58:58.094363+00:00,facilitator_call,conjoint_policy_experiment_20260518T134252Z_bdod6b,conjoint_policy_experiment_20260518T134252Z_bdod6b_s1,conjoint_policy_experiment_20260518T134252Z_bdod6b_s1_conjoint_r3_g2,conjoint_policy_experiment_20260518T134252Z_bdod6b_2,"{""prompt_type"": ""FACILITATOR"", ""prompt_name"": ""profile_a_tax_rate"", ""module"": ""conjoint"", ""round"": 3, ""rendered_prompt"": ""Without providing any explanation, sample at random from [\""10% flat tax\"", \""Progressive (15-35%)\"", \""Current rates maintained\""]."", ""response"": ""Current rates maintained""}"
2026-05-18T13:59:02.943589+00:00,facilitator_call,conjoint_policy_experiment_20260518T134252Z_bdod6b,conjoint_policy_experiment_20260518T134252Z_bdod6b_s1,conjoint_policy_experiment_20260518T134252Z_bdod6b_s1_conjoint_r3_g2,conjoint_policy_experiment_20260518T134252Z_bdod6b_2,"{""prompt_type"": ""FACILITATOR"", ""prompt_name"": ""profile_a_healthcare_spending"", ""module"": ""conjoint"", ""round"": 3, ""rendered_prompt"": ""Without providing any explanation, sample at random from [\""Increase by 20%\"", \""Maintain current levels\"", \""Decrease by 15%\""]."", ""response"": ""Decrease by 15%""}"
2026-05-18T13:59:06.081623+00:00,facilitator_call,conjoint_policy_experiment_20260518T134252Z_bdod6b,conjoint_policy_experiment_20260518T134252Z_bdod6b_s1,conjoint_policy_experiment_20260518T134252Z_bdod6b_s1_conjoint_r3_g2,conjoint_policy_experiment_20260518T134252Z_bdod6b_2,"{""prompt_type"": ""FACILITATOR"", ""prompt_name"": ""profile_a_education_spending"", ""module"": ""conjoint"", ""round"": 3, ""rendered_prompt"": ""Without providing any explanation, sample at random from [\""Double public school funding\"", \""Maintain current levels\"", \""Shift to voucher system\""]."", ""response"": ""Maintain current levels""}"
2026-05-18T13:59:08.630818+00:00,facilitator_call,conjoint_policy_experiment_20260518T134252Z_bdod6b,conjoint_policy_experiment_20260518T134252Z_bdod6b_s1,conjoint_policy_experiment_20260518T134252Z_bdod6b_s1_conjoint_r3_g2,conjoint_policy_experiment_20260518T134252Z_bdod6b_2,"{""prompt_type"": ""FACILITATOR"", ""prompt_name"": ""profile_a_immigration_policy"", ""module"": ""conjoint"", ""round"": 3, ""rendered_prompt"": ""Without providing any explanation, sample at random from [\""Open borders\"", \""Points-based system\"", \""Reduce by 50%\""]."", ""response"": ""Open borders""}"
2026-05-18T13:59:12.100254+00:00,facilitator_call,conjoint_policy_experiment_20260518T134252Z_bdod6b,conjoint_policy_experiment_20260518T134252Z_bdod6b_s1,conjoint_policy_experiment_20260518T134252Z_bdod6b_s1_conjoint_r3_g2,conjoint_policy_experiment_20260518T134252Z_bdod6b_2,"{""prompt_type"": ""FACILITATOR"", ""prompt_name"": ""profile_a_climate_policy"", ""module"": ""conjoint"", ""round"": 3, ""rendered_prompt"": ""Without providing any explanation, sample at random from [\""Carbon tax ($50/ton)\"", \""Green subsidies only\"", \""No new regulations\""]."", ""response"": ""Green subsidies only""}"
2026-05-18T13:59:16.322973+00:00,facilitator_call,conjoint_policy_experiment_20260518T134252Z_bdod6b,conjoint_policy_experiment_20260518T134252Z_bdod6b_s1,conjoint_policy_experiment_20260518T134252Z_bdod6b_s1_conjoint_r3_g2,conjoint_policy_experiment_20260518T134252Z_bdod6b_2,"{""prompt_type"": ""FACILITATOR"", ""prompt_name"": ""profile_b_tax_rate"", ""module"": ""conjoint"", ""round"": 3, ""rendered_prompt"": ""Without providing any explanation, sample at random from [\""10% flat tax\"", \""Progressive (15-35%)\"", \""Current rates maintained\""]."", ""response"": ""Progressive (15-35%)""}"
2026-05-18T13:59:20.848919+00:00,facilitator_call,conjoint_policy_experiment_20260518T134252Z_bdod6b,conjoint_policy_experiment_20260518T134252Z_bdod6b_s1,conjoint_policy_experiment_20260518T134252Z_bdod6b_s1_conjoint_r3_g2,conjoint_policy_experiment_20260518T134252Z_bdod6b_2,"{""prompt_type"": ""FACILITATOR"", ""prompt_name"": ""profile_b_healthcare_spending"", ""module"": ""conjoint"", ""round"": 3, ""rendered_prompt"": ""Without providing any explanation, sample at random from [\""Increase by 20%\"", \""Maintain current levels\"", \""Decrease by 15%\""]."", ""response"": ""Decrease by 15%""}"
2026-05-18T13:59:23.920582+00:00,facilitator_call,conjoint_policy_experiment_20260518T134252Z_bdod6b,conjoint_policy_experiment_20260518T134252Z_bdod6b_s1,conjoint_policy_experiment_20260518T134252Z_bdod6b_s1_conjoint_r3_g2,conjoint_policy_experiment_20260518T134252Z_bdod6b_2,"{""prompt_type"": ""FACILITATOR"", ""prompt_name"": ""profile_b_education_spending"", ""module"": ""conjoint"", ""round"": 3, ""rendered_prompt"": ""Without providing any explanation, sample at random from [\""Double public school funding\"", \""Maintain current levels\"", \""Shift to voucher system\""]."", ""response"": ""Double public school funding""}"
2026-05-18T13:59:27.163887+00:00,facilitator_call,conjoint_policy_experiment_20260518T134252Z_bdod6b,conjoint_policy_experiment_20260518T134252Z_bdod6b_s1,conjoint_policy_experiment_20260518T134252Z_bdod6b_s1_conjoint_r3_g2,conjoint_policy_experiment_20260518T134252Z_bdod6b_2,"{""prompt_type"": ""FACILITATOR"", ""prompt_name"": ""profile_b_immigration_policy"", ""module"": ""conjoint"", ""round"": 3, ""rendered_prompt"": ""Without providing any explanation, sample at random from [\""Open borders\"", \""Points-based system\"", \""Reduce by 50%\""]."", ""response"": ""Points-based system""}"
2026-05-18T13:59:31.642409+00:00,facilitator_call,conjoint_policy_experiment_20260518T134252Z_bdod6b,conjoint_policy_experiment_20260518T134252Z_bdod6b_s1,conjoint_policy_experiment_20260518T134252Z_bdod6b_s1_conjoint_r3_g2,conjoint_policy_experiment_20260518T134252Z_bdod6b_2,"{""prompt_type"": ""FACILITATOR"", ""prompt_name"": ""profile_b_climate_policy"", ""module"": ""conjoint"", ""round"": 3, ""rendered_prompt"": ""Without providing any explanation, sample at random from [\""Carbon tax ($50/ton)\"", \""Green subsidies only\"", \""No new regulations\""]."", ""response"": ""Carbon tax ($50/ton)""}"
2026-05-18T13:59:58.294273+00:00,facilitator_call,conjoint_policy_experiment_20260518T134252Z_bdod6b,conjoint_policy_experiment_20260518T134252Z_bdod6b_s1,conjoint_policy_experiment_20260518T134252Z_bdod6b_s1_conjoint_r3_g3,conjoint_policy_experiment_20260518T134252Z_bdod6b_3,"{""prompt_type"": ""FACILITATOR"", ""prompt_name"": ""profile_a_tax_rate"", ""module"": ""conjoint"", ""round"": 3, ""rendered_prompt"": ""Without providing any explanation, sample at random from [\""10% flat tax\"", \""Progressive (15-35%)\"", \""Current rates maintained\""]."", ""response"": ""Progressive (15-35%)""}"
2026-05-18T14:00:02.273770+00:00,facilitator_call,conjoint_policy_experiment_20260518T134252Z_bdod6b,conjoint_policy_experiment_20260518T134252Z_bdod6b_s1,conjoint_policy_experiment_20260518T134252Z_bdod6b_s1_conjoint_r3_g3,conjoint_policy_experiment_20260518T134252Z_bdod6b_3,"{""prompt_type"": ""FACILITATOR"", ""prompt_name"": ""profile_a_healthcare_spending"", ""module"": ""conjoint"", ""round"": 3, ""rendered_prompt"": ""Without providing any explanation, sample at random from [\""Increase by 20%\"", \""Maintain current levels\"", \""Decrease by 15%\""]."", ""response"": ""Decrease by 15%""}"
2026-05-18T14:00:05.326036+00:00,facilitator_call,conjoint_policy_experiment_20260518T134252Z_bdod6b,conjoint_policy_experiment_20260518T134252Z_bdod6b_s1,conjoint_policy_experiment_20260518T134252Z_bdod6b_s1_conjoint_r3_g3,conjoint_policy_experiment_20260518T134252Z_bdod6b_3,"{""prompt_type"": ""FACILITATOR"", ""prompt_name"": ""profile_a_education_spending"", ""module"": ""conjoint"", ""round"": 3, ""rendered_prompt"": ""Without providing any explanation, sample at random from [\""Double public school funding\"", \""Maintain current levels\"", \""Shift to voucher system\""]."", ""response"": ""Shift to voucher system""}"
2026-05-18T14:00:09.266962+00:00,facilitator_call,conjoint_policy_experiment_20260518T134252Z_bdod6b,conjoint_policy_experiment_20260518T134252Z_bdod6b_s1,conjoint_policy_experiment_20260518T134252Z_bdod6b_s1_conjoint_r3_g3,conjoint_policy_experiment_20260518T134252Z_bdod6b_3,"{""prompt_type"": ""FACILITATOR"", ""prompt_name"": ""profile_a_immigration_policy"", ""module"": ""conjoint"", ""round"": 3, ""rendered_prompt"": ""Without providing any explanation, sample at random from [\""Open borders\"", \""Points-based system\"", \""Reduce by 50%\""]."", ""response"": ""Open borders""}"
2026-05-18T14:00:13.563788+00:00,facilitator_call,conjoint_policy_experiment_20260518T134252Z_bdod6b,conjoint_policy_experiment_20260518T134252Z_bdod6b_s1,conjoint_policy_experiment_20260518T134252Z_bdod6b_s1_conjoint_r3_g3,conjoint_policy_experiment_20260518T134252Z_bdod6b_3,"{""prompt_type"": ""FACILITATOR"", ""prompt_name"": ""profile_a_climate_policy"", ""module"": ""conjoint"", ""round"": 3, ""rendered_prompt"": ""Without providing any explanation, sample at random from [\""Carbon tax ($50/ton)\"", \""Green subsidies only\"", \""No new regulations\""]."", ""response"": ""Carbon tax ($50/ton)""}"
2026-05-18T14:00:16.433329+00:00,facilitator_call,conjoint_policy_experiment_20260518T134252Z_bdod6b,conjoint_policy_experiment_20260518T134252Z_bdod6b_s1,conjoint_policy_experiment_20260518T134252Z_bdod6b_s1_conjoint_r3_g3,conjoint_policy_experiment_20260518T134252Z_bdod6b_3,"{""prompt_type"": ""FACILITATOR"", ""prompt_name"": ""profile_b_tax_rate"", ""module"": ""conjoint"", ""round"": 3, ""rendered_prompt"": ""Without providing any explanation, sample at random from [\""10% flat tax\"", \""Progressive (15-35%)\"", \""Current rates maintained\""]."", ""response"": ""10% flat tax""}"
2026-05-18T14:00:20.350173+00:00,facilitator_call,conjoint_policy_experiment_20260518T134252Z_bdod6b,conjoint_policy_experiment_20260518T134252Z_bdod6b_s1,conjoint_policy_experiment_20260518T134252Z_bdod6b_s1_conjoint_r3_g3,conjoint_policy_experiment_20260518T134252Z_bdod6b_3,"{""prompt_type"": ""FACILITATOR"", ""prompt_name"": ""profile_b_healthcare_spending"", ""module"": ""conjoint"", ""round"": 3, ""rendered_prompt"": ""Without providing any explanation, sample at random from [\""Increase by 20%\"", \""Maintain current levels\"", \""Decrease by 15%\""]."", ""response"": ""Increase by 20%""}"
2026-05-18T14:00:25.266510+00:00,facilitator_call,conjoint_policy_experiment_20260518T134252Z_bdod6b,conjoint_policy_experiment_20260518T134252Z_bdod6b_s1,conjoint_policy_experiment_20260518T134252Z_bdod6b_s1_conjoint_r3_g3,conjoint_policy_experiment_20260518T134252Z_bdod6b_3,"{""prompt_type"": ""FACILITATOR"", ""prompt_name"": ""profile_b_education_spending"", ""module"": ""conjoint"", ""round"": 3, ""rendered_prompt"": ""Without providing any explanation, sample at random from [\""Double public school funding\"", \""Maintain current levels\"", \""Shift to voucher system\""]."", ""response"": ""Double public school funding""}"
2026-05-18T14:00:28.204066+00:00,facilitator_call,conjoint_policy_experiment_20260518T134252Z_bdod6b,conjoint_policy_experiment_20260518T134252Z_bdod6b_s1,conjoint_policy_experiment_20260518T134252Z_bdod6b_s1_conjoint_r3_g3,conjoint_policy_experiment_20260518T134252Z_bdod6b_3,"{""prompt_type"": ""FACILITATOR"", ""prompt_name"": ""profile_b_immigration_policy"", ""module"": ""conjoint"", ""round"": 3, ""rendered_prompt"": ""Without providing any explanation, sample at random from [\""Open borders\"", \""Points-based system\"", \""Reduce by 50%\""]."", ""response"": ""Points-based system""}"
2026-05-18T14:00:30.443404+00:00,facilitator_call,conjoint_policy_experiment_20260518T134252Z_bdod6b,conjoint_policy_experiment_20260518T134252Z_bdod6b_s1,conjoint_policy_experiment_20260518T134252Z_bdod6b_s1_conjoint_r3_g3,conjoint_policy_experiment_20260518T134252Z_bdod6b_3,"{""prompt_type"": ""FACILITATOR"", ""prompt_name"": ""profile_b_climate_policy"", ""module"": ""conjoint"", ""round"": 3, ""rendered_prompt"": ""Without providing any explanation, sample at random from [\""Carbon tax ($50/ton)\"", \""Green subsidies only\"", \""No new regulations\""]."", ""response"": ""No new regulations""}"
2026-05-18T14:01:11.554048+00:00,facilitator_call,conjoint_policy_experiment_20260518T134252Z_bdod6b,conjoint_policy_experiment_20260518T134252Z_bdod6b_s1,conjoint_policy_experiment_20260518T134252Z_bdod6b_s1_conjoint_r3_g4,conjoint_policy_experiment_20260518T134252Z_bdod6b_4,"{""prompt_type"": ""FACILITATOR"", ""prompt_name"": ""profile_a_tax_rate"", ""module"": ""conjoint"", ""round"": 3, ""rendered_prompt"": ""Without providing any explanation, sample at random from [\""10% flat tax\"", \""Progressive (15-35%)\"", \""Current rates maintained\""]."", ""response"": ""Current rates maintained""}"
2026-05-18T14:01:17.588481+00:00,facilitator_call,conjoint_policy_experiment_20260518T134252Z_bdod6b,conjoint_policy_experiment_20260518T134252Z_bdod6b_s1,conjoint_policy_experiment_20260518T134252Z_bdod6b_s1_conjoint_r3_g4,conjoint_policy_experiment_20260518T134252Z_bdod6b_4,"{""prompt_type"": ""FACILITATOR"", ""prompt_name"": ""profile_a_healthcare_spending"", ""module"": ""conjoint"", ""round"": 3, ""rendered_prompt"": ""Without providing any explanation, sample at random from [\""Increase by 20%\"", \""Maintain current levels\"", \""Decrease by 15%\""]."", ""response"": ""Decrease by 15%""}"
2026-05-18T14:01:21.311543+00:00,facilitator_call,conjoint_policy_experiment_20260518T134252Z_bdod6b,conjoint_policy_experiment_20260518T134252Z_bdod6b_s1,conjoint_policy_experiment_20260518T134252Z_bdod6b_s1_conjoint_r3_g4,conjoint_policy_experiment_20260518T134252Z_bdod6b_4,"{""prompt_type"": ""FACILITATOR"", ""prompt_name"": ""profile_a_education_spending"", ""module"": ""conjoint"", ""round"": 3, ""rendered_prompt"": ""Without providing any explanation, sample at random from [\""Double public school funding\"", \""Maintain current levels\"", \""Shift to voucher system\""]."", ""response"": ""Shift to voucher system""}"
2026-05-18T14:01:24.329149+00:00,facilitator_call,conjoint_policy_experiment_20260518T134252Z_bdod6b,conjoint_policy_experiment_20260518T134252Z_bdod6b_s1,conjoint_policy_experiment_20260518T134252Z_bdod6b_s1_conjoint_r3_g4,conjoint_policy_experiment_20260518T134252Z_bdod6b_4,"{""prompt_type"": ""FACILITATOR"", ""prompt_name"": ""profile_a_immigration_policy"", ""module"": ""conjoint"", ""round"": 3, ""rendered_prompt"": ""Without providing any explanation, sample at random from [\""Open borders\"", \""Points-based system\"", \""Reduce by 50%\""]."", ""response"": ""Points-based system""}"
2026-05-18T14:01:26.589526+00:00,facilitator_call,conjoint_policy_experiment_20260518T134252Z_bdod6b,conjoint_policy_experiment_20260518T134252Z_bdod6b_s1,conjoint_policy_experiment_20260518T134252Z_bdod6b_s1_conjoint_r3_g4,conjoint_policy_experiment_20260518T134252Z_bdod6b_4,"{""prompt_type"": ""FACILITATOR"", ""prompt_name"": ""profile_a_climate_policy"", ""module"": ""conjoint"", ""round"": 3, ""rendered_prompt"": ""Without providing any explanation, sample at random from [\""Carbon tax ($50/ton)\"", \""Green subsidies only\"", \""No new regulations\""]."", ""response"": ""Green subsidies only""}"
2026-05-18T14:01:29.558734+00:00,facilitator_call,conjoint_policy_experiment_20260518T134252Z_bdod6b,conjoint_policy_experiment_20260518T134252Z_bdod6b_s1,conjoint_policy_experiment_20260518T134252Z_bdod6b_s1_conjoint_r3_g4,conjoint_policy_experiment_20260518T134252Z_bdod6b_4,"{""prompt_type"": ""FACILITATOR"", ""prompt_name"": ""profile_b_tax_rate"", ""module"": ""conjoint"", ""round"": 3, ""rendered_prompt"": ""Without providing any explanation, sample at random from [\""10% flat tax\"", \""Progressive (15-35%)\"", \""Current rates maintained\""]."", ""response"": ""10% flat tax""}"
2026-05-18T14:01:33.845192+00:00,facilitator_call,conjoint_policy_experiment_20260518T134252Z_bdod6b,conjoint_policy_experiment_20260518T134252Z_bdod6b_s1,conjoint_policy_experiment_20260518T134252Z_bdod6b_s1_conjoint_r3_g4,conjoint_policy_experiment_20260518T134252Z_bdod6b_4,"{""prompt_type"": ""FACILITATOR"", ""prompt_name"": ""profile_b_healthcare_spending"", ""module"": ""conjoint"", ""round"": 3, ""rendered_prompt"": ""Without providing any explanation, sample at random from [\""Increase by 20%\"", \""Maintain current levels\"", \""Decrease by 15%\""]."", ""response"": ""Decrease by 15%""}"
2026-05-18T14:01:37.098228+00:00,facilitator_call,conjoint_policy_experiment_20260518T134252Z_bdod6b,conjoint_policy_experiment_20260518T134252Z_bdod6b_s1,conjoint_policy_experiment_20260518T134252Z_bdod6b_s1_conjoint_r3_g4,conjoint_policy_experiment_20260518T134252Z_bdod6b_4,"{""prompt_type"": ""FACILITATOR"", ""prompt_name"": ""profile_b_education_spending"", ""module"": ""conjoint"", ""round"": 3, ""rendered_prompt"": ""Without providing any explanation, sample at random from [\""Double public school funding\"", \""Maintain current levels\"", \""Shift to voucher system\""]."", ""response"": ""Double public school funding""}"
2026-05-18T14:01:40.782021+00:00,facilitator_call,conjoint_policy_experiment_20260518T134252Z_bdod6b,conjoint_policy_experiment_20260518T134252Z_bdod6b_s1,conjoint_policy_experiment_20260518T134252Z_bdod6b_s1_conjoint_r3_g4,conjoint_policy_experiment_20260518T134252Z_bdod6b_4,"{""prompt_type"": ""FACILITATOR"", ""prompt_name"": ""profile_b_immigration_policy"", ""module"": ""conjoint"", ""round"": 3, ""rendered_prompt"": ""Without providing any explanation, sample at random from [\""Open borders\"", \""Points-based system\"", \""Reduce by 50%\""]."", ""response"": ""Points-based system""}"
2026-05-18T14:01:44.572683+00:00,facilitator_call,conjoint_policy_experiment_20260518T134252Z_bdod6b,conjoint_policy_experiment_20260518T134252Z_bdod6b_s1,conjoint_policy_experiment_20260518T134252Z_bdod6b_s1_conjoint_r3_g4,conjoint_policy_experiment_20260518T134252Z_bdod6b_4,"{""prompt_type"": ""FACILITATOR"", ""prompt_name"": ""profile_b_climate_policy"", ""module"": ""conjoint"", ""round"": 3, ""rendered_prompt"": ""Without providing any explanation, sample at random from [\""Carbon tax ($50/ton)\"", \""Green subsidies only\"", \""No new regulations\""]."", ""response"": ""Green subsidies only""}"
2026-05-18T14:02:10.422621+00:00,facilitator_call,conjoint_policy_experiment_20260518T134252Z_bdod6b,conjoint_policy_experiment_20260518T134252Z_bdod6b_s1,conjoint_policy_experiment_20260518T134252Z_bdod6b_s1_conjoint_r3_g5,conjoint_policy_experiment_20260518T134252Z_bdod6b_5,"{""prompt_type"": ""FACILITATOR"", ""prompt_name"": ""profile_a_tax_rate"", ""module"": ""conjoint"", ""round"": 3, ""rendered_prompt"": ""Without providing any explanation, sample at random from [\""10% flat tax\"", \""Progressive (15-35%)\"", \""Current rates maintained\""]."", ""response"": ""Progressive (15-35%)""}"
2026-05-18T14:02:13.303898+00:00,facilitator_call,conjoint_policy_experiment_20260518T134252Z_bdod6b,conjoint_policy_experiment_20260518T134252Z_bdod6b_s1,conjoint_policy_experiment_20260518T134252Z_bdod6b_s1_conjoint_r3_g5,conjoint_policy_experiment_20260518T134252Z_bdod6b_5,"{""prompt_type"": ""FACILITATOR"", ""prompt_name"": ""profile_a_healthcare_spending"", ""module"": ""conjoint"", ""round"": 3, ""rendered_prompt"": ""Without providing any explanation, sample at random from [\""Increase by 20%\"", \""Maintain current levels\"", \""Decrease by 15%\""]."", ""response"": ""Maintain current levels""}"
2026-05-18T14:02:17.539090+00:00,facilitator_call,conjoint_policy_experiment_20260518T134252Z_bdod6b,conjoint_policy_experiment_20260518T134252Z_bdod6b_s1,conjoint_policy_experiment_20260518T134252Z_bdod6b_s1_conjoint_r3_g5,conjoint_policy_experiment_20260518T134252Z_bdod6b_5,"{""prompt_type"": ""FACILITATOR"", ""prompt_name"": ""profile_a_education_spending"", ""module"": ""conjoint"", ""round"": 3, ""rendered_prompt"": ""Without providing any explanation, sample at random from [\""Double public school funding\"", \""Maintain current levels\"", \""Shift to voucher system\""]."", ""response"": ""Shift to voucher system""}"
2026-05-18T14:02:21.563833+00:00,facilitator_call,conjoint_policy_experiment_20260518T134252Z_bdod6b,conjoint_policy_experiment_20260518T134252Z_bdod6b_s1,conjoint_policy_experiment_20260518T134252Z_bdod6b_s1_conjoint_r3_g5,conjoint_policy_experiment_20260518T134252Z_bdod6b_5,"{""prompt_type"": ""FACILITATOR"", ""prompt_name"": ""profile_a_immigration_policy"", ""module"": ""conjoint"", ""round"": 3, ""rendered_prompt"": ""Without providing any explanation, sample at random from [\""Open borders\"", \""Points-based system\"", \""Reduce by 50%\""]."", ""response"": ""Points-based system""}"
2026-05-18T14:02:24.843528+00:00,facilitator_call,conjoint_policy_experiment_20260518T134252Z_bdod6b,conjoint_policy_experiment_20260518T134252Z_bdod6b_s1,conjoint_policy_experiment_20260518T134252Z_bdod6b_s1_conjoint_r3_g5,conjoint_policy_experiment_20260518T134252Z_bdod6b_5,"{""prompt_type"": ""FACILITATOR"", ""prompt_name"": ""profile_a_climate_policy"", ""module"": ""conjoint"", ""round"": 3, ""rendered_prompt"": ""Without providing any explanation, sample at random from [\""Carbon tax ($50/ton)\"", \""Green subsidies only\"", \""No new regulations\""]."", ""response"": ""Green subsidies only""}"
2026-05-18T14:02:29.897725+00:00,facilitator_call,conjoint_policy_experiment_20260518T134252Z_bdod6b,conjoint_policy_experiment_20260518T134252Z_bdod6b_s1,conjoint_policy_experiment_20260518T134252Z_bdod6b_s1_conjoint_r3_g5,conjoint_policy_experiment_20260518T134252Z_bdod6b_5,"{""prompt_type"": ""FACILITATOR"", ""prompt_name"": ""profile_b_tax_rate"", ""module"": ""conjoint"", ""round"": 3, ""rendered_prompt"": ""Without providing any explanation, sample at random from [\""10% flat tax\"", \""Progressive (15-35%)\"", \""Current rates maintained\""]."", ""response"": ""Progressive (15-35%)""}"
2026-05-18T14:02:37.439253+00:00,facilitator_call,conjoint_policy_experiment_20260518T134252Z_bdod6b,conjoint_policy_experiment_20260518T134252Z_bdod6b_s1,conjoint_policy_experiment_20260518T134252Z_bdod6b_s1_conjoint_r3_g5,conjoint_policy_experiment_20260518T134252Z_bdod6b_5,"{""prompt_type"": ""FACILITATOR"", ""prompt_name"": ""profile_b_healthcare_spending"", ""module"": ""conjoint"", ""round"": 3, ""rendered_prompt"": ""Without providing any explanation, sample at random from [\""Increase by 20%\"", \""Maintain current levels\"", \""Decrease by 15%\""]."", ""response"": ""Decrease by 15%""}"
2026-05-18T14:02:40.023861+00:00,facilitator_call,conjoint_policy_experiment_20260518T134252Z_bdod6b,conjoint_policy_experiment_20260518T134252Z_bdod6b_s1,conjoint_policy_experiment_20260518T134252Z_bdod6b_s1_conjoint_r3_g5,conjoint_policy_experiment_20260518T134252Z_bdod6b_5,"{""prompt_type"": ""FACILITATOR"", ""prompt_name"": ""profile_b_education_spending"", ""module"": ""conjoint"", ""round"": 3, ""rendered_prompt"": ""Without providing any explanation, sample at random from [\""Double public school funding\"", \""Maintain current levels\"", \""Shift to voucher system\""]."", ""response"": ""Double public school funding""}"
2026-05-18T14:02:45.218452+00:00,facilitator_call,conjoint_policy_experiment_20260518T134252Z_bdod6b,conjoint_policy_experiment_20260518T134252Z_bdod6b_s1,conjoint_policy_experiment_20260518T134252Z_bdod6b_s1_conjoint_r3_g5,conjoint_policy_experiment_20260518T134252Z_bdod6b_5,"{""prompt_type"": ""FACILITATOR"", ""prompt_name"": ""profile_b_immigration_policy"", ""module"": ""conjoint"", ""round"": 3, ""rendered_prompt"": ""Without providing any explanation, sample at random from [\""Open borders\"", \""Points-based system\"", \""Reduce by 50%\""]."", ""response"": ""Open borders""}"
2026-05-18T14:02:48.190617+00:00,facilitator_call,conjoint_policy_experiment_20260518T134252Z_bdod6b,conjoint_policy_experiment_20260518T134252Z_bdod6b_s1,conjoint_policy_experiment_20260518T134252Z_bdod6b_s1_conjoint_r3_g5,conjoint_policy_experiment_20260518T134252Z_bdod6b_5,"{""prompt_type"": ""FACILITATOR"", ""prompt_name"": ""profile_b_climate_policy"", ""module"": ""conjoint"", ""round"": 3, ""rendered_prompt"": ""Without providing any explanation, sample at random from [\""Carbon tax ($50/ton)\"", \""Green subsidies only\"", \""No new regulations\""]."", ""response"": ""Green subsidies only""}"
2026-05-18T14:03:41.563014+00:00,facilitator_call,conjoint_policy_experiment_20260518T134252Z_bdod6b,conjoint_policy_experiment_20260518T134252Z_bdod6b_s1,conjoint_policy_experiment_20260518T134252Z_bdod6b_s1_conjoint_r3_g6,conjoint_policy_experiment_20260518T134252Z_bdod6b_6,"{""prompt_type"": ""FACILITATOR"", ""prompt_name"": ""profile_a_tax_rate"", ""module"": ""conjoint"", ""round"": 3, ""rendered_prompt"": ""Without providing any explanation, sample at random from [\""10% flat tax\"", \""Progressive (15-35%)\"", \""Current rates maintained\""]."", ""response"": ""Current rates maintained""}"
2026-05-18T14:03:44.956666+00:00,facilitator_call,conjoint_policy_experiment_20260518T134252Z_bdod6b,conjoint_policy_experiment_20260518T134252Z_bdod6b_s1,conjoint_policy_experiment_20260518T134252Z_bdod6b_s1_conjoint_r3_g6,conjoint_policy_experiment_20260518T134252Z_bdod6b_6,"{""prompt_type"": ""FACILITATOR"", ""prompt_name"": ""profile_a_healthcare_spending"", ""module"": ""conjoint"", ""round"": 3, ""rendered_prompt"": ""Without providing any explanation, sample at random from [\""Increase by 20%\"", \""Maintain current levels\"", \""Decrease by 15%\""]."", ""response"": ""Maintain current levels""}"
2026-05-18T14:03:48.402865+00:00,facilitator_call,conjoint_policy_experiment_20260518T134252Z_bdod6b,conjoint_policy_experiment_20260518T134252Z_bdod6b_s1,conjoint_policy_experiment_20260518T134252Z_bdod6b_s1_conjoint_r3_g6,conjoint_policy_experiment_20260518T134252Z_bdod6b_6,"{""prompt_type"": ""FACILITATOR"", ""prompt_name"": ""profile_a_education_spending"", ""module"": ""conjoint"", ""round"": 3, ""rendered_prompt"": ""Without providing any explanation, sample at random from [\""Double public school funding\"", \""Maintain current levels\"", \""Shift to voucher system\""]."", ""response"": ""Shift to voucher system""}"
2026-05-18T14:03:51.095454+00:00,facilitator_call,conjoint_policy_experiment_20260518T134252Z_bdod6b,conjoint_policy_experiment_20260518T134252Z_bdod6b_s1,conjoint_policy_experiment_20260518T134252Z_bdod6b_s1_conjoint_r3_g6,conjoint_policy_experiment_20260518T134252Z_bdod6b_6,"{""prompt_type"": ""FACILITATOR"", ""prompt_name"": ""profile_a_immigration_policy"", ""module"": ""conjoint"", ""round"": 3, ""rendered_prompt"": ""Without providing any explanation, sample at random from [\""Open borders\"", \""Points-based system\"", \""Reduce by 50%\""]."", ""response"": ""Points-based system""}"
2026-05-18T14:03:54.033123+00:00,facilitator_call,conjoint_policy_experiment_20260518T134252Z_bdod6b,conjoint_policy_experiment_20260518T134252Z_bdod6b_s1,conjoint_policy_experiment_20260518T134252Z_bdod6b_s1_conjoint_r3_g6,conjoint_policy_experiment_20260518T134252Z_bdod6b_6,"{""prompt_type"": ""FACILITATOR"", ""prompt_name"": ""profile_a_climate_policy"", ""module"": ""conjoint"", ""round"": 3, ""rendered_prompt"": ""Without providing any explanation, sample at random from [\""Carbon tax ($50/ton)\"", \""Green subsidies only\"", \""No new regulations\""]."", ""response"": ""No new regulations""}"
2026-05-18T14:03:56.556327+00:00,facilitator_call,conjoint_policy_experiment_20260518T134252Z_bdod6b,conjoint_policy_experiment_20260518T134252Z_bdod6b_s1,conjoint_policy_experiment_20260518T134252Z_bdod6b_s1_conjoint_r3_g6,conjoint_policy_experiment_20260518T134252Z_bdod6b_6,"{""prompt_type"": ""FACILITATOR"", ""prompt_name"": ""profile_b_tax_rate"", ""module"": ""conjoint"", ""round"": 3, ""rendered_prompt"": ""Without providing any explanation, sample at random from [\""10% flat tax\"", \""Progressive (15-35%)\"", \""Current rates maintained\""]."", ""response"": ""Current rates maintained""}"
2026-05-18T14:04:00.935545+00:00,facilitator_call,conjoint_policy_experiment_20260518T134252Z_bdod6b,conjoint_policy_experiment_20260518T134252Z_bdod6b_s1,conjoint_policy_experiment_20260518T134252Z_bdod6b_s1_conjoint_r3_g6,conjoint_policy_experiment_20260518T134252Z_bdod6b_6,"{""prompt_type"": ""FACILITATOR"", ""prompt_name"": ""profile_b_healthcare_spending"", ""module"": ""conjoint"", ""round"": 3, ""rendered_prompt"": ""Without providing any explanation, sample at random from [\""Increase by 20%\"", \""Maintain current levels\"", \""Decrease by 15%\""]."", ""response"": ""Increase by 20%""}"
2026-05-18T14:04:04.743077+00:00,facilitator_call,conjoint_policy_experiment_20260518T134252Z_bdod6b,conjoint_policy_experiment_20260518T134252Z_bdod6b_s1,conjoint_policy_experiment_20260518T134252Z_bdod6b_s1_conjoint_r3_g6,conjoint_policy_experiment_20260518T134252Z_bdod6b_6,"{""prompt_type"": ""FACILITATOR"", ""prompt_name"": ""profile_b_education_spending"", ""module"": ""conjoint"", ""round"": 3, ""rendered_prompt"": ""Without providing any explanation, sample at random from [\""Double public school funding\"", \""Maintain current levels\"", \""Shift to voucher system\""]."", ""response"": ""Maintain current levels""}"
2026-05-18T14:04:08.778137+00:00,facilitator_call,conjoint_policy_experiment_20260518T134252Z_bdod6b,conjoint_policy_experiment_20260518T134252Z_bdod6b_s1,conjoint_policy_experiment_20260518T134252Z_bdod6b_s1_conjoint_r3_g6,conjoint_policy_experiment_20260518T134252Z_bdod6b_6,"{""prompt_type"": ""FACILITATOR"", ""prompt_name"": ""profile_b_immigration_policy"", ""module"": ""conjoint"", ""round"": 3, ""rendered_prompt"": ""Without providing any explanation, sample at random from [\""Open borders\"", \""Points-based system\"", \""Reduce by 50%\""]."", ""response"": ""Points-based system""}"
2026-05-18T14:04:11.806676+00:00,facilitator_call,conjoint_policy_experiment_20260518T134252Z_bdod6b,conjoint_policy_experiment_20260518T134252Z_bdod6b_s1,conjoint_policy_experiment_20260518T134252Z_bdod6b_s1_conjoint_r3_g6,conjoint_policy_experiment_20260518T134252Z_bdod6b_6,"{""prompt_type"": ""FACILITATOR"", ""prompt_name"": ""profile_b_climate_policy"", ""module"": ""conjoint"", ""round"": 3, ""rendered_prompt"": ""Without providing any explanation, sample at random from [\""Carbon tax ($50/ton)\"", \""Green subsidies only\"", \""No new regulations\""]."", ""response"": ""Green subsidies only""}"
2026-05-18T14:04:31.851105+00:00,facilitator_call,conjoint_policy_experiment_20260518T134252Z_bdod6b,conjoint_policy_experiment_20260518T134252Z_bdod6b_s1,conjoint_policy_experiment_20260518T134252Z_bdod6b_s1_conjoint_r3_g7,conjoint_policy_experiment_20260518T134252Z_bdod6b_7,"{""prompt_type"": ""FACILITATOR"", ""prompt_name"": ""profile_a_tax_rate"", ""module"": ""conjoint"", ""round"": 3, ""rendered_prompt"": ""Without providing any explanation, sample at random from [\""10% flat tax\"", \""Progressive (15-35%)\"", \""Current rates maintained\""]."", ""response"": ""Progressive (15-35%)""}"
2026-05-18T14:04:35.451599+00:00,facilitator_call,conjoint_policy_experiment_20260518T134252Z_bdod6b,conjoint_policy_experiment_20260518T134252Z_bdod6b_s1,conjoint_policy_experiment_20260518T134252Z_bdod6b_s1_conjoint_r3_g7,conjoint_policy_experiment_20260518T134252Z_bdod6b_7,"{""prompt_type"": ""FACILITATOR"", ""prompt_name"": ""profile_a_healthcare_spending"", ""module"": ""conjoint"", ""round"": 3, ""rendered_prompt"": ""Without providing any explanation, sample at random from [\""Increase by 20%\"", \""Maintain current levels\"", \""Decrease by 15%\""]."", ""response"": ""Maintain current levels""}"
2026-05-18T14:04:38.870217+00:00,facilitator_call,conjoint_policy_experiment_20260518T134252Z_bdod6b,conjoint_policy_experiment_20260518T134252Z_bdod6b_s1,conjoint_policy_experiment_20260518T134252Z_bdod6b_s1_conjoint_r3_g7,conjoint_policy_experiment_20260518T134252Z_bdod6b_7,"{""prompt_type"": ""FACILITATOR"", ""prompt_name"": ""profile_a_education_spending"", ""module"": ""conjoint"", ""round"": 3, ""rendered_prompt"": ""Without providing any explanation, sample at random from [\""Double public school funding\"", \""Maintain current levels\"", \""Shift to voucher system\""]."", ""response"": ""Shift to voucher system""}"
2026-05-18T14:04:43.918387+00:00,facilitator_call,conjoint_policy_experiment_20260518T134252Z_bdod6b,conjoint_policy_experiment_20260518T134252Z_bdod6b_s1,conjoint_policy_experiment_20260518T134252Z_bdod6b_s1_conjoint_r3_g7,conjoint_policy_experiment_20260518T134252Z_bdod6b_7,"{""prompt_type"": ""FACILITATOR"", ""prompt_name"": ""profile_a_immigration_policy"", ""module"": ""conjoint"", ""round"": 3, ""rendered_prompt"": ""Without providing any explanation, sample at random from [\""Open borders\"", \""Points-based system\"", \""Reduce by 50%\""]."", ""response"": ""Points-based system""}"
2026-05-18T14:04:46.873005+00:00,facilitator_call,conjoint_policy_experiment_20260518T134252Z_bdod6b,conjoint_policy_experiment_20260518T134252Z_bdod6b_s1,conjoint_policy_experiment_20260518T134252Z_bdod6b_s1_conjoint_r3_g7,conjoint_policy_experiment_20260518T134252Z_bdod6b_7,"{""prompt_type"": ""FACILITATOR"", ""prompt_name"": ""profile_a_climate_policy"", ""module"": ""conjoint"", ""round"": 3, ""rendered_prompt"": ""Without providing any explanation, sample at random from [\""Carbon tax ($50/ton)\"", \""Green subsidies only\"", \""No new regulations\""]."", ""response"": ""No new regulations""}"
2026-05-18T14:04:49.753122+00:00,facilitator_call,conjoint_policy_experiment_20260518T134252Z_bdod6b,conjoint_policy_experiment_20260518T134252Z_bdod6b_s1,conjoint_policy_experiment_20260518T134252Z_bdod6b_s1_conjoint_r3_g7,conjoint_policy_experiment_20260518T134252Z_bdod6b_7,"{""prompt_type"": ""FACILITATOR"", ""prompt_name"": ""profile_b_tax_rate"", ""module"": ""conjoint"", ""round"": 3, ""rendered_prompt"": ""Without providing any explanation, sample at random from [\""10% flat tax\"", \""Progressive (15-35%)\"", \""Current rates maintained\""]."", ""response"": ""Current rates maintained""}"
2026-05-18T14:04:53.347345+00:00,facilitator_call,conjoint_policy_experiment_20260518T134252Z_bdod6b,conjoint_policy_experiment_20260518T134252Z_bdod6b_s1,conjoint_policy_experiment_20260518T134252Z_bdod6b_s1_conjoint_r3_g7,conjoint_policy_experiment_20260518T134252Z_bdod6b_7,"{""prompt_type"": ""FACILITATOR"", ""prompt_name"": ""profile_b_healthcare_spending"", ""module"": ""conjoint"", ""round"": 3, ""rendered_prompt"": ""Without providing any explanation, sample at random from [\""Increase by 20%\"", \""Maintain current levels\"", \""Decrease by 15%\""]."", ""response"": ""Maintain current levels""}"
2026-05-18T14:04:55.782056+00:00,facilitator_call,conjoint_policy_experiment_20260518T134252Z_bdod6b,conjoint_policy_experiment_20260518T134252Z_bdod6b_s1,conjoint_policy_experiment_20260518T134252Z_bdod6b_s1_conjoint_r3_g7,conjoint_policy_experiment_20260518T134252Z_bdod6b_7,"{""prompt_type"": ""FACILITATOR"", ""prompt_name"": ""profile_b_education_spending"", ""module"": ""conjoint"", ""round"": 3, ""rendered_prompt"": ""Without providing any explanation, sample at random from [\""Double public school funding\"", \""Maintain current levels\"", \""Shift to voucher system\""]."", ""response"": ""Shift to voucher system""}"
2026-05-18T14:04:59.584561+00:00,facilitator_call,conjoint_policy_experiment_20260518T134252Z_bdod6b,conjoint_policy_experiment_20260518T134252Z_bdod6b_s1,conjoint_policy_experiment_20260518T134252Z_bdod6b_s1_conjoint_r3_g7,conjoint_policy_experiment_20260518T134252Z_bdod6b_7,"{""prompt_type"": ""FACILITATOR"", ""prompt_name"": ""profile_b_immigration_policy"", ""module"": ""conjoint"", ""round"": 3, ""rendered_prompt"": ""Without providing any explanation, sample at random from [\""Open borders\"", \""Points-based system\"", \""Reduce by 50%\""]."", ""response"": ""Points-based system""}"
2026-05-18T14:05:06.467471+00:00,facilitator_call,conjoint_policy_experiment_20260518T134252Z_bdod6b,conjoint_policy_experiment_20260518T134252Z_bdod6b_s1,conjoint_policy_experiment_20260518T134252Z_bdod6b_s1_conjoint_r3_g7,conjoint_policy_experiment_20260518T134252Z_bdod6b_7,"{""prompt_type"": ""FACILITATOR"", ""prompt_name"": ""profile_b_climate_policy"", ""module"": ""conjoint"", ""round"": 3, ""rendered_prompt"": ""Without providing any explanation, sample at random from [\""Carbon tax ($50/ton)\"", \""Green subsidies only\"", \""No new regulations\""]."", ""response"": ""Green subsidies only""}"
2026-05-18T14:05:34.076570+00:00,facilitator_call,conjoint_policy_experiment_20260518T134252Z_bdod6b,conjoint_policy_experiment_20260518T134252Z_bdod6b_s1,conjoint_policy_experiment_20260518T134252Z_bdod6b_s1_conjoint_r3_g8,conjoint_policy_experiment_20260518T134252Z_bdod6b_8,"{""prompt_type"": ""FACILITATOR"", ""prompt_name"": ""profile_a_tax_rate"", ""module"": ""conjoint"", ""round"": 3, ""rendered_prompt"": ""Without providing any explanation, sample at random from [\""10% flat tax\"", \""Progressive (15-35%)\"", \""Current rates maintained\""]."", ""response"": ""Current rates maintained""}"
2026-05-18T14:05:37.947980+00:00,facilitator_call,conjoint_policy_experiment_20260518T134252Z_bdod6b,conjoint_policy_experiment_20260518T134252Z_bdod6b_s1,conjoint_policy_experiment_20260518T134252Z_bdod6b_s1_conjoint_r3_g8,conjoint_policy_experiment_20260518T134252Z_bdod6b_8,"{""prompt_type"": ""FACILITATOR"", ""prompt_name"": ""profile_a_healthcare_spending"", ""module"": ""conjoint"", ""round"": 3, ""rendered_prompt"": ""Without providing any explanation, sample at random from [\""Increase by 20%\"", \""Maintain current levels\"", \""Decrease by 15%\""]."", ""response"": ""Decrease by 15%""}"
2026-05-18T14:05:41.704655+00:00,facilitator_call,conjoint_policy_experiment_20260518T134252Z_bdod6b,conjoint_policy_experiment_20260518T134252Z_bdod6b_s1,conjoint_policy_experiment_20260518T134252Z_bdod6b_s1_conjoint_r3_g8,conjoint_policy_experiment_20260518T134252Z_bdod6b_8,"{""prompt_type"": ""FACILITATOR"", ""prompt_name"": ""profile_a_education_spending"", ""module"": ""conjoint"", ""round"": 3, ""rendered_prompt"": ""Without providing any explanation, sample at random from [\""Double public school funding\"", \""Maintain current levels\"", \""Shift to voucher system\""]."", ""response"": ""Shift to voucher system""}"
2026-05-18T14:05:44.831142+00:00,facilitator_call,conjoint_policy_experiment_20260518T134252Z_bdod6b,conjoint_policy_experiment_20260518T134252Z_bdod6b_s1,conjoint_policy_experiment_20260518T134252Z_bdod6b_s1_conjoint_r3_g8,conjoint_policy_experiment_20260518T134252Z_bdod6b_8,"{""prompt_type"": ""FACILITATOR"", ""prompt_name"": ""profile_a_immigration_policy"", ""module"": ""conjoint"", ""round"": 3, ""rendered_prompt"": ""Without providing any explanation, sample at random from [\""Open borders\"", \""Points-based system\"", \""Reduce by 50%\""]."", ""response"": ""Reduce by 50%""}"
2026-05-18T14:05:47.366461+00:00,facilitator_call,conjoint_policy_experiment_20260518T134252Z_bdod6b,conjoint_policy_experiment_20260518T134252Z_bdod6b_s1,conjoint_policy_experiment_20260518T134252Z_bdod6b_s1_conjoint_r3_g8,conjoint_policy_experiment_20260518T134252Z_bdod6b_8,"{""prompt_type"": ""FACILITATOR"", ""prompt_name"": ""profile_a_climate_policy"", ""module"": ""conjoint"", ""round"": 3, ""rendered_prompt"": ""Without providing any explanation, sample at random from [\""Carbon tax ($50/ton)\"", \""Green subsidies only\"", \""No new regulations\""]."", ""response"": ""Green subsidies only""}"
2026-05-18T14:05:49.547585+00:00,facilitator_call,conjoint_policy_experiment_20260518T134252Z_bdod6b,conjoint_policy_experiment_20260518T134252Z_bdod6b_s1,conjoint_policy_experiment_20260518T134252Z_bdod6b_s1_conjoint_r3_g8,conjoint_policy_experiment_20260518T134252Z_bdod6b_8,"{""prompt_type"": ""FACILITATOR"", ""prompt_name"": ""profile_b_tax_rate"", ""module"": ""conjoint"", ""round"": 3, ""rendered_prompt"": ""Without providing any explanation, sample at random from [\""10% flat tax\"", \""Progressive (15-35%)\"", \""Current rates maintained\""]."", ""response"": ""Progressive (15-35%)""}"
2026-05-18T14:05:51.773779+00:00,facilitator_call,conjoint_policy_experiment_20260518T134252Z_bdod6b,conjoint_policy_experiment_20260518T134252Z_bdod6b_s1,conjoint_policy_experiment_20260518T134252Z_bdod6b_s1_conjoint_r3_g8,conjoint_policy_experiment_20260518T134252Z_bdod6b_8,"{""prompt_type"": ""FACILITATOR"", ""prompt_name"": ""profile_b_healthcare_spending"", ""module"": ""conjoint"", ""round"": 3, ""rendered_prompt"": ""Without providing any explanation, sample at random from [\""Increase by 20%\"", \""Maintain current levels\"", \""Decrease by 15%\""]."", ""response"": ""Decrease by 15%""}"
2026-05-18T14:05:54.872321+00:00,facilitator_call,conjoint_policy_experiment_20260518T134252Z_bdod6b,conjoint_policy_experiment_20260518T134252Z_bdod6b_s1,conjoint_policy_experiment_20260518T134252Z_bdod6b_s1_conjoint_r3_g8,conjoint_policy_experiment_20260518T134252Z_bdod6b_8,"{""prompt_type"": ""FACILITATOR"", ""prompt_name"": ""profile_b_education_spending"", ""module"": ""conjoint"", ""round"": 3, ""rendered_prompt"": ""Without providing any explanation, sample at random from [\""Double public school funding\"", \""Maintain current levels\"", \""Shift to voucher system\""]."", ""response"": ""Shift to voucher system""}"
2026-05-18T14:05:57.550914+00:00,facilitator_call,conjoint_policy_experiment_20260518T134252Z_bdod6b,conjoint_policy_experiment_20260518T134252Z_bdod6b_s1,conjoint_policy_experiment_20260518T134252Z_bdod6b_s1_conjoint_r3_g8,conjoint_policy_experiment_20260518T134252Z_bdod6b_8,"{""prompt_type"": ""FACILITATOR"", ""prompt_name"": ""profile_b_immigration_policy"", ""module"": ""conjoint"", ""round"": 3, ""rendered_prompt"": ""Without providing any explanation, sample at random from [\""Open borders\"", \""Points-based system\"", \""Reduce by 50%\""]."", ""response"": ""Points-based system""}"
2026-05-18T14:06:00.330345+00:00,facilitator_call,conjoint_policy_experiment_20260518T134252Z_bdod6b,conjoint_policy_experiment_20260518T134252Z_bdod6b_s1,conjoint_policy_experiment_20260518T134252Z_bdod6b_s1_conjoint_r3_g8,conjoint_policy_experiment_20260518T134252Z_bdod6b_8,"{""prompt_type"": ""FACILITATOR"", ""prompt_name"": ""profile_b_climate_policy"", ""module"": ""conjoint"", ""round"": 3, ""rendered_prompt"": ""Without providing any explanation, sample at random from [\""Carbon tax ($50/ton)\"", \""Green subsidies only\"", \""No new regulations\""]."", ""response"": ""Carbon tax ($50/ton)""}"
2026-05-18T14:06:17.953354+00:00,facilitator_call,conjoint_policy_experiment_20260518T134252Z_bdod6b,conjoint_policy_experiment_20260518T134252Z_bdod6b_s1,conjoint_policy_experiment_20260518T134252Z_bdod6b_s1_conjoint_r4_g1,conjoint_policy_experiment_20260518T134252Z_bdod6b_1,"{""prompt_type"": ""FACILITATOR"", ""prompt_name"": ""profile_a_tax_rate"", ""module"": ""conjoint"", ""round"": 4, ""rendered_prompt"": ""Without providing any explanation, sample at random from [\""10% flat tax\"", \""Progressive (15-35%)\"", \""Current rates maintained\""]."", ""response"": ""10% flat tax""}"
2026-05-18T14:06:21.767003+00:00,facilitator_call,conjoint_policy_experiment_20260518T134252Z_bdod6b,conjoint_policy_experiment_20260518T134252Z_bdod6b_s1,conjoint_policy_experiment_20260518T134252Z_bdod6b_s1_conjoint_r4_g1,conjoint_policy_experiment_20260518T134252Z_bdod6b_1,"{""prompt_type"": ""FACILITATOR"", ""prompt_name"": ""profile_a_healthcare_spending"", ""module"": ""conjoint"", ""round"": 4, ""rendered_prompt"": ""Without providing any explanation, sample at random from [\""Increase by 20%\"", \""Maintain current levels\"", \""Decrease by 15%\""]."", ""response"": ""Maintain current levels""}"
2026-05-18T14:06:25.600645+00:00,facilitator_call,conjoint_policy_experiment_20260518T134252Z_bdod6b,conjoint_policy_experiment_20260518T134252Z_bdod6b_s1,conjoint_policy_experiment_20260518T134252Z_bdod6b_s1_conjoint_r4_g1,conjoint_policy_experiment_20260518T134252Z_bdod6b_1,"{""prompt_type"": ""FACILITATOR"", ""prompt_name"": ""profile_a_education_spending"", ""module"": ""conjoint"", ""round"": 4, ""rendered_prompt"": ""Without providing any explanation, sample at random from [\""Double public school funding\"", \""Maintain current levels\"", \""Shift to voucher system\""]."", ""response"": ""Shift to voucher system""}"
2026-05-18T14:06:29.252156+00:00,facilitator_call,conjoint_policy_experiment_20260518T134252Z_bdod6b,conjoint_policy_experiment_20260518T134252Z_bdod6b_s1,conjoint_policy_experiment_20260518T134252Z_bdod6b_s1_conjoint_r4_g1,conjoint_policy_experiment_20260518T134252Z_bdod6b_1,"{""prompt_type"": ""FACILITATOR"", ""prompt_name"": ""profile_a_immigration_policy"", ""module"": ""conjoint"", ""round"": 4, ""rendered_prompt"": ""Without providing any explanation, sample at random from [\""Open borders\"", \""Points-based system\"", \""Reduce by 50%\""]."", ""response"": ""Reduce by 50%""}"
2026-05-18T14:06:32.118525+00:00,facilitator_call,conjoint_policy_experiment_20260518T134252Z_bdod6b,conjoint_policy_experiment_20260518T134252Z_bdod6b_s1,conjoint_policy_experiment_20260518T134252Z_bdod6b_s1_conjoint_r4_g1,conjoint_policy_experiment_20260518T134252Z_bdod6b_1,"{""prompt_type"": ""FACILITATOR"", ""prompt_name"": ""profile_a_climate_policy"", ""module"": ""conjoint"", ""round"": 4, ""rendered_prompt"": ""Without providing any explanation, sample at random from [\""Carbon tax ($50/ton)\"", \""Green subsidies only\"", \""No new regulations\""]."", ""response"": ""Green subsidies only""}"
2026-05-18T14:06:35.504445+00:00,facilitator_call,conjoint_policy_experiment_20260518T134252Z_bdod6b,conjoint_policy_experiment_20260518T134252Z_bdod6b_s1,conjoint_policy_experiment_20260518T134252Z_bdod6b_s1_conjoint_r4_g1,conjoint_policy_experiment_20260518T134252Z_bdod6b_1,"{""prompt_type"": ""FACILITATOR"", ""prompt_name"": ""profile_b_tax_rate"", ""module"": ""conjoint"", ""round"": 4, ""rendered_prompt"": ""Without providing any explanation, sample at random from [\""10% flat tax\"", \""Progressive (15-35%)\"", \""Current rates maintained\""]."", ""response"": ""Progressive (15-35%)""}"
2026-05-18T14:06:38.228948+00:00,facilitator_call,conjoint_policy_experiment_20260518T134252Z_bdod6b,conjoint_policy_experiment_20260518T134252Z_bdod6b_s1,conjoint_policy_experiment_20260518T134252Z_bdod6b_s1_conjoint_r4_g1,conjoint_policy_experiment_20260518T134252Z_bdod6b_1,"{""prompt_type"": ""FACILITATOR"", ""prompt_name"": ""profile_b_healthcare_spending"", ""module"": ""conjoint"", ""round"": 4, ""rendered_prompt"": ""Without providing any explanation, sample at random from [\""Increase by 20%\"", \""Maintain current levels\"", \""Decrease by 15%\""]."", ""response"": ""Maintain current levels""}"
2026-05-18T14:06:42.840404+00:00,facilitator_call,conjoint_policy_experiment_20260518T134252Z_bdod6b,conjoint_policy_experiment_20260518T134252Z_bdod6b_s1,conjoint_policy_experiment_20260518T134252Z_bdod6b_s1_conjoint_r4_g1,conjoint_policy_experiment_20260518T134252Z_bdod6b_1,"{""prompt_type"": ""FACILITATOR"", ""prompt_name"": ""profile_b_education_spending"", ""module"": ""conjoint"", ""round"": 4, ""rendered_prompt"": ""Without providing any explanation, sample at random from [\""Double public school funding\"", \""Maintain current levels\"", \""Shift to voucher system\""]."", ""response"": ""Shift to voucher system""}"
2026-05-18T14:06:45.656086+00:00,facilitator_call,conjoint_policy_experiment_20260518T134252Z_bdod6b,conjoint_policy_experiment_20260518T134252Z_bdod6b_s1,conjoint_policy_experiment_20260518T134252Z_bdod6b_s1_conjoint_r4_g1,conjoint_policy_experiment_20260518T134252Z_bdod6b_1,"{""prompt_type"": ""FACILITATOR"", ""prompt_name"": ""profile_b_immigration_policy"", ""module"": ""conjoint"", ""round"": 4, ""rendered_prompt"": ""Without providing any explanation, sample at random from [\""Open borders\"", \""Points-based system\"", \""Reduce by 50%\""]."", ""response"": ""Points-based system""}"
2026-05-18T14:06:48.832200+00:00,facilitator_call,conjoint_policy_experiment_20260518T134252Z_bdod6b,conjoint_policy_experiment_20260518T134252Z_bdod6b_s1,conjoint_policy_experiment_20260518T134252Z_bdod6b_s1_conjoint_r4_g1,conjoint_policy_experiment_20260518T134252Z_bdod6b_1,"{""prompt_type"": ""FACILITATOR"", ""prompt_name"": ""profile_b_climate_policy"", ""module"": ""conjoint"", ""round"": 4, ""rendered_prompt"": ""Without providing any explanation, sample at random from [\""Carbon tax ($50/ton)\"", \""Green subsidies only\"", \""No new regulations\""]."", ""response"": ""No new regulations""}"
2026-05-18T14:07:20.820421+00:00,facilitator_call,conjoint_policy_experiment_20260518T134252Z_bdod6b,conjoint_policy_experiment_20260518T134252Z_bdod6b_s1,conjoint_policy_experiment_20260518T134252Z_bdod6b_s1_conjoint_r4_g2,conjoint_policy_experiment_20260518T134252Z_bdod6b_2,"{""prompt_type"": ""FACILITATOR"", ""prompt_name"": ""profile_a_tax_rate"", ""module"": ""conjoint"", ""round"": 4, ""rendered_prompt"": ""Without providing any explanation, sample at random from [\""10% flat tax\"", \""Progressive (15-35%)\"", \""Current rates maintained\""]."", ""response"": ""Progressive (15-35%)""}"
2026-05-18T14:07:25.403290+00:00,facilitator_call,conjoint_policy_experiment_20260518T134252Z_bdod6b,conjoint_policy_experiment_20260518T134252Z_bdod6b_s1,conjoint_policy_experiment_20260518T134252Z_bdod6b_s1_conjoint_r4_g2,conjoint_policy_experiment_20260518T134252Z_bdod6b_2,"{""prompt_type"": ""FACILITATOR"", ""prompt_name"": ""profile_a_healthcare_spending"", ""module"": ""conjoint"", ""round"": 4, ""rendered_prompt"": ""Without providing any explanation, sample at random from [\""Increase by 20%\"", \""Maintain current levels\"", \""Decrease by 15%\""]."", ""response"": ""Maintain current levels""}"
2026-05-18T14:07:30.817560+00:00,facilitator_call,conjoint_policy_experiment_20260518T134252Z_bdod6b,conjoint_policy_experiment_20260518T134252Z_bdod6b_s1,conjoint_policy_experiment_20260518T134252Z_bdod6b_s1_conjoint_r4_g2,conjoint_policy_experiment_20260518T134252Z_bdod6b_2,"{""prompt_type"": ""FACILITATOR"", ""prompt_name"": ""profile_a_education_spending"", ""module"": ""conjoint"", ""round"": 4, ""rendered_prompt"": ""Without providing any explanation, sample at random from [\""Double public school funding\"", \""Maintain current levels\"", \""Shift to voucher system\""]."", ""response"": ""Maintain current levels""}"
2026-05-18T14:07:34.709181+00:00,facilitator_call,conjoint_policy_experiment_20260518T134252Z_bdod6b,conjoint_policy_experiment_20260518T134252Z_bdod6b_s1,conjoint_policy_experiment_20260518T134252Z_bdod6b_s1_conjoint_r4_g2,conjoint_policy_experiment_20260518T134252Z_bdod6b_2,"{""prompt_type"": ""FACILITATOR"", ""prompt_name"": ""profile_a_immigration_policy"", ""module"": ""conjoint"", ""round"": 4, ""rendered_prompt"": ""Without providing any explanation, sample at random from [\""Open borders\"", \""Points-based system\"", \""Reduce by 50%\""]."", ""response"": ""Open borders""}"
2026-05-18T14:07:38.601434+00:00,facilitator_call,conjoint_policy_experiment_20260518T134252Z_bdod6b,conjoint_policy_experiment_20260518T134252Z_bdod6b_s1,conjoint_policy_experiment_20260518T134252Z_bdod6b_s1_conjoint_r4_g2,conjoint_policy_experiment_20260518T134252Z_bdod6b_2,"{""prompt_type"": ""FACILITATOR"", ""prompt_name"": ""profile_a_climate_policy"", ""module"": ""conjoint"", ""round"": 4, ""rendered_prompt"": ""Without providing any explanation, sample at random from [\""Carbon tax ($50/ton)\"", \""Green subsidies only\"", \""No new regulations\""]."", ""response"": ""Carbon tax ($50/ton)""}"
2026-05-18T14:07:42.083606+00:00,facilitator_call,conjoint_policy_experiment_20260518T134252Z_bdod6b,conjoint_policy_experiment_20260518T134252Z_bdod6b_s1,conjoint_policy_experiment_20260518T134252Z_bdod6b_s1_conjoint_r4_g2,conjoint_policy_experiment_20260518T134252Z_bdod6b_2,"{""prompt_type"": ""FACILITATOR"", ""prompt_name"": ""profile_b_tax_rate"", ""module"": ""conjoint"", ""round"": 4, ""rendered_prompt"": ""Without providing any explanation, sample at random from [\""10% flat tax\"", \""Progressive (15-35%)\"", \""Current rates maintained\""]."", ""response"": ""Progressive (15-35%)""}"
2026-05-18T14:07:44.954185+00:00,facilitator_call,conjoint_policy_experiment_20260518T134252Z_bdod6b,conjoint_policy_experiment_20260518T134252Z_bdod6b_s1,conjoint_policy_experiment_20260518T134252Z_bdod6b_s1_conjoint_r4_g2,conjoint_policy_experiment_20260518T134252Z_bdod6b_2,"{""prompt_type"": ""FACILITATOR"", ""prompt_name"": ""profile_b_healthcare_spending"", ""module"": ""conjoint"", ""round"": 4, ""rendered_prompt"": ""Without providing any explanation, sample at random from [\""Increase by 20%\"", \""Maintain current levels\"", \""Decrease by 15%\""]."", ""response"": ""Maintain current levels""}"
2026-05-18T14:07:48.527565+00:00,facilitator_call,conjoint_policy_experiment_20260518T134252Z_bdod6b,conjoint_policy_experiment_20260518T134252Z_bdod6b_s1,conjoint_policy_experiment_20260518T134252Z_bdod6b_s1_conjoint_r4_g2,conjoint_policy_experiment_20260518T134252Z_bdod6b_2,"{""prompt_type"": ""FACILITATOR"", ""prompt_name"": ""profile_b_education_spending"", ""module"": ""conjoint"", ""round"": 4, ""rendered_prompt"": ""Without providing any explanation, sample at random from [\""Double public school funding\"", \""Maintain current levels\"", \""Shift to voucher system\""]."", ""response"": ""Maintain current levels""}"
2026-05-18T14:07:51.209734+00:00,facilitator_call,conjoint_policy_experiment_20260518T134252Z_bdod6b,conjoint_policy_experiment_20260518T134252Z_bdod6b_s1,conjoint_policy_experiment_20260518T134252Z_bdod6b_s1_conjoint_r4_g2,conjoint_policy_experiment_20260518T134252Z_bdod6b_2,"{""prompt_type"": ""FACILITATOR"", ""prompt_name"": ""profile_b_immigration_policy"", ""module"": ""conjoint"", ""round"": 4, ""rendered_prompt"": ""Without providing any explanation, sample at random from [\""Open borders\"", \""Points-based system\"", \""Reduce by 50%\""]."", ""response"": ""Reduce by 50%""}"
2026-05-18T14:07:54.414096+00:00,facilitator_call,conjoint_policy_experiment_20260518T134252Z_bdod6b,conjoint_policy_experiment_20260518T134252Z_bdod6b_s1,conjoint_policy_experiment_20260518T134252Z_bdod6b_s1_conjoint_r4_g2,conjoint_policy_experiment_20260518T134252Z_bdod6b_2,"{""prompt_type"": ""FACILITATOR"", ""prompt_name"": ""profile_b_climate_policy"", ""module"": ""conjoint"", ""round"": 4, ""rendered_prompt"": ""Without providing any explanation, sample at random from [\""Carbon tax ($50/ton)\"", \""Green subsidies only\"", \""No new regulations\""]."", ""response"": ""Green subsidies only""}"
2026-05-18T14:08:20.790162+00:00,facilitator_call,conjoint_policy_experiment_20260518T134252Z_bdod6b,conjoint_policy_experiment_20260518T134252Z_bdod6b_s1,conjoint_policy_experiment_20260518T134252Z_bdod6b_s1_conjoint_r4_g3,conjoint_policy_experiment_20260518T134252Z_bdod6b_3,"{""prompt_type"": ""FACILITATOR"", ""prompt_name"": ""profile_a_tax_rate"", ""module"": ""conjoint"", ""round"": 4, ""rendered_prompt"": ""Without providing any explanation, sample at random from [\""10% flat tax\"", \""Progressive (15-35%)\"", \""Current rates maintained\""]."", ""response"": ""Progressive (15-35%)""}"
2026-05-18T14:08:23.194898+00:00,facilitator_call,conjoint_policy_experiment_20260518T134252Z_bdod6b,conjoint_policy_experiment_20260518T134252Z_bdod6b_s1,conjoint_policy_experiment_20260518T134252Z_bdod6b_s1_conjoint_r4_g3,conjoint_policy_experiment_20260518T134252Z_bdod6b_3,"{""prompt_type"": ""FACILITATOR"", ""prompt_name"": ""profile_a_healthcare_spending"", ""module"": ""conjoint"", ""round"": 4, ""rendered_prompt"": ""Without providing any explanation, sample at random from [\""Increase by 20%\"", \""Maintain current levels\"", \""Decrease by 15%\""]."", ""response"": ""Decrease by 15%""}"
2026-05-18T14:08:26.829350+00:00,facilitator_call,conjoint_policy_experiment_20260518T134252Z_bdod6b,conjoint_policy_experiment_20260518T134252Z_bdod6b_s1,conjoint_policy_experiment_20260518T134252Z_bdod6b_s1_conjoint_r4_g3,conjoint_policy_experiment_20260518T134252Z_bdod6b_3,"{""prompt_type"": ""FACILITATOR"", ""prompt_name"": ""profile_a_education_spending"", ""module"": ""conjoint"", ""round"": 4, ""rendered_prompt"": ""Without providing any explanation, sample at random from [\""Double public school funding\"", \""Maintain current levels\"", \""Shift to voucher system\""]."", ""response"": ""Shift to voucher system""}"
2026-05-18T14:08:29.071216+00:00,facilitator_call,conjoint_policy_experiment_20260518T134252Z_bdod6b,conjoint_policy_experiment_20260518T134252Z_bdod6b_s1,conjoint_policy_experiment_20260518T134252Z_bdod6b_s1_conjoint_r4_g3,conjoint_policy_experiment_20260518T134252Z_bdod6b_3,"{""prompt_type"": ""FACILITATOR"", ""prompt_name"": ""profile_a_immigration_policy"", ""module"": ""conjoint"", ""round"": 4, ""rendered_prompt"": ""Without providing any explanation, sample at random from [\""Open borders\"", \""Points-based system\"", \""Reduce by 50%\""]."", ""response"": ""Points-based system""}"
2026-05-18T14:08:31.538583+00:00,facilitator_call,conjoint_policy_experiment_20260518T134252Z_bdod6b,conjoint_policy_experiment_20260518T134252Z_bdod6b_s1,conjoint_policy_experiment_20260518T134252Z_bdod6b_s1_conjoint_r4_g3,conjoint_policy_experiment_20260518T134252Z_bdod6b_3,"{""prompt_type"": ""FACILITATOR"", ""prompt_name"": ""profile_a_climate_policy"", ""module"": ""conjoint"", ""round"": 4, ""rendered_prompt"": ""Without providing any explanation, sample at random from [\""Carbon tax ($50/ton)\"", \""Green subsidies only\"", \""No new regulations\""]."", ""response"": ""Green subsidies only""}"
2026-05-18T14:08:34.613909+00:00,facilitator_call,conjoint_policy_experiment_20260518T134252Z_bdod6b,conjoint_policy_experiment_20260518T134252Z_bdod6b_s1,conjoint_policy_experiment_20260518T134252Z_bdod6b_s1_conjoint_r4_g3,conjoint_policy_experiment_20260518T134252Z_bdod6b_3,"{""prompt_type"": ""FACILITATOR"", ""prompt_name"": ""profile_b_tax_rate"", ""module"": ""conjoint"", ""round"": 4, ""rendered_prompt"": ""Without providing any explanation, sample at random from [\""10% flat tax\"", \""Progressive (15-35%)\"", \""Current rates maintained\""]."", ""response"": ""Progressive (15-35%)""}"
2026-05-18T14:08:37.583309+00:00,facilitator_call,conjoint_policy_experiment_20260518T134252Z_bdod6b,conjoint_policy_experiment_20260518T134252Z_bdod6b_s1,conjoint_policy_experiment_20260518T134252Z_bdod6b_s1_conjoint_r4_g3,conjoint_policy_experiment_20260518T134252Z_bdod6b_3,"{""prompt_type"": ""FACILITATOR"", ""prompt_name"": ""profile_b_healthcare_spending"", ""module"": ""conjoint"", ""round"": 4, ""rendered_prompt"": ""Without providing any explanation, sample at random from [\""Increase by 20%\"", \""Maintain current levels\"", \""Decrease by 15%\""]."", ""response"": ""Maintain current levels""}"
2026-05-18T14:08:40.163754+00:00,facilitator_call,conjoint_policy_experiment_20260518T134252Z_bdod6b,conjoint_policy_experiment_20260518T134252Z_bdod6b_s1,conjoint_policy_experiment_20260518T134252Z_bdod6b_s1_conjoint_r4_g3,conjoint_policy_experiment_20260518T134252Z_bdod6b_3,"{""prompt_type"": ""FACILITATOR"", ""prompt_name"": ""profile_b_education_spending"", ""module"": ""conjoint"", ""round"": 4, ""rendered_prompt"": ""Without providing any explanation, sample at random from [\""Double public school funding\"", \""Maintain current levels\"", \""Shift to voucher system\""]."", ""response"": ""Shift to voucher system""}"
2026-05-18T14:08:43.859633+00:00,facilitator_call,conjoint_policy_experiment_20260518T134252Z_bdod6b,conjoint_policy_experiment_20260518T134252Z_bdod6b_s1,conjoint_policy_experiment_20260518T134252Z_bdod6b_s1_conjoint_r4_g3,conjoint_policy_experiment_20260518T134252Z_bdod6b_3,"{""prompt_type"": ""FACILITATOR"", ""prompt_name"": ""profile_b_immigration_policy"", ""module"": ""conjoint"", ""round"": 4, ""rendered_prompt"": ""Without providing any explanation, sample at random from [\""Open borders\"", \""Points-based system\"", \""Reduce by 50%\""]."", ""response"": ""Points-based system""}"
2026-05-18T14:08:46.794497+00:00,facilitator_call,conjoint_policy_experiment_20260518T134252Z_bdod6b,conjoint_policy_experiment_20260518T134252Z_bdod6b_s1,conjoint_policy_experiment_20260518T134252Z_bdod6b_s1_conjoint_r4_g3,conjoint_policy_experiment_20260518T134252Z_bdod6b_3,"{""prompt_type"": ""FACILITATOR"", ""prompt_name"": ""profile_b_climate_policy"", ""module"": ""conjoint"", ""round"": 4, ""rendered_prompt"": ""Without providing any explanation, sample at random from [\""Carbon tax ($50/ton)\"", \""Green subsidies only\"", \""No new regulations\""]."", ""response"": ""No new regulations""}"
2026-05-18T14:09:05.957208+00:00,facilitator_call,conjoint_policy_experiment_20260518T134252Z_bdod6b,conjoint_policy_experiment_20260518T134252Z_bdod6b_s1,conjoint_policy_experiment_20260518T134252Z_bdod6b_s1_conjoint_r4_g4,conjoint_policy_experiment_20260518T134252Z_bdod6b_4,"{""prompt_type"": ""FACILITATOR"", ""prompt_name"": ""profile_a_tax_rate"", ""module"": ""conjoint"", ""round"": 4, ""rendered_prompt"": ""Without providing any explanation, sample at random from [\""10% flat tax\"", \""Progressive (15-35%)\"", \""Current rates maintained\""]."", ""response"": ""Progressive (15-35%)""}"
2026-05-18T14:09:09.721111+00:00,facilitator_call,conjoint_policy_experiment_20260518T134252Z_bdod6b,conjoint_policy_experiment_20260518T134252Z_bdod6b_s1,conjoint_policy_experiment_20260518T134252Z_bdod6b_s1_conjoint_r4_g4,conjoint_policy_experiment_20260518T134252Z_bdod6b_4,"{""prompt_type"": ""FACILITATOR"", ""prompt_name"": ""profile_a_healthcare_spending"", ""module"": ""conjoint"", ""round"": 4, ""rendered_prompt"": ""Without providing any explanation, sample at random from [\""Increase by 20%\"", \""Maintain current levels\"", \""Decrease by 15%\""]."", ""response"": ""Maintain current levels""}"
2026-05-18T14:09:13.002388+00:00,facilitator_call,conjoint_policy_experiment_20260518T134252Z_bdod6b,conjoint_policy_experiment_20260518T134252Z_bdod6b_s1,conjoint_policy_experiment_20260518T134252Z_bdod6b_s1_conjoint_r4_g4,conjoint_policy_experiment_20260518T134252Z_bdod6b_4,"{""prompt_type"": ""FACILITATOR"", ""prompt_name"": ""profile_a_education_spending"", ""module"": ""conjoint"", ""round"": 4, ""rendered_prompt"": ""Without providing any explanation, sample at random from [\""Double public school funding\"", \""Maintain current levels\"", \""Shift to voucher system\""]."", ""response"": ""Shift to voucher system""}"
2026-05-18T14:09:17.222717+00:00,facilitator_call,conjoint_policy_experiment_20260518T134252Z_bdod6b,conjoint_policy_experiment_20260518T134252Z_bdod6b_s1,conjoint_policy_experiment_20260518T134252Z_bdod6b_s1_conjoint_r4_g4,conjoint_policy_experiment_20260518T134252Z_bdod6b_4,"{""prompt_type"": ""FACILITATOR"", ""prompt_name"": ""profile_a_immigration_policy"", ""module"": ""conjoint"", ""round"": 4, ""rendered_prompt"": ""Without providing any explanation, sample at random from [\""Open borders\"", \""Points-based system\"", \""Reduce by 50%\""]."", ""response"": ""Points-based system""}"
2026-05-18T14:09:19.875105+00:00,facilitator_call,conjoint_policy_experiment_20260518T134252Z_bdod6b,conjoint_policy_experiment_20260518T134252Z_bdod6b_s1,conjoint_policy_experiment_20260518T134252Z_bdod6b_s1_conjoint_r4_g4,conjoint_policy_experiment_20260518T134252Z_bdod6b_4,"{""prompt_type"": ""FACILITATOR"", ""prompt_name"": ""profile_a_climate_policy"", ""module"": ""conjoint"", ""round"": 4, ""rendered_prompt"": ""Without providing any explanation, sample at random from [\""Carbon tax ($50/ton)\"", \""Green subsidies only\"", \""No new regulations\""]."", ""response"": ""No new regulations""}"
2026-05-18T14:09:22.438836+00:00,facilitator_call,conjoint_policy_experiment_20260518T134252Z_bdod6b,conjoint_policy_experiment_20260518T134252Z_bdod6b_s1,conjoint_policy_experiment_20260518T134252Z_bdod6b_s1_conjoint_r4_g4,conjoint_policy_experiment_20260518T134252Z_bdod6b_4,"{""prompt_type"": ""FACILITATOR"", ""prompt_name"": ""profile_b_tax_rate"", ""module"": ""conjoint"", ""round"": 4, ""rendered_prompt"": ""Without providing any explanation, sample at random from [\""10% flat tax\"", \""Progressive (15-35%)\"", \""Current rates maintained\""]."", ""response"": ""10% flat tax""}"
2026-05-18T14:09:25.044723+00:00,facilitator_call,conjoint_policy_experiment_20260518T134252Z_bdod6b,conjoint_policy_experiment_20260518T134252Z_bdod6b_s1,conjoint_policy_experiment_20260518T134252Z_bdod6b_s1_conjoint_r4_g4,conjoint_policy_experiment_20260518T134252Z_bdod6b_4,"{""prompt_type"": ""FACILITATOR"", ""prompt_name"": ""profile_b_healthcare_spending"", ""module"": ""conjoint"", ""round"": 4, ""rendered_prompt"": ""Without providing any explanation, sample at random from [\""Increase by 20%\"", \""Maintain current levels\"", \""Decrease by 15%\""]."", ""response"": ""Maintain current levels""}"
2026-05-18T14:09:27.668379+00:00,facilitator_call,conjoint_policy_experiment_20260518T134252Z_bdod6b,conjoint_policy_experiment_20260518T134252Z_bdod6b_s1,conjoint_policy_experiment_20260518T134252Z_bdod6b_s1_conjoint_r4_g4,conjoint_policy_experiment_20260518T134252Z_bdod6b_4,"{""prompt_type"": ""FACILITATOR"", ""prompt_name"": ""profile_b_education_spending"", ""module"": ""conjoint"", ""round"": 4, ""rendered_prompt"": ""Without providing any explanation, sample at random from [\""Double public school funding\"", \""Maintain current levels\"", \""Shift to voucher system\""]."", ""response"": ""Shift to voucher system""}"
2026-05-18T14:09:31.154133+00:00,facilitator_call,conjoint_policy_experiment_20260518T134252Z_bdod6b,conjoint_policy_experiment_20260518T134252Z_bdod6b_s1,conjoint_policy_experiment_20260518T134252Z_bdod6b_s1_conjoint_r4_g4,conjoint_policy_experiment_20260518T134252Z_bdod6b_4,"{""prompt_type"": ""FACILITATOR"", ""prompt_name"": ""profile_b_immigration_policy"", ""module"": ""conjoint"", ""round"": 4, ""rendered_prompt"": ""Without providing any explanation, sample at random from [\""Open borders\"", \""Points-based system\"", \""Reduce by 50%\""]."", ""response"": ""Points-based system""}"
2026-05-18T14:09:34.007655+00:00,facilitator_call,conjoint_policy_experiment_20260518T134252Z_bdod6b,conjoint_policy_experiment_20260518T134252Z_bdod6b_s1,conjoint_policy_experiment_20260518T134252Z_bdod6b_s1_conjoint_r4_g4,conjoint_policy_experiment_20260518T134252Z_bdod6b_4,"{""prompt_type"": ""FACILITATOR"", ""prompt_name"": ""profile_b_climate_policy"", ""module"": ""conjoint"", ""round"": 4, ""rendered_prompt"": ""Without providing any explanation, sample at random from [\""Carbon tax ($50/ton)\"", \""Green subsidies only\"", \""No new regulations\""]."", ""response"": ""Green subsidies only""}"
2026-05-18T14:09:52.204927+00:00,facilitator_call,conjoint_policy_experiment_20260518T134252Z_bdod6b,conjoint_policy_experiment_20260518T134252Z_bdod6b_s1,conjoint_policy_experiment_20260518T134252Z_bdod6b_s1_conjoint_r4_g5,conjoint_policy_experiment_20260518T134252Z_bdod6b_5,"{""prompt_type"": ""FACILITATOR"", ""prompt_name"": ""profile_a_tax_rate"", ""module"": ""conjoint"", ""round"": 4, ""rendered_prompt"": ""Without providing any explanation, sample at random from [\""10% flat tax\"", \""Progressive (15-35%)\"", \""Current rates maintained\""]."", ""response"": ""Progressive (15-35%)""}"
2026-05-18T14:09:55.408300+00:00,facilitator_call,conjoint_policy_experiment_20260518T134252Z_bdod6b,conjoint_policy_experiment_20260518T134252Z_bdod6b_s1,conjoint_policy_experiment_20260518T134252Z_bdod6b_s1_conjoint_r4_g5,conjoint_policy_experiment_20260518T134252Z_bdod6b_5,"{""prompt_type"": ""FACILITATOR"", ""prompt_name"": ""profile_a_healthcare_spending"", ""module"": ""conjoint"", ""round"": 4, ""rendered_prompt"": ""Without providing any explanation, sample at random from [\""Increase by 20%\"", \""Maintain current levels\"", \""Decrease by 15%\""]."", ""response"": ""Decrease by 15%""}"
2026-05-18T14:09:58.498234+00:00,facilitator_call,conjoint_policy_experiment_20260518T134252Z_bdod6b,conjoint_policy_experiment_20260518T134252Z_bdod6b_s1,conjoint_policy_experiment_20260518T134252Z_bdod6b_s1_conjoint_r4_g5,conjoint_policy_experiment_20260518T134252Z_bdod6b_5,"{""prompt_type"": ""FACILITATOR"", ""prompt_name"": ""profile_a_education_spending"", ""module"": ""conjoint"", ""round"": 4, ""rendered_prompt"": ""Without providing any explanation, sample at random from [\""Double public school funding\"", \""Maintain current levels\"", \""Shift to voucher system\""]."", ""response"": ""Shift to voucher system""}"
2026-05-18T14:10:02.583084+00:00,facilitator_call,conjoint_policy_experiment_20260518T134252Z_bdod6b,conjoint_policy_experiment_20260518T134252Z_bdod6b_s1,conjoint_policy_experiment_20260518T134252Z_bdod6b_s1_conjoint_r4_g5,conjoint_policy_experiment_20260518T134252Z_bdod6b_5,"{""prompt_type"": ""FACILITATOR"", ""prompt_name"": ""profile_a_immigration_policy"", ""module"": ""conjoint"", ""round"": 4, ""rendered_prompt"": ""Without providing any explanation, sample at random from [\""Open borders\"", \""Points-based system\"", \""Reduce by 50%\""]."", ""response"": ""Points-based system""}"
2026-05-18T14:10:05.310965+00:00,facilitator_call,conjoint_policy_experiment_20260518T134252Z_bdod6b,conjoint_policy_experiment_20260518T134252Z_bdod6b_s1,conjoint_policy_experiment_20260518T134252Z_bdod6b_s1_conjoint_r4_g5,conjoint_policy_experiment_20260518T134252Z_bdod6b_5,"{""prompt_type"": ""FACILITATOR"", ""prompt_name"": ""profile_a_climate_policy"", ""module"": ""conjoint"", ""round"": 4, ""rendered_prompt"": ""Without providing any explanation, sample at random from [\""Carbon tax ($50/ton)\"", \""Green subsidies only\"", \""No new regulations\""]."", ""response"": ""Carbon tax ($50/ton)""}"
2026-05-18T14:10:09.164096+00:00,facilitator_call,conjoint_policy_experiment_20260518T134252Z_bdod6b,conjoint_policy_experiment_20260518T134252Z_bdod6b_s1,conjoint_policy_experiment_20260518T134252Z_bdod6b_s1_conjoint_r4_g5,conjoint_policy_experiment_20260518T134252Z_bdod6b_5,"{""prompt_type"": ""FACILITATOR"", ""prompt_name"": ""profile_b_tax_rate"", ""module"": ""conjoint"", ""round"": 4, ""rendered_prompt"": ""Without providing any explanation, sample at random from [\""10% flat tax\"", \""Progressive (15-35%)\"", \""Current rates maintained\""]."", ""response"": ""Current rates maintained""}"
2026-05-18T14:10:12.551056+00:00,facilitator_call,conjoint_policy_experiment_20260518T134252Z_bdod6b,conjoint_policy_experiment_20260518T134252Z_bdod6b_s1,conjoint_policy_experiment_20260518T134252Z_bdod6b_s1_conjoint_r4_g5,conjoint_policy_experiment_20260518T134252Z_bdod6b_5,"{""prompt_type"": ""FACILITATOR"", ""prompt_name"": ""profile_b_healthcare_spending"", ""module"": ""conjoint"", ""round"": 4, ""rendered_prompt"": ""Without providing any explanation, sample at random from [\""Increase by 20%\"", \""Maintain current levels\"", \""Decrease by 15%\""]."", ""response"": ""Increase by 20%""}"
2026-05-18T14:10:15.398429+00:00,facilitator_call,conjoint_policy_experiment_20260518T134252Z_bdod6b,conjoint_policy_experiment_20260518T134252Z_bdod6b_s1,conjoint_policy_experiment_20260518T134252Z_bdod6b_s1_conjoint_r4_g5,conjoint_policy_experiment_20260518T134252Z_bdod6b_5,"{""prompt_type"": ""FACILITATOR"", ""prompt_name"": ""profile_b_education_spending"", ""module"": ""conjoint"", ""round"": 4, ""rendered_prompt"": ""Without providing any explanation, sample at random from [\""Double public school funding\"", \""Maintain current levels\"", \""Shift to voucher system\""]."", ""response"": ""Shift to voucher system""}"
2026-05-18T14:10:20.176980+00:00,facilitator_call,conjoint_policy_experiment_20260518T134252Z_bdod6b,conjoint_policy_experiment_20260518T134252Z_bdod6b_s1,conjoint_policy_experiment_20260518T134252Z_bdod6b_s1_conjoint_r4_g5,conjoint_policy_experiment_20260518T134252Z_bdod6b_5,"{""prompt_type"": ""FACILITATOR"", ""prompt_name"": ""profile_b_immigration_policy"", ""module"": ""conjoint"", ""round"": 4, ""rendered_prompt"": ""Without providing any explanation, sample at random from [\""Open borders\"", \""Points-based system\"", \""Reduce by 50%\""]."", ""response"": ""Points-based system""}"
2026-05-18T14:10:24.598054+00:00,facilitator_call,conjoint_policy_experiment_20260518T134252Z_bdod6b,conjoint_policy_experiment_20260518T134252Z_bdod6b_s1,conjoint_policy_experiment_20260518T134252Z_bdod6b_s1_conjoint_r4_g5,conjoint_policy_experiment_20260518T134252Z_bdod6b_5,"{""prompt_type"": ""FACILITATOR"", ""prompt_name"": ""profile_b_climate_policy"", ""module"": ""conjoint"", ""round"": 4, ""rendered_prompt"": ""Without providing any explanation, sample at random from [\""Carbon tax ($50/ton)\"", \""Green subsidies only\"", \""No new regulations\""]."", ""response"": ""Green subsidies only""}"
2026-05-18T14:10:42.827403+00:00,facilitator_call,conjoint_policy_experiment_20260518T134252Z_bdod6b,conjoint_policy_experiment_20260518T134252Z_bdod6b_s1,conjoint_policy_experiment_20260518T134252Z_bdod6b_s1_conjoint_r4_g6,conjoint_policy_experiment_20260518T134252Z_bdod6b_6,"{""prompt_type"": ""FACILITATOR"", ""prompt_name"": ""profile_a_tax_rate"", ""module"": ""conjoint"", ""round"": 4, ""rendered_prompt"": ""Without providing any explanation, sample at random from [\""10% flat tax\"", \""Progressive (15-35%)\"", \""Current rates maintained\""]."", ""response"": ""Current rates maintained""}"
2026-05-18T14:10:46.097841+00:00,facilitator_call,conjoint_policy_experiment_20260518T134252Z_bdod6b,conjoint_policy_experiment_20260518T134252Z_bdod6b_s1,conjoint_policy_experiment_20260518T134252Z_bdod6b_s1_conjoint_r4_g6,conjoint_policy_experiment_20260518T134252Z_bdod6b_6,"{""prompt_type"": ""FACILITATOR"", ""prompt_name"": ""profile_a_healthcare_spending"", ""module"": ""conjoint"", ""round"": 4, ""rendered_prompt"": ""Without providing any explanation, sample at random from [\""Increase by 20%\"", \""Maintain current levels\"", \""Decrease by 15%\""]."", ""response"": ""Maintain current levels""}"
2026-05-18T14:10:49.902356+00:00,facilitator_call,conjoint_policy_experiment_20260518T134252Z_bdod6b,conjoint_policy_experiment_20260518T134252Z_bdod6b_s1,conjoint_policy_experiment_20260518T134252Z_bdod6b_s1_conjoint_r4_g6,conjoint_policy_experiment_20260518T134252Z_bdod6b_6,"{""prompt_type"": ""FACILITATOR"", ""prompt_name"": ""profile_a_education_spending"", ""module"": ""conjoint"", ""round"": 4, ""rendered_prompt"": ""Without providing any explanation, sample at random from [\""Double public school funding\"", \""Maintain current levels\"", \""Shift to voucher system\""]."", ""response"": ""Shift to voucher system""}"
2026-05-18T14:10:53.880215+00:00,facilitator_call,conjoint_policy_experiment_20260518T134252Z_bdod6b,conjoint_policy_experiment_20260518T134252Z_bdod6b_s1,conjoint_policy_experiment_20260518T134252Z_bdod6b_s1_conjoint_r4_g6,conjoint_policy_experiment_20260518T134252Z_bdod6b_6,"{""prompt_type"": ""FACILITATOR"", ""prompt_name"": ""profile_a_immigration_policy"", ""module"": ""conjoint"", ""round"": 4, ""rendered_prompt"": ""Without providing any explanation, sample at random from [\""Open borders\"", \""Points-based system\"", \""Reduce by 50%\""]."", ""response"": ""Points-based system""}"
2026-05-18T14:10:55.897729+00:00,facilitator_call,conjoint_policy_experiment_20260518T134252Z_bdod6b,conjoint_policy_experiment_20260518T134252Z_bdod6b_s1,conjoint_policy_experiment_20260518T134252Z_bdod6b_s1_conjoint_r4_g6,conjoint_policy_experiment_20260518T134252Z_bdod6b_6,"{""prompt_type"": ""FACILITATOR"", ""prompt_name"": ""profile_a_climate_policy"", ""module"": ""conjoint"", ""round"": 4, ""rendered_prompt"": ""Without providing any explanation, sample at random from [\""Carbon tax ($50/ton)\"", \""Green subsidies only\"", \""No new regulations\""]."", ""response"": ""Green subsidies only""}"
2026-05-18T14:10:58.896648+00:00,facilitator_call,conjoint_policy_experiment_20260518T134252Z_bdod6b,conjoint_policy_experiment_20260518T134252Z_bdod6b_s1,conjoint_policy_experiment_20260518T134252Z_bdod6b_s1_conjoint_r4_g6,conjoint_policy_experiment_20260518T134252Z_bdod6b_6,"{""prompt_type"": ""FACILITATOR"", ""prompt_name"": ""profile_b_tax_rate"", ""module"": ""conjoint"", ""round"": 4, ""rendered_prompt"": ""Without providing any explanation, sample at random from [\""10% flat tax\"", \""Progressive (15-35%)\"", \""Current rates maintained\""]."", ""response"": ""Progressive (15-35%)""}"
2026-05-18T14:11:01.561857+00:00,facilitator_call,conjoint_policy_experiment_20260518T134252Z_bdod6b,conjoint_policy_experiment_20260518T134252Z_bdod6b_s1,conjoint_policy_experiment_20260518T134252Z_bdod6b_s1_conjoint_r4_g6,conjoint_policy_experiment_20260518T134252Z_bdod6b_6,"{""prompt_type"": ""FACILITATOR"", ""prompt_name"": ""profile_b_healthcare_spending"", ""module"": ""conjoint"", ""round"": 4, ""rendered_prompt"": ""Without providing any explanation, sample at random from [\""Increase by 20%\"", \""Maintain current levels\"", \""Decrease by 15%\""]."", ""response"": ""Maintain current levels""}"
2026-05-18T14:11:05.960183+00:00,facilitator_call,conjoint_policy_experiment_20260518T134252Z_bdod6b,conjoint_policy_experiment_20260518T134252Z_bdod6b_s1,conjoint_policy_experiment_20260518T134252Z_bdod6b_s1_conjoint_r4_g6,conjoint_policy_experiment_20260518T134252Z_bdod6b_6,"{""prompt_type"": ""FACILITATOR"", ""prompt_name"": ""profile_b_education_spending"", ""module"": ""conjoint"", ""round"": 4, ""rendered_prompt"": ""Without providing any explanation, sample at random from [\""Double public school funding\"", \""Maintain current levels\"", \""Shift to voucher system\""]."", ""response"": ""Shift to voucher system""}"
2026-05-18T14:11:09.648546+00:00,facilitator_call,conjoint_policy_experiment_20260518T134252Z_bdod6b,conjoint_policy_experiment_20260518T134252Z_bdod6b_s1,conjoint_policy_experiment_20260518T134252Z_bdod6b_s1_conjoint_r4_g6,conjoint_policy_experiment_20260518T134252Z_bdod6b_6,"{""prompt_type"": ""FACILITATOR"", ""prompt_name"": ""profile_b_immigration_policy"", ""module"": ""conjoint"", ""round"": 4, ""rendered_prompt"": ""Without providing any explanation, sample at random from [\""Open borders\"", \""Points-based system\"", \""Reduce by 50%\""]."", ""response"": ""Points-based system""}"
2026-05-18T14:11:11.649879+00:00,facilitator_call,conjoint_policy_experiment_20260518T134252Z_bdod6b,conjoint_policy_experiment_20260518T134252Z_bdod6b_s1,conjoint_policy_experiment_20260518T134252Z_bdod6b_s1_conjoint_r4_g6,conjoint_policy_experiment_20260518T134252Z_bdod6b_6,"{""prompt_type"": ""FACILITATOR"", ""prompt_name"": ""profile_b_climate_policy"", ""module"": ""conjoint"", ""round"": 4, ""rendered_prompt"": ""Without providing any explanation, sample at random from [\""Carbon tax ($50/ton)\"", \""Green subsidies only\"", \""No new regulations\""]."", ""response"": ""Green subsidies only""}"
2026-05-18T14:11:31.048617+00:00,facilitator_call,conjoint_policy_experiment_20260518T134252Z_bdod6b,conjoint_policy_experiment_20260518T134252Z_bdod6b_s1,conjoint_policy_experiment_20260518T134252Z_bdod6b_s1_conjoint_r4_g7,conjoint_policy_experiment_20260518T134252Z_bdod6b_7,"{""prompt_type"": ""FACILITATOR"", ""prompt_name"": ""profile_a_tax_rate"", ""module"": ""conjoint"", ""round"": 4, ""rendered_prompt"": ""Without providing any explanation, sample at random from [\""10% flat tax\"", \""Progressive (15-35%)\"", \""Current rates maintained\""]."", ""response"": ""Current rates maintained""}"
2026-05-18T14:11:34.223546+00:00,facilitator_call,conjoint_policy_experiment_20260518T134252Z_bdod6b,conjoint_policy_experiment_20260518T134252Z_bdod6b_s1,conjoint_policy_experiment_20260518T134252Z_bdod6b_s1_conjoint_r4_g7,conjoint_policy_experiment_20260518T134252Z_bdod6b_7,"{""prompt_type"": ""FACILITATOR"", ""prompt_name"": ""profile_a_healthcare_spending"", ""module"": ""conjoint"", ""round"": 4, ""rendered_prompt"": ""Without providing any explanation, sample at random from [\""Increase by 20%\"", \""Maintain current levels\"", \""Decrease by 15%\""]."", ""response"": ""Decrease by 15%""}"
2026-05-18T14:11:39.241649+00:00,facilitator_call,conjoint_policy_experiment_20260518T134252Z_bdod6b,conjoint_policy_experiment_20260518T134252Z_bdod6b_s1,conjoint_policy_experiment_20260518T134252Z_bdod6b_s1_conjoint_r4_g7,conjoint_policy_experiment_20260518T134252Z_bdod6b_7,"{""prompt_type"": ""FACILITATOR"", ""prompt_name"": ""profile_a_education_spending"", ""module"": ""conjoint"", ""round"": 4, ""rendered_prompt"": ""Without providing any explanation, sample at random from [\""Double public school funding\"", \""Maintain current levels\"", \""Shift to voucher system\""]."", ""response"": ""Maintain current levels""}"
2026-05-18T14:11:42.310158+00:00,facilitator_call,conjoint_policy_experiment_20260518T134252Z_bdod6b,conjoint_policy_experiment_20260518T134252Z_bdod6b_s1,conjoint_policy_experiment_20260518T134252Z_bdod6b_s1_conjoint_r4_g7,conjoint_policy_experiment_20260518T134252Z_bdod6b_7,"{""prompt_type"": ""FACILITATOR"", ""prompt_name"": ""profile_a_immigration_policy"", ""module"": ""conjoint"", ""round"": 4, ""rendered_prompt"": ""Without providing any explanation, sample at random from [\""Open borders\"", \""Points-based system\"", \""Reduce by 50%\""]."", ""response"": ""Points-based system""}"
2026-05-18T14:11:45.695644+00:00,facilitator_call,conjoint_policy_experiment_20260518T134252Z_bdod6b,conjoint_policy_experiment_20260518T134252Z_bdod6b_s1,conjoint_policy_experiment_20260518T134252Z_bdod6b_s1_conjoint_r4_g7,conjoint_policy_experiment_20260518T134252Z_bdod6b_7,"{""prompt_type"": ""FACILITATOR"", ""prompt_name"": ""profile_a_climate_policy"", ""module"": ""conjoint"", ""round"": 4, ""rendered_prompt"": ""Without providing any explanation, sample at random from [\""Carbon tax ($50/ton)\"", \""Green subsidies only\"", \""No new regulations\""]."", ""response"": ""No new regulations""}"
2026-05-18T14:11:48.868312+00:00,facilitator_call,conjoint_policy_experiment_20260518T134252Z_bdod6b,conjoint_policy_experiment_20260518T134252Z_bdod6b_s1,conjoint_policy_experiment_20260518T134252Z_bdod6b_s1_conjoint_r4_g7,conjoint_policy_experiment_20260518T134252Z_bdod6b_7,"{""prompt_type"": ""FACILITATOR"", ""prompt_name"": ""profile_b_tax_rate"", ""module"": ""conjoint"", ""round"": 4, ""rendered_prompt"": ""Without providing any explanation, sample at random from [\""10% flat tax\"", \""Progressive (15-35%)\"", \""Current rates maintained\""]."", ""response"": ""10% flat tax""}"
2026-05-18T14:11:52.052282+00:00,facilitator_call,conjoint_policy_experiment_20260518T134252Z_bdod6b,conjoint_policy_experiment_20260518T134252Z_bdod6b_s1,conjoint_policy_experiment_20260518T134252Z_bdod6b_s1_conjoint_r4_g7,conjoint_policy_experiment_20260518T134252Z_bdod6b_7,"{""prompt_type"": ""FACILITATOR"", ""prompt_name"": ""profile_b_healthcare_spending"", ""module"": ""conjoint"", ""round"": 4, ""rendered_prompt"": ""Without providing any explanation, sample at random from [\""Increase by 20%\"", \""Maintain current levels\"", \""Decrease by 15%\""]."", ""response"": ""Decrease by 15%""}"
2026-05-18T14:11:54.408969+00:00,facilitator_call,conjoint_policy_experiment_20260518T134252Z_bdod6b,conjoint_policy_experiment_20260518T134252Z_bdod6b_s1,conjoint_policy_experiment_20260518T134252Z_bdod6b_s1_conjoint_r4_g7,conjoint_policy_experiment_20260518T134252Z_bdod6b_7,"{""prompt_type"": ""FACILITATOR"", ""prompt_name"": ""profile_b_education_spending"", ""module"": ""conjoint"", ""round"": 4, ""rendered_prompt"": ""Without providing any explanation, sample at random from [\""Double public school funding\"", \""Maintain current levels\"", \""Shift to voucher system\""]."", ""response"": ""Maintain current levels""}"
2026-05-18T14:11:57.973687+00:00,facilitator_call,conjoint_policy_experiment_20260518T134252Z_bdod6b,conjoint_policy_experiment_20260518T134252Z_bdod6b_s1,conjoint_policy_experiment_20260518T134252Z_bdod6b_s1_conjoint_r4_g7,conjoint_policy_experiment_20260518T134252Z_bdod6b_7,"{""prompt_type"": ""FACILITATOR"", ""prompt_name"": ""profile_b_immigration_policy"", ""module"": ""conjoint"", ""round"": 4, ""rendered_prompt"": ""Without providing any explanation, sample at random from [\""Open borders\"", \""Points-based system\"", \""Reduce by 50%\""]."", ""response"": ""Open borders""}"
2026-05-18T14:12:00.742319+00:00,facilitator_call,conjoint_policy_experiment_20260518T134252Z_bdod6b,conjoint_policy_experiment_20260518T134252Z_bdod6b_s1,conjoint_policy_experiment_20260518T134252Z_bdod6b_s1_conjoint_r4_g7,conjoint_policy_experiment_20260518T134252Z_bdod6b_7,"{""prompt_type"": ""FACILITATOR"", ""prompt_name"": ""profile_b_climate_policy"", ""module"": ""conjoint"", ""round"": 4, ""rendered_prompt"": ""Without providing any explanation, sample at random from [\""Carbon tax ($50/ton)\"", \""Green subsidies only\"", \""No new regulations\""]."", ""response"": ""Green subsidies only""}"
2026-05-18T14:12:20.510037+00:00,facilitator_call,conjoint_policy_experiment_20260518T134252Z_bdod6b,conjoint_policy_experiment_20260518T134252Z_bdod6b_s1,conjoint_policy_experiment_20260518T134252Z_bdod6b_s1_conjoint_r4_g8,conjoint_policy_experiment_20260518T134252Z_bdod6b_8,"{""prompt_type"": ""FACILITATOR"", ""prompt_name"": ""profile_a_tax_rate"", ""module"": ""conjoint"", ""round"": 4, ""rendered_prompt"": ""Without providing any explanation, sample at random from [\""10% flat tax\"", \""Progressive (15-35%)\"", \""Current rates maintained\""]."", ""response"": ""Progressive (15-35%)""}"
2026-05-18T14:12:25.098508+00:00,facilitator_call,conjoint_policy_experiment_20260518T134252Z_bdod6b,conjoint_policy_experiment_20260518T134252Z_bdod6b_s1,conjoint_policy_experiment_20260518T134252Z_bdod6b_s1_conjoint_r4_g8,conjoint_policy_experiment_20260518T134252Z_bdod6b_8,"{""prompt_type"": ""FACILITATOR"", ""prompt_name"": ""profile_a_healthcare_spending"", ""module"": ""conjoint"", ""round"": 4, ""rendered_prompt"": ""Without providing any explanation, sample at random from [\""Increase by 20%\"", \""Maintain current levels\"", \""Decrease by 15%\""]."", ""response"": ""Maintain current levels""}"
2026-05-18T14:12:27.984649+00:00,facilitator_call,conjoint_policy_experiment_20260518T134252Z_bdod6b,conjoint_policy_experiment_20260518T134252Z_bdod6b_s1,conjoint_policy_experiment_20260518T134252Z_bdod6b_s1_conjoint_r4_g8,conjoint_policy_experiment_20260518T134252Z_bdod6b_8,"{""prompt_type"": ""FACILITATOR"", ""prompt_name"": ""profile_a_education_spending"", ""module"": ""conjoint"", ""round"": 4, ""rendered_prompt"": ""Without providing any explanation, sample at random from [\""Double public school funding\"", \""Maintain current levels\"", \""Shift to voucher system\""]."", ""response"": ""Maintain current levels""}"
2026-05-18T14:12:30.940248+00:00,facilitator_call,conjoint_policy_experiment_20260518T134252Z_bdod6b,conjoint_policy_experiment_20260518T134252Z_bdod6b_s1,conjoint_policy_experiment_20260518T134252Z_bdod6b_s1_conjoint_r4_g8,conjoint_policy_experiment_20260518T134252Z_bdod6b_8,"{""prompt_type"": ""FACILITATOR"", ""prompt_name"": ""profile_a_immigration_policy"", ""module"": ""conjoint"", ""round"": 4, ""rendered_prompt"": ""Without providing any explanation, sample at random from [\""Open borders\"", \""Points-based system\"", \""Reduce by 50%\""]."", ""response"": ""Points-based system""}"
2026-05-18T14:12:36.067922+00:00,facilitator_call,conjoint_policy_experiment_20260518T134252Z_bdod6b,conjoint_policy_experiment_20260518T134252Z_bdod6b_s1,conjoint_policy_experiment_20260518T134252Z_bdod6b_s1_conjoint_r4_g8,conjoint_policy_experiment_20260518T134252Z_bdod6b_8,"{""prompt_type"": ""FACILITATOR"", ""prompt_name"": ""profile_a_climate_policy"", ""module"": ""conjoint"", ""round"": 4, ""rendered_prompt"": ""Without providing any explanation, sample at random from [\""Carbon tax ($50/ton)\"", \""Green subsidies only\"", \""No new regulations\""]."", ""response"": ""Carbon tax ($50/ton)""}"
2026-05-18T14:12:39.175190+00:00,facilitator_call,conjoint_policy_experiment_20260518T134252Z_bdod6b,conjoint_policy_experiment_20260518T134252Z_bdod6b_s1,conjoint_policy_experiment_20260518T134252Z_bdod6b_s1_conjoint_r4_g8,conjoint_policy_experiment_20260518T134252Z_bdod6b_8,"{""prompt_type"": ""FACILITATOR"", ""prompt_name"": ""profile_b_tax_rate"", ""module"": ""conjoint"", ""round"": 4, ""rendered_prompt"": ""Without providing any explanation, sample at random from [\""10% flat tax\"", \""Progressive (15-35%)\"", \""Current rates maintained\""]."", ""response"": ""Current rates maintained""}"
2026-05-18T14:12:42.606554+00:00,facilitator_call,conjoint_policy_experiment_20260518T134252Z_bdod6b,conjoint_policy_experiment_20260518T134252Z_bdod6b_s1,conjoint_policy_experiment_20260518T134252Z_bdod6b_s1_conjoint_r4_g8,conjoint_policy_experiment_20260518T134252Z_bdod6b_8,"{""prompt_type"": ""FACILITATOR"", ""prompt_name"": ""profile_b_healthcare_spending"", ""module"": ""conjoint"", ""round"": 4, ""rendered_prompt"": ""Without providing any explanation, sample at random from [\""Increase by 20%\"", \""Maintain current levels\"", \""Decrease by 15%\""]."", ""response"": ""Maintain current levels""}"
2026-05-18T14:12:44.880407+00:00,facilitator_call,conjoint_policy_experiment_20260518T134252Z_bdod6b,conjoint_policy_experiment_20260518T134252Z_bdod6b_s1,conjoint_policy_experiment_20260518T134252Z_bdod6b_s1_conjoint_r4_g8,conjoint_policy_experiment_20260518T134252Z_bdod6b_8,"{""prompt_type"": ""FACILITATOR"", ""prompt_name"": ""profile_b_education_spending"", ""module"": ""conjoint"", ""round"": 4, ""rendered_prompt"": ""Without providing any explanation, sample at random from [\""Double public school funding\"", \""Maintain current levels\"", \""Shift to voucher system\""]."", ""response"": ""Shift to voucher system""}"
2026-05-18T14:12:47.966309+00:00,facilitator_call,conjoint_policy_experiment_20260518T134252Z_bdod6b,conjoint_policy_experiment_20260518T134252Z_bdod6b_s1,conjoint_policy_experiment_20260518T134252Z_bdod6b_s1_conjoint_r4_g8,conjoint_policy_experiment_20260518T134252Z_bdod6b_8,"{""prompt_type"": ""FACILITATOR"", ""prompt_name"": ""profile_b_immigration_policy"", ""module"": ""conjoint"", ""round"": 4, ""rendered_prompt"": ""Without providing any explanation, sample at random from [\""Open borders\"", \""Points-based system\"", \""Reduce by 50%\""]."", ""response"": ""Points-based system""}"
2026-05-18T14:12:52.812774+00:00,facilitator_call,conjoint_policy_experiment_20260518T134252Z_bdod6b,conjoint_policy_experiment_20260518T134252Z_bdod6b_s1,conjoint_policy_experiment_20260518T134252Z_bdod6b_s1_conjoint_r4_g8,conjoint_policy_experiment_20260518T134252Z_bdod6b_8,"{""prompt_type"": ""FACILITATOR"", ""prompt_name"": ""profile_b_climate_policy"", ""module"": ""conjoint"", ""round"": 4, ""rendered_prompt"": ""Without providing any explanation, sample at random from [\""Carbon tax ($50/ton)\"", \""Green subsidies only\"", \""No new regulations\""]."", ""response"": ""No new regulations""}"
2026-05-18T14:13:17.208722+00:00,facilitator_call,conjoint_policy_experiment_20260518T134252Z_bdod6b,conjoint_policy_experiment_20260518T134252Z_bdod6b_s1,conjoint_policy_experiment_20260518T134252Z_bdod6b_s1_conjoint_r5_g1,conjoint_policy_experiment_20260518T134252Z_bdod6b_1,"{""prompt_type"": ""FACILITATOR"", ""prompt_name"": ""profile_a_tax_rate"", ""module"": ""conjoint"", ""round"": 5, ""rendered_prompt"": ""Without providing any explanation, sample at random from [\""10% flat tax\"", \""Progressive (15-35%)\"", \""Current rates maintained\""]."", ""response"": ""10% flat tax""}"
2026-05-18T14:13:20.611112+00:00,facilitator_call,conjoint_policy_experiment_20260518T134252Z_bdod6b,conjoint_policy_experiment_20260518T134252Z_bdod6b_s1,conjoint_policy_experiment_20260518T134252Z_bdod6b_s1_conjoint_r5_g1,conjoint_policy_experiment_20260518T134252Z_bdod6b_1,"{""prompt_type"": ""FACILITATOR"", ""prompt_name"": ""profile_a_healthcare_spending"", ""module"": ""conjoint"", ""round"": 5, ""rendered_prompt"": ""Without providing any explanation, sample at random from [\""Increase by 20%\"", \""Maintain current levels\"", \""Decrease by 15%\""]."", ""response"": ""Decrease by 15%""}"
2026-05-18T14:13:26.459025+00:00,facilitator_call,conjoint_policy_experiment_20260518T134252Z_bdod6b,conjoint_policy_experiment_20260518T134252Z_bdod6b_s1,conjoint_policy_experiment_20260518T134252Z_bdod6b_s1_conjoint_r5_g1,conjoint_policy_experiment_20260518T134252Z_bdod6b_1,"{""prompt_type"": ""FACILITATOR"", ""prompt_name"": ""profile_a_education_spending"", ""module"": ""conjoint"", ""round"": 5, ""rendered_prompt"": ""Without providing any explanation, sample at random from [\""Double public school funding\"", \""Maintain current levels\"", \""Shift to voucher system\""]."", ""response"": ""Maintain current levels""}"
2026-05-18T14:13:31.471253+00:00,facilitator_call,conjoint_policy_experiment_20260518T134252Z_bdod6b,conjoint_policy_experiment_20260518T134252Z_bdod6b_s1,conjoint_policy_experiment_20260518T134252Z_bdod6b_s1_conjoint_r5_g1,conjoint_policy_experiment_20260518T134252Z_bdod6b_1,"{""prompt_type"": ""FACILITATOR"", ""prompt_name"": ""profile_a_immigration_policy"", ""module"": ""conjoint"", ""round"": 5, ""rendered_prompt"": ""Without providing any explanation, sample at random from [\""Open borders\"", \""Points-based system\"", \""Reduce by 50%\""]."", ""response"": ""Points-based system""}"
2026-05-18T14:13:34.000372+00:00,facilitator_call,conjoint_policy_experiment_20260518T134252Z_bdod6b,conjoint_policy_experiment_20260518T134252Z_bdod6b_s1,conjoint_policy_experiment_20260518T134252Z_bdod6b_s1_conjoint_r5_g1,conjoint_policy_experiment_20260518T134252Z_bdod6b_1,"{""prompt_type"": ""FACILITATOR"", ""prompt_name"": ""profile_a_climate_policy"", ""module"": ""conjoint"", ""round"": 5, ""rendered_prompt"": ""Without providing any explanation, sample at random from [\""Carbon tax ($50/ton)\"", \""Green subsidies only\"", \""No new regulations\""]."", ""response"": ""Green subsidies only""}"
2026-05-18T14:13:36.387762+00:00,facilitator_call,conjoint_policy_experiment_20260518T134252Z_bdod6b,conjoint_policy_experiment_20260518T134252Z_bdod6b_s1,conjoint_policy_experiment_20260518T134252Z_bdod6b_s1_conjoint_r5_g1,conjoint_policy_experiment_20260518T134252Z_bdod6b_1,"{""prompt_type"": ""FACILITATOR"", ""prompt_name"": ""profile_b_tax_rate"", ""module"": ""conjoint"", ""round"": 5, ""rendered_prompt"": ""Without providing any explanation, sample at random from [\""10% flat tax\"", \""Progressive (15-35%)\"", \""Current rates maintained\""]."", ""response"": ""10% flat tax""}"
2026-05-18T14:13:39.460632+00:00,facilitator_call,conjoint_policy_experiment_20260518T134252Z_bdod6b,conjoint_policy_experiment_20260518T134252Z_bdod6b_s1,conjoint_policy_experiment_20260518T134252Z_bdod6b_s1_conjoint_r5_g1,conjoint_policy_experiment_20260518T134252Z_bdod6b_1,"{""prompt_type"": ""FACILITATOR"", ""prompt_name"": ""profile_b_healthcare_spending"", ""module"": ""conjoint"", ""round"": 5, ""rendered_prompt"": ""Without providing any explanation, sample at random from [\""Increase by 20%\"", \""Maintain current levels\"", \""Decrease by 15%\""]."", ""response"": ""Maintain current levels""}"
2026-05-18T14:13:43.332116+00:00,facilitator_call,conjoint_policy_experiment_20260518T134252Z_bdod6b,conjoint_policy_experiment_20260518T134252Z_bdod6b_s1,conjoint_policy_experiment_20260518T134252Z_bdod6b_s1_conjoint_r5_g1,conjoint_policy_experiment_20260518T134252Z_bdod6b_1,"{""prompt_type"": ""FACILITATOR"", ""prompt_name"": ""profile_b_education_spending"", ""module"": ""conjoint"", ""round"": 5, ""rendered_prompt"": ""Without providing any explanation, sample at random from [\""Double public school funding\"", \""Maintain current levels\"", \""Shift to voucher system\""]."", ""response"": ""Maintain current levels""}"
2026-05-18T14:13:46.613374+00:00,facilitator_call,conjoint_policy_experiment_20260518T134252Z_bdod6b,conjoint_policy_experiment_20260518T134252Z_bdod6b_s1,conjoint_policy_experiment_20260518T134252Z_bdod6b_s1_conjoint_r5_g1,conjoint_policy_experiment_20260518T134252Z_bdod6b_1,"{""prompt_type"": ""FACILITATOR"", ""prompt_name"": ""profile_b_immigration_policy"", ""module"": ""conjoint"", ""round"": 5, ""rendered_prompt"": ""Without providing any explanation, sample at random from [\""Open borders\"", \""Points-based system\"", \""Reduce by 50%\""]."", ""response"": ""Points-based system""}"
2026-05-18T14:13:49.349468+00:00,facilitator_call,conjoint_policy_experiment_20260518T134252Z_bdod6b,conjoint_policy_experiment_20260518T134252Z_bdod6b_s1,conjoint_policy_experiment_20260518T134252Z_bdod6b_s1_conjoint_r5_g1,conjoint_policy_experiment_20260518T134252Z_bdod6b_1,"{""prompt_type"": ""FACILITATOR"", ""prompt_name"": ""profile_b_climate_policy"", ""module"": ""conjoint"", ""round"": 5, ""rendered_prompt"": ""Without providing any explanation, sample at random from [\""Carbon tax ($50/ton)\"", \""Green subsidies only\"", \""No new regulations\""]."", ""response"": ""Carbon tax ($50/ton)""}"
2026-05-18T14:14:05.218426+00:00,facilitator_call,conjoint_policy_experiment_20260518T134252Z_bdod6b,conjoint_policy_experiment_20260518T134252Z_bdod6b_s1,conjoint_policy_experiment_20260518T134252Z_bdod6b_s1_conjoint_r5_g2,conjoint_policy_experiment_20260518T134252Z_bdod6b_2,"{""prompt_type"": ""FACILITATOR"", ""prompt_name"": ""profile_a_tax_rate"", ""module"": ""conjoint"", ""round"": 5, ""rendered_prompt"": ""Without providing any explanation, sample at random from [\""10% flat tax\"", \""Progressive (15-35%)\"", \""Current rates maintained\""]."", ""response"": ""Progressive (15-35%)""}"
2026-05-18T14:14:09.466237+00:00,facilitator_call,conjoint_policy_experiment_20260518T134252Z_bdod6b,conjoint_policy_experiment_20260518T134252Z_bdod6b_s1,conjoint_policy_experiment_20260518T134252Z_bdod6b_s1_conjoint_r5_g2,conjoint_policy_experiment_20260518T134252Z_bdod6b_2,"{""prompt_type"": ""FACILITATOR"", ""prompt_name"": ""profile_a_healthcare_spending"", ""module"": ""conjoint"", ""round"": 5, ""rendered_prompt"": ""Without providing any explanation, sample at random from [\""Increase by 20%\"", \""Maintain current levels\"", \""Decrease by 15%\""]."", ""response"": ""Maintain current levels""}"
2026-05-18T14:14:13.403394+00:00,facilitator_call,conjoint_policy_experiment_20260518T134252Z_bdod6b,conjoint_policy_experiment_20260518T134252Z_bdod6b_s1,conjoint_policy_experiment_20260518T134252Z_bdod6b_s1_conjoint_r5_g2,conjoint_policy_experiment_20260518T134252Z_bdod6b_2,"{""prompt_type"": ""FACILITATOR"", ""prompt_name"": ""profile_a_education_spending"", ""module"": ""conjoint"", ""round"": 5, ""rendered_prompt"": ""Without providing any explanation, sample at random from [\""Double public school funding\"", \""Maintain current levels\"", \""Shift to voucher system\""]."", ""response"": ""Shift to voucher system""}"
2026-05-18T14:14:15.709480+00:00,facilitator_call,conjoint_policy_experiment_20260518T134252Z_bdod6b,conjoint_policy_experiment_20260518T134252Z_bdod6b_s1,conjoint_policy_experiment_20260518T134252Z_bdod6b_s1_conjoint_r5_g2,conjoint_policy_experiment_20260518T134252Z_bdod6b_2,"{""prompt_type"": ""FACILITATOR"", ""prompt_name"": ""profile_a_immigration_policy"", ""module"": ""conjoint"", ""round"": 5, ""rendered_prompt"": ""Without providing any explanation, sample at random from [\""Open borders\"", \""Points-based system\"", \""Reduce by 50%\""]."", ""response"": ""Points-based system""}"
2026-05-18T14:14:19.879660+00:00,facilitator_call,conjoint_policy_experiment_20260518T134252Z_bdod6b,conjoint_policy_experiment_20260518T134252Z_bdod6b_s1,conjoint_policy_experiment_20260518T134252Z_bdod6b_s1_conjoint_r5_g2,conjoint_policy_experiment_20260518T134252Z_bdod6b_2,"{""prompt_type"": ""FACILITATOR"", ""prompt_name"": ""profile_a_climate_policy"", ""module"": ""conjoint"", ""round"": 5, ""rendered_prompt"": ""Without providing any explanation, sample at random from [\""Carbon tax ($50/ton)\"", \""Green subsidies only\"", \""No new regulations\""]."", ""response"": ""No new regulations""}"
2026-05-18T14:14:23.580569+00:00,facilitator_call,conjoint_policy_experiment_20260518T134252Z_bdod6b,conjoint_policy_experiment_20260518T134252Z_bdod6b_s1,conjoint_policy_experiment_20260518T134252Z_bdod6b_s1_conjoint_r5_g2,conjoint_policy_experiment_20260518T134252Z_bdod6b_2,"{""prompt_type"": ""FACILITATOR"", ""prompt_name"": ""profile_b_tax_rate"", ""module"": ""conjoint"", ""round"": 5, ""rendered_prompt"": ""Without providing any explanation, sample at random from [\""10% flat tax\"", \""Progressive (15-35%)\"", \""Current rates maintained\""]."", ""response"": ""Progressive (15-35%)""}"
2026-05-18T14:14:27.590784+00:00,facilitator_call,conjoint_policy_experiment_20260518T134252Z_bdod6b,conjoint_policy_experiment_20260518T134252Z_bdod6b_s1,conjoint_policy_experiment_20260518T134252Z_bdod6b_s1_conjoint_r5_g2,conjoint_policy_experiment_20260518T134252Z_bdod6b_2,"{""prompt_type"": ""FACILITATOR"", ""prompt_name"": ""profile_b_healthcare_spending"", ""module"": ""conjoint"", ""round"": 5, ""rendered_prompt"": ""Without providing any explanation, sample at random from [\""Increase by 20%\"", \""Maintain current levels\"", \""Decrease by 15%\""]."", ""response"": ""Maintain current levels""}"
2026-05-18T14:14:31.071291+00:00,facilitator_call,conjoint_policy_experiment_20260518T134252Z_bdod6b,conjoint_policy_experiment_20260518T134252Z_bdod6b_s1,conjoint_policy_experiment_20260518T134252Z_bdod6b_s1_conjoint_r5_g2,conjoint_policy_experiment_20260518T134252Z_bdod6b_2,"{""prompt_type"": ""FACILITATOR"", ""prompt_name"": ""profile_b_education_spending"", ""module"": ""conjoint"", ""round"": 5, ""rendered_prompt"": ""Without providing any explanation, sample at random from [\""Double public school funding\"", \""Maintain current levels\"", \""Shift to voucher system\""]."", ""response"": ""Shift to voucher system""}"
2026-05-18T14:14:34.965220+00:00,facilitator_call,conjoint_policy_experiment_20260518T134252Z_bdod6b,conjoint_policy_experiment_20260518T134252Z_bdod6b_s1,conjoint_policy_experiment_20260518T134252Z_bdod6b_s1_conjoint_r5_g2,conjoint_policy_experiment_20260518T134252Z_bdod6b_2,"{""prompt_type"": ""FACILITATOR"", ""prompt_name"": ""profile_b_immigration_policy"", ""module"": ""conjoint"", ""round"": 5, ""rendered_prompt"": ""Without providing any explanation, sample at random from [\""Open borders\"", \""Points-based system\"", \""Reduce by 50%\""]."", ""response"": ""Points-based system""}"
2026-05-18T14:14:38.855327+00:00,facilitator_call,conjoint_policy_experiment_20260518T134252Z_bdod6b,conjoint_policy_experiment_20260518T134252Z_bdod6b_s1,conjoint_policy_experiment_20260518T134252Z_bdod6b_s1_conjoint_r5_g2,conjoint_policy_experiment_20260518T134252Z_bdod6b_2,"{""prompt_type"": ""FACILITATOR"", ""prompt_name"": ""profile_b_climate_policy"", ""module"": ""conjoint"", ""round"": 5, ""rendered_prompt"": ""Without providing any explanation, sample at random from [\""Carbon tax ($50/ton)\"", \""Green subsidies only\"", \""No new regulations\""]."", ""response"": ""Carbon tax ($50/ton)""}"
2026-05-18T14:14:53.368475+00:00,facilitator_call,conjoint_policy_experiment_20260518T134252Z_bdod6b,conjoint_policy_experiment_20260518T134252Z_bdod6b_s1,conjoint_policy_experiment_20260518T134252Z_bdod6b_s1_conjoint_r5_g3,conjoint_policy_experiment_20260518T134252Z_bdod6b_3,"{""prompt_type"": ""FACILITATOR"", ""prompt_name"": ""profile_a_tax_rate"", ""module"": ""conjoint"", ""round"": 5, ""rendered_prompt"": ""Without providing any explanation, sample at random from [\""10% flat tax\"", \""Progressive (15-35%)\"", \""Current rates maintained\""]."", ""response"": ""10% flat tax""}"
2026-05-18T14:14:55.991128+00:00,facilitator_call,conjoint_policy_experiment_20260518T134252Z_bdod6b,conjoint_policy_experiment_20260518T134252Z_bdod6b_s1,conjoint_policy_experiment_20260518T134252Z_bdod6b_s1_conjoint_r5_g3,conjoint_policy_experiment_20260518T134252Z_bdod6b_3,"{""prompt_type"": ""FACILITATOR"", ""prompt_name"": ""profile_a_healthcare_spending"", ""module"": ""conjoint"", ""round"": 5, ""rendered_prompt"": ""Without providing any explanation, sample at random from [\""Increase by 20%\"", \""Maintain current levels\"", \""Decrease by 15%\""]."", ""response"": ""Maintain current levels""}"
2026-05-18T14:14:59.134476+00:00,facilitator_call,conjoint_policy_experiment_20260518T134252Z_bdod6b,conjoint_policy_experiment_20260518T134252Z_bdod6b_s1,conjoint_policy_experiment_20260518T134252Z_bdod6b_s1_conjoint_r5_g3,conjoint_policy_experiment_20260518T134252Z_bdod6b_3,"{""prompt_type"": ""FACILITATOR"", ""prompt_name"": ""profile_a_education_spending"", ""module"": ""conjoint"", ""round"": 5, ""rendered_prompt"": ""Without providing any explanation, sample at random from [\""Double public school funding\"", \""Maintain current levels\"", \""Shift to voucher system\""]."", ""response"": ""Shift to voucher system""}"
2026-05-18T14:15:04.870669+00:00,facilitator_call,conjoint_policy_experiment_20260518T134252Z_bdod6b,conjoint_policy_experiment_20260518T134252Z_bdod6b_s1,conjoint_policy_experiment_20260518T134252Z_bdod6b_s1_conjoint_r5_g3,conjoint_policy_experiment_20260518T134252Z_bdod6b_3,"{""prompt_type"": ""FACILITATOR"", ""prompt_name"": ""profile_a_immigration_policy"", ""module"": ""conjoint"", ""round"": 5, ""rendered_prompt"": ""Without providing any explanation, sample at random from [\""Open borders\"", \""Points-based system\"", \""Reduce by 50%\""]."", ""response"": ""Points-based system""}"
2026-05-18T14:15:07.733266+00:00,facilitator_call,conjoint_policy_experiment_20260518T134252Z_bdod6b,conjoint_policy_experiment_20260518T134252Z_bdod6b_s1,conjoint_policy_experiment_20260518T134252Z_bdod6b_s1_conjoint_r5_g3,conjoint_policy_experiment_20260518T134252Z_bdod6b_3,"{""prompt_type"": ""FACILITATOR"", ""prompt_name"": ""profile_a_climate_policy"", ""module"": ""conjoint"", ""round"": 5, ""rendered_prompt"": ""Without providing any explanation, sample at random from [\""Carbon tax ($50/ton)\"", \""Green subsidies only\"", \""No new regulations\""]."", ""response"": ""No new regulations""}"
2026-05-18T14:15:10.455774+00:00,facilitator_call,conjoint_policy_experiment_20260518T134252Z_bdod6b,conjoint_policy_experiment_20260518T134252Z_bdod6b_s1,conjoint_policy_experiment_20260518T134252Z_bdod6b_s1_conjoint_r5_g3,conjoint_policy_experiment_20260518T134252Z_bdod6b_3,"{""prompt_type"": ""FACILITATOR"", ""prompt_name"": ""profile_b_tax_rate"", ""module"": ""conjoint"", ""round"": 5, ""rendered_prompt"": ""Without providing any explanation, sample at random from [\""10% flat tax\"", \""Progressive (15-35%)\"", \""Current rates maintained\""]."", ""response"": ""Progressive (15-35%)""}"
2026-05-18T14:15:13.527553+00:00,facilitator_call,conjoint_policy_experiment_20260518T134252Z_bdod6b,conjoint_policy_experiment_20260518T134252Z_bdod6b_s1,conjoint_policy_experiment_20260518T134252Z_bdod6b_s1_conjoint_r5_g3,conjoint_policy_experiment_20260518T134252Z_bdod6b_3,"{""prompt_type"": ""FACILITATOR"", ""prompt_name"": ""profile_b_healthcare_spending"", ""module"": ""conjoint"", ""round"": 5, ""rendered_prompt"": ""Without providing any explanation, sample at random from [\""Increase by 20%\"", \""Maintain current levels\"", \""Decrease by 15%\""]."", ""response"": ""Maintain current levels""}"
2026-05-18T14:15:18.899515+00:00,facilitator_call,conjoint_policy_experiment_20260518T134252Z_bdod6b,conjoint_policy_experiment_20260518T134252Z_bdod6b_s1,conjoint_policy_experiment_20260518T134252Z_bdod6b_s1_conjoint_r5_g3,conjoint_policy_experiment_20260518T134252Z_bdod6b_3,"{""prompt_type"": ""FACILITATOR"", ""prompt_name"": ""profile_b_education_spending"", ""module"": ""conjoint"", ""round"": 5, ""rendered_prompt"": ""Without providing any explanation, sample at random from [\""Double public school funding\"", \""Maintain current levels\"", \""Shift to voucher system\""]."", ""response"": ""Shift to voucher system""}"
2026-05-18T14:15:21.592387+00:00,facilitator_call,conjoint_policy_experiment_20260518T134252Z_bdod6b,conjoint_policy_experiment_20260518T134252Z_bdod6b_s1,conjoint_policy_experiment_20260518T134252Z_bdod6b_s1_conjoint_r5_g3,conjoint_policy_experiment_20260518T134252Z_bdod6b_3,"{""prompt_type"": ""FACILITATOR"", ""prompt_name"": ""profile_b_immigration_policy"", ""module"": ""conjoint"", ""round"": 5, ""rendered_prompt"": ""Without providing any explanation, sample at random from [\""Open borders\"", \""Points-based system\"", \""Reduce by 50%\""]."", ""response"": ""Points-based system""}"
2026-05-18T14:15:24.358607+00:00,facilitator_call,conjoint_policy_experiment_20260518T134252Z_bdod6b,conjoint_policy_experiment_20260518T134252Z_bdod6b_s1,conjoint_policy_experiment_20260518T134252Z_bdod6b_s1_conjoint_r5_g3,conjoint_policy_experiment_20260518T134252Z_bdod6b_3,"{""prompt_type"": ""FACILITATOR"", ""prompt_name"": ""profile_b_climate_policy"", ""module"": ""conjoint"", ""round"": 5, ""rendered_prompt"": ""Without providing any explanation, sample at random from [\""Carbon tax ($50/ton)\"", \""Green subsidies only\"", \""No new regulations\""]."", ""response"": ""Green subsidies only""}"
2026-05-18T14:15:41.731871+00:00,facilitator_call,conjoint_policy_experiment_20260518T134252Z_bdod6b,conjoint_policy_experiment_20260518T134252Z_bdod6b_s1,conjoint_policy_experiment_20260518T134252Z_bdod6b_s1_conjoint_r5_g4,conjoint_policy_experiment_20260518T134252Z_bdod6b_4,"{""prompt_type"": ""FACILITATOR"", ""prompt_name"": ""profile_a_tax_rate"", ""module"": ""conjoint"", ""round"": 5, ""rendered_prompt"": ""Without providing any explanation, sample at random from [\""10% flat tax\"", \""Progressive (15-35%)\"", \""Current rates maintained\""]."", ""response"": ""Progressive (15-35%)""}"
2026-05-18T14:15:44.210669+00:00,facilitator_call,conjoint_policy_experiment_20260518T134252Z_bdod6b,conjoint_policy_experiment_20260518T134252Z_bdod6b_s1,conjoint_policy_experiment_20260518T134252Z_bdod6b_s1_conjoint_r5_g4,conjoint_policy_experiment_20260518T134252Z_bdod6b_4,"{""prompt_type"": ""FACILITATOR"", ""prompt_name"": ""profile_a_healthcare_spending"", ""module"": ""conjoint"", ""round"": 5, ""rendered_prompt"": ""Without providing any explanation, sample at random from [\""Increase by 20%\"", \""Maintain current levels\"", \""Decrease by 15%\""]."", ""response"": ""Decrease by 15%""}"
2026-05-18T14:15:48.290279+00:00,facilitator_call,conjoint_policy_experiment_20260518T134252Z_bdod6b,conjoint_policy_experiment_20260518T134252Z_bdod6b_s1,conjoint_policy_experiment_20260518T134252Z_bdod6b_s1_conjoint_r5_g4,conjoint_policy_experiment_20260518T134252Z_bdod6b_4,"{""prompt_type"": ""FACILITATOR"", ""prompt_name"": ""profile_a_education_spending"", ""module"": ""conjoint"", ""round"": 5, ""rendered_prompt"": ""Without providing any explanation, sample at random from [\""Double public school funding\"", \""Maintain current levels\"", \""Shift to voucher system\""]."", ""response"": ""Double public school funding""}"
2026-05-18T14:15:51.770279+00:00,facilitator_call,conjoint_policy_experiment_20260518T134252Z_bdod6b,conjoint_policy_experiment_20260518T134252Z_bdod6b_s1,conjoint_policy_experiment_20260518T134252Z_bdod6b_s1_conjoint_r5_g4,conjoint_policy_experiment_20260518T134252Z_bdod6b_4,"{""prompt_type"": ""FACILITATOR"", ""prompt_name"": ""profile_a_immigration_policy"", ""module"": ""conjoint"", ""round"": 5, ""rendered_prompt"": ""Without providing any explanation, sample at random from [\""Open borders\"", \""Points-based system\"", \""Reduce by 50%\""]."", ""response"": ""Open borders""}"
2026-05-18T14:15:55.042735+00:00,facilitator_call,conjoint_policy_experiment_20260518T134252Z_bdod6b,conjoint_policy_experiment_20260518T134252Z_bdod6b_s1,conjoint_policy_experiment_20260518T134252Z_bdod6b_s1_conjoint_r5_g4,conjoint_policy_experiment_20260518T134252Z_bdod6b_4,"{""prompt_type"": ""FACILITATOR"", ""prompt_name"": ""profile_a_climate_policy"", ""module"": ""conjoint"", ""round"": 5, ""rendered_prompt"": ""Without providing any explanation, sample at random from [\""Carbon tax ($50/ton)\"", \""Green subsidies only\"", \""No new regulations\""]."", ""response"": ""Green subsidies only""}"
2026-05-18T14:15:58.108366+00:00,facilitator_call,conjoint_policy_experiment_20260518T134252Z_bdod6b,conjoint_policy_experiment_20260518T134252Z_bdod6b_s1,conjoint_policy_experiment_20260518T134252Z_bdod6b_s1_conjoint_r5_g4,conjoint_policy_experiment_20260518T134252Z_bdod6b_4,"{""prompt_type"": ""FACILITATOR"", ""prompt_name"": ""profile_b_tax_rate"", ""module"": ""conjoint"", ""round"": 5, ""rendered_prompt"": ""Without providing any explanation, sample at random from [\""10% flat tax\"", \""Progressive (15-35%)\"", \""Current rates maintained\""]."", ""response"": ""10% flat tax""}"
2026-05-18T14:16:08.380524+00:00,facilitator_call,conjoint_policy_experiment_20260518T134252Z_bdod6b,conjoint_policy_experiment_20260518T134252Z_bdod6b_s1,conjoint_policy_experiment_20260518T134252Z_bdod6b_s1_conjoint_r5_g4,conjoint_policy_experiment_20260518T134252Z_bdod6b_4,"{""prompt_type"": ""FACILITATOR"", ""prompt_name"": ""profile_b_healthcare_spending"", ""module"": ""conjoint"", ""round"": 5, ""rendered_prompt"": ""Without providing any explanation, sample at random from [\""Increase by 20%\"", \""Maintain current levels\"", \""Decrease by 15%\""]."", ""response"": ""Maintain current levels""}"
2026-05-18T14:16:13.038307+00:00,facilitator_call,conjoint_policy_experiment_20260518T134252Z_bdod6b,conjoint_policy_experiment_20260518T134252Z_bdod6b_s1,conjoint_policy_experiment_20260518T134252Z_bdod6b_s1_conjoint_r5_g4,conjoint_policy_experiment_20260518T134252Z_bdod6b_4,"{""prompt_type"": ""FACILITATOR"", ""prompt_name"": ""profile_b_education_spending"", ""module"": ""conjoint"", ""round"": 5, ""rendered_prompt"": ""Without providing any explanation, sample at random from [\""Double public school funding\"", \""Maintain current levels\"", \""Shift to voucher system\""]."", ""response"": ""Shift to voucher system""}"
2026-05-18T14:16:15.517956+00:00,facilitator_call,conjoint_policy_experiment_20260518T134252Z_bdod6b,conjoint_policy_experiment_20260518T134252Z_bdod6b_s1,conjoint_policy_experiment_20260518T134252Z_bdod6b_s1_conjoint_r5_g4,conjoint_policy_experiment_20260518T134252Z_bdod6b_4,"{""prompt_type"": ""FACILITATOR"", ""prompt_name"": ""profile_b_immigration_policy"", ""module"": ""conjoint"", ""round"": 5, ""rendered_prompt"": ""Without providing any explanation, sample at random from [\""Open borders\"", \""Points-based system\"", \""Reduce by 50%\""]."", ""response"": ""Points-based system""}"
2026-05-18T14:16:18.328618+00:00,facilitator_call,conjoint_policy_experiment_20260518T134252Z_bdod6b,conjoint_policy_experiment_20260518T134252Z_bdod6b_s1,conjoint_policy_experiment_20260518T134252Z_bdod6b_s1_conjoint_r5_g4,conjoint_policy_experiment_20260518T134252Z_bdod6b_4,"{""prompt_type"": ""FACILITATOR"", ""prompt_name"": ""profile_b_climate_policy"", ""module"": ""conjoint"", ""round"": 5, ""rendered_prompt"": ""Without providing any explanation, sample at random from [\""Carbon tax ($50/ton)\"", \""Green subsidies only\"", \""No new regulations\""]."", ""response"": ""Green subsidies only""}"
2026-05-18T14:16:36.272989+00:00,facilitator_call,conjoint_policy_experiment_20260518T134252Z_bdod6b,conjoint_policy_experiment_20260518T134252Z_bdod6b_s1,conjoint_policy_experiment_20260518T134252Z_bdod6b_s1_conjoint_r5_g5,conjoint_policy_experiment_20260518T134252Z_bdod6b_5,"{""prompt_type"": ""FACILITATOR"", ""prompt_name"": ""profile_a_tax_rate"", ""module"": ""conjoint"", ""round"": 5, ""rendered_prompt"": ""Without providing any explanation, sample at random from [\""10% flat tax\"", \""Progressive (15-35%)\"", \""Current rates maintained\""]."", ""response"": ""10% flat tax""}"
2026-05-18T14:16:40.199718+00:00,facilitator_call,conjoint_policy_experiment_20260518T134252Z_bdod6b,conjoint_policy_experiment_20260518T134252Z_bdod6b_s1,conjoint_policy_experiment_20260518T134252Z_bdod6b_s1_conjoint_r5_g5,conjoint_policy_experiment_20260518T134252Z_bdod6b_5,"{""prompt_type"": ""FACILITATOR"", ""prompt_name"": ""profile_a_healthcare_spending"", ""module"": ""conjoint"", ""round"": 5, ""rendered_prompt"": ""Without providing any explanation, sample at random from [\""Increase by 20%\"", \""Maintain current levels\"", \""Decrease by 15%\""]."", ""response"": ""Maintain current levels""}"
2026-05-18T14:16:44.088648+00:00,facilitator_call,conjoint_policy_experiment_20260518T134252Z_bdod6b,conjoint_policy_experiment_20260518T134252Z_bdod6b_s1,conjoint_policy_experiment_20260518T134252Z_bdod6b_s1_conjoint_r5_g5,conjoint_policy_experiment_20260518T134252Z_bdod6b_5,"{""prompt_type"": ""FACILITATOR"", ""prompt_name"": ""profile_a_education_spending"", ""module"": ""conjoint"", ""round"": 5, ""rendered_prompt"": ""Without providing any explanation, sample at random from [\""Double public school funding\"", \""Maintain current levels\"", \""Shift to voucher system\""]."", ""response"": ""Maintain current levels""}"
2026-05-18T14:16:46.623322+00:00,facilitator_call,conjoint_policy_experiment_20260518T134252Z_bdod6b,conjoint_policy_experiment_20260518T134252Z_bdod6b_s1,conjoint_policy_experiment_20260518T134252Z_bdod6b_s1_conjoint_r5_g5,conjoint_policy_experiment_20260518T134252Z_bdod6b_5,"{""prompt_type"": ""FACILITATOR"", ""prompt_name"": ""profile_a_immigration_policy"", ""module"": ""conjoint"", ""round"": 5, ""rendered_prompt"": ""Without providing any explanation, sample at random from [\""Open borders\"", \""Points-based system\"", \""Reduce by 50%\""]."", ""response"": ""Points-based system""}"
2026-05-18T14:16:48.902988+00:00,facilitator_call,conjoint_policy_experiment_20260518T134252Z_bdod6b,conjoint_policy_experiment_20260518T134252Z_bdod6b_s1,conjoint_policy_experiment_20260518T134252Z_bdod6b_s1_conjoint_r5_g5,conjoint_policy_experiment_20260518T134252Z_bdod6b_5,"{""prompt_type"": ""FACILITATOR"", ""prompt_name"": ""profile_a_climate_policy"", ""module"": ""conjoint"", ""round"": 5, ""rendered_prompt"": ""Without providing any explanation, sample at random from [\""Carbon tax ($50/ton)\"", \""Green subsidies only\"", \""No new regulations\""]."", ""response"": ""No new regulations""}"
2026-05-18T14:16:51.308897+00:00,facilitator_call,conjoint_policy_experiment_20260518T134252Z_bdod6b,conjoint_policy_experiment_20260518T134252Z_bdod6b_s1,conjoint_policy_experiment_20260518T134252Z_bdod6b_s1_conjoint_r5_g5,conjoint_policy_experiment_20260518T134252Z_bdod6b_5,"{""prompt_type"": ""FACILITATOR"", ""prompt_name"": ""profile_b_tax_rate"", ""module"": ""conjoint"", ""round"": 5, ""rendered_prompt"": ""Without providing any explanation, sample at random from [\""10% flat tax\"", \""Progressive (15-35%)\"", \""Current rates maintained\""]."", ""response"": ""Progressive (15-35%)""}"
2026-05-18T14:16:54.352366+00:00,facilitator_call,conjoint_policy_experiment_20260518T134252Z_bdod6b,conjoint_policy_experiment_20260518T134252Z_bdod6b_s1,conjoint_policy_experiment_20260518T134252Z_bdod6b_s1_conjoint_r5_g5,conjoint_policy_experiment_20260518T134252Z_bdod6b_5,"{""prompt_type"": ""FACILITATOR"", ""prompt_name"": ""profile_b_healthcare_spending"", ""module"": ""conjoint"", ""round"": 5, ""rendered_prompt"": ""Without providing any explanation, sample at random from [\""Increase by 20%\"", \""Maintain current levels\"", \""Decrease by 15%\""]."", ""response"": ""Maintain current levels""}"
2026-05-18T14:16:57.818318+00:00,facilitator_call,conjoint_policy_experiment_20260518T134252Z_bdod6b,conjoint_policy_experiment_20260518T134252Z_bdod6b_s1,conjoint_policy_experiment_20260518T134252Z_bdod6b_s1_conjoint_r5_g5,conjoint_policy_experiment_20260518T134252Z_bdod6b_5,"{""prompt_type"": ""FACILITATOR"", ""prompt_name"": ""profile_b_education_spending"", ""module"": ""conjoint"", ""round"": 5, ""rendered_prompt"": ""Without providing any explanation, sample at random from [\""Double public school funding\"", \""Maintain current levels\"", \""Shift to voucher system\""]."", ""response"": ""Shift to voucher system""}"
2026-05-18T14:17:03.139477+00:00,facilitator_call,conjoint_policy_experiment_20260518T134252Z_bdod6b,conjoint_policy_experiment_20260518T134252Z_bdod6b_s1,conjoint_policy_experiment_20260518T134252Z_bdod6b_s1_conjoint_r5_g5,conjoint_policy_experiment_20260518T134252Z_bdod6b_5,"{""prompt_type"": ""FACILITATOR"", ""prompt_name"": ""profile_b_immigration_policy"", ""module"": ""conjoint"", ""round"": 5, ""rendered_prompt"": ""Without providing any explanation, sample at random from [\""Open borders\"", \""Points-based system\"", \""Reduce by 50%\""]."", ""response"": ""Reduce by 50%""}"
2026-05-18T14:17:07.028408+00:00,facilitator_call,conjoint_policy_experiment_20260518T134252Z_bdod6b,conjoint_policy_experiment_20260518T134252Z_bdod6b_s1,conjoint_policy_experiment_20260518T134252Z_bdod6b_s1_conjoint_r5_g5,conjoint_policy_experiment_20260518T134252Z_bdod6b_5,"{""prompt_type"": ""FACILITATOR"", ""prompt_name"": ""profile_b_climate_policy"", ""module"": ""conjoint"", ""round"": 5, ""rendered_prompt"": ""Without providing any explanation, sample at random from [\""Carbon tax ($50/ton)\"", \""Green subsidies only\"", \""No new regulations\""]."", ""response"": ""Green subsidies only""}"
2026-05-18T14:17:32.662806+00:00,facilitator_call,conjoint_policy_experiment_20260518T134252Z_bdod6b,conjoint_policy_experiment_20260518T134252Z_bdod6b_s1,conjoint_policy_experiment_20260518T134252Z_bdod6b_s1_conjoint_r5_g6,conjoint_policy_experiment_20260518T134252Z_bdod6b_6,"{""prompt_type"": ""FACILITATOR"", ""prompt_name"": ""profile_a_tax_rate"", ""module"": ""conjoint"", ""round"": 5, ""rendered_prompt"": ""Without providing any explanation, sample at random from [\""10% flat tax\"", \""Progressive (15-35%)\"", \""Current rates maintained\""]."", ""response"": ""Progressive (15-35%)""}"
2026-05-18T14:17:35.631013+00:00,facilitator_call,conjoint_policy_experiment_20260518T134252Z_bdod6b,conjoint_policy_experiment_20260518T134252Z_bdod6b_s1,conjoint_policy_experiment_20260518T134252Z_bdod6b_s1_conjoint_r5_g6,conjoint_policy_experiment_20260518T134252Z_bdod6b_6,"{""prompt_type"": ""FACILITATOR"", ""prompt_name"": ""profile_a_healthcare_spending"", ""module"": ""conjoint"", ""round"": 5, ""rendered_prompt"": ""Without providing any explanation, sample at random from [\""Increase by 20%\"", \""Maintain current levels\"", \""Decrease by 15%\""]."", ""response"": ""Maintain current levels""}"
2026-05-18T14:17:41.717760+00:00,facilitator_call,conjoint_policy_experiment_20260518T134252Z_bdod6b,conjoint_policy_experiment_20260518T134252Z_bdod6b_s1,conjoint_policy_experiment_20260518T134252Z_bdod6b_s1_conjoint_r5_g6,conjoint_policy_experiment_20260518T134252Z_bdod6b_6,"{""prompt_type"": ""FACILITATOR"", ""prompt_name"": ""profile_a_education_spending"", ""module"": ""conjoint"", ""round"": 5, ""rendered_prompt"": ""Without providing any explanation, sample at random from [\""Double public school funding\"", \""Maintain current levels\"", \""Shift to voucher system\""]."", ""response"": ""Shift to voucher system""}"
2026-05-18T14:17:45.092799+00:00,facilitator_call,conjoint_policy_experiment_20260518T134252Z_bdod6b,conjoint_policy_experiment_20260518T134252Z_bdod6b_s1,conjoint_policy_experiment_20260518T134252Z_bdod6b_s1_conjoint_r5_g6,conjoint_policy_experiment_20260518T134252Z_bdod6b_6,"{""prompt_type"": ""FACILITATOR"", ""prompt_name"": ""profile_a_immigration_policy"", ""module"": ""conjoint"", ""round"": 5, ""rendered_prompt"": ""Without providing any explanation, sample at random from [\""Open borders\"", \""Points-based system\"", \""Reduce by 50%\""]."", ""response"": ""Open borders""}"
2026-05-18T14:17:48.253675+00:00,facilitator_call,conjoint_policy_experiment_20260518T134252Z_bdod6b,conjoint_policy_experiment_20260518T134252Z_bdod6b_s1,conjoint_policy_experiment_20260518T134252Z_bdod6b_s1_conjoint_r5_g6,conjoint_policy_experiment_20260518T134252Z_bdod6b_6,"{""prompt_type"": ""FACILITATOR"", ""prompt_name"": ""profile_a_climate_policy"", ""module"": ""conjoint"", ""round"": 5, ""rendered_prompt"": ""Without providing any explanation, sample at random from [\""Carbon tax ($50/ton)\"", \""Green subsidies only\"", \""No new regulations\""]."", ""response"": ""Green subsidies only""}"
2026-05-18T14:17:51.548039+00:00,facilitator_call,conjoint_policy_experiment_20260518T134252Z_bdod6b,conjoint_policy_experiment_20260518T134252Z_bdod6b_s1,conjoint_policy_experiment_20260518T134252Z_bdod6b_s1_conjoint_r5_g6,conjoint_policy_experiment_20260518T134252Z_bdod6b_6,"{""prompt_type"": ""FACILITATOR"", ""prompt_name"": ""profile_b_tax_rate"", ""module"": ""conjoint"", ""round"": 5, ""rendered_prompt"": ""Without providing any explanation, sample at random from [\""10% flat tax\"", \""Progressive (15-35%)\"", \""Current rates maintained\""]."", ""response"": ""Current rates maintained""}"
2026-05-18T14:17:54.265484+00:00,facilitator_call,conjoint_policy_experiment_20260518T134252Z_bdod6b,conjoint_policy_experiment_20260518T134252Z_bdod6b_s1,conjoint_policy_experiment_20260518T134252Z_bdod6b_s1_conjoint_r5_g6,conjoint_policy_experiment_20260518T134252Z_bdod6b_6,"{""prompt_type"": ""FACILITATOR"", ""prompt_name"": ""profile_b_healthcare_spending"", ""module"": ""conjoint"", ""round"": 5, ""rendered_prompt"": ""Without providing any explanation, sample at random from [\""Increase by 20%\"", \""Maintain current levels\"", \""Decrease by 15%\""]."", ""response"": ""Maintain current levels""}"
2026-05-18T14:18:00.525762+00:00,facilitator_call,conjoint_policy_experiment_20260518T134252Z_bdod6b,conjoint_policy_experiment_20260518T134252Z_bdod6b_s1,conjoint_policy_experiment_20260518T134252Z_bdod6b_s1_conjoint_r5_g6,conjoint_policy_experiment_20260518T134252Z_bdod6b_6,"{""prompt_type"": ""FACILITATOR"", ""prompt_name"": ""profile_b_education_spending"", ""module"": ""conjoint"", ""round"": 5, ""rendered_prompt"": ""Without providing any explanation, sample at random from [\""Double public school funding\"", \""Maintain current levels\"", \""Shift to voucher system\""]."", ""response"": ""Shift to voucher system""}"
2026-05-18T14:18:03.932473+00:00,facilitator_call,conjoint_policy_experiment_20260518T134252Z_bdod6b,conjoint_policy_experiment_20260518T134252Z_bdod6b_s1,conjoint_policy_experiment_20260518T134252Z_bdod6b_s1_conjoint_r5_g6,conjoint_policy_experiment_20260518T134252Z_bdod6b_6,"{""prompt_type"": ""FACILITATOR"", ""prompt_name"": ""profile_b_immigration_policy"", ""module"": ""conjoint"", ""round"": 5, ""rendered_prompt"": ""Without providing any explanation, sample at random from [\""Open borders\"", \""Points-based system\"", \""Reduce by 50%\""]."", ""response"": ""Points-based system""}"
2026-05-18T14:18:07.375784+00:00,facilitator_call,conjoint_policy_experiment_20260518T134252Z_bdod6b,conjoint_policy_experiment_20260518T134252Z_bdod6b_s1,conjoint_policy_experiment_20260518T134252Z_bdod6b_s1_conjoint_r5_g6,conjoint_policy_experiment_20260518T134252Z_bdod6b_6,"{""prompt_type"": ""FACILITATOR"", ""prompt_name"": ""profile_b_climate_policy"", ""module"": ""conjoint"", ""round"": 5, ""rendered_prompt"": ""Without providing any explanation, sample at random from [\""Carbon tax ($50/ton)\"", \""Green subsidies only\"", \""No new regulations\""]."", ""response"": ""No new regulations""}"
2026-05-18T14:18:28.203562+00:00,facilitator_call,conjoint_policy_experiment_20260518T134252Z_bdod6b,conjoint_policy_experiment_20260518T134252Z_bdod6b_s1,conjoint_policy_experiment_20260518T134252Z_bdod6b_s1_conjoint_r5_g7,conjoint_policy_experiment_20260518T134252Z_bdod6b_7,"{""prompt_type"": ""FACILITATOR"", ""prompt_name"": ""profile_a_tax_rate"", ""module"": ""conjoint"", ""round"": 5, ""rendered_prompt"": ""Without providing any explanation, sample at random from [\""10% flat tax\"", \""Progressive (15-35%)\"", \""Current rates maintained\""]."", ""response"": ""Current rates maintained""}"
2026-05-18T14:18:32.457673+00:00,facilitator_call,conjoint_policy_experiment_20260518T134252Z_bdod6b,conjoint_policy_experiment_20260518T134252Z_bdod6b_s1,conjoint_policy_experiment_20260518T134252Z_bdod6b_s1_conjoint_r5_g7,conjoint_policy_experiment_20260518T134252Z_bdod6b_7,"{""prompt_type"": ""FACILITATOR"", ""prompt_name"": ""profile_a_healthcare_spending"", ""module"": ""conjoint"", ""round"": 5, ""rendered_prompt"": ""Without providing any explanation, sample at random from [\""Increase by 20%\"", \""Maintain current levels\"", \""Decrease by 15%\""]."", ""response"": ""Decrease by 15%""}"
2026-05-18T14:18:35.523624+00:00,facilitator_call,conjoint_policy_experiment_20260518T134252Z_bdod6b,conjoint_policy_experiment_20260518T134252Z_bdod6b_s1,conjoint_policy_experiment_20260518T134252Z_bdod6b_s1_conjoint_r5_g7,conjoint_policy_experiment_20260518T134252Z_bdod6b_7,"{""prompt_type"": ""FACILITATOR"", ""prompt_name"": ""profile_a_education_spending"", ""module"": ""conjoint"", ""round"": 5, ""rendered_prompt"": ""Without providing any explanation, sample at random from [\""Double public school funding\"", \""Maintain current levels\"", \""Shift to voucher system\""]."", ""response"": ""Shift to voucher system""}"
2026-05-18T14:18:39.147705+00:00,facilitator_call,conjoint_policy_experiment_20260518T134252Z_bdod6b,conjoint_policy_experiment_20260518T134252Z_bdod6b_s1,conjoint_policy_experiment_20260518T134252Z_bdod6b_s1_conjoint_r5_g7,conjoint_policy_experiment_20260518T134252Z_bdod6b_7,"{""prompt_type"": ""FACILITATOR"", ""prompt_name"": ""profile_a_immigration_policy"", ""module"": ""conjoint"", ""round"": 5, ""rendered_prompt"": ""Without providing any explanation, sample at random from [\""Open borders\"", \""Points-based system\"", \""Reduce by 50%\""]."", ""response"": ""Points-based system""}"
2026-05-18T14:18:42.026468+00:00,facilitator_call,conjoint_policy_experiment_20260518T134252Z_bdod6b,conjoint_policy_experiment_20260518T134252Z_bdod6b_s1,conjoint_policy_experiment_20260518T134252Z_bdod6b_s1_conjoint_r5_g7,conjoint_policy_experiment_20260518T134252Z_bdod6b_7,"{""prompt_type"": ""FACILITATOR"", ""prompt_name"": ""profile_a_climate_policy"", ""module"": ""conjoint"", ""round"": 5, ""rendered_prompt"": ""Without providing any explanation, sample at random from [\""Carbon tax ($50/ton)\"", \""Green subsidies only\"", \""No new regulations\""]."", ""response"": ""No new regulations""}"
2026-05-18T14:18:44.212482+00:00,facilitator_call,conjoint_policy_experiment_20260518T134252Z_bdod6b,conjoint_policy_experiment_20260518T134252Z_bdod6b_s1,conjoint_policy_experiment_20260518T134252Z_bdod6b_s1_conjoint_r5_g7,conjoint_policy_experiment_20260518T134252Z_bdod6b_7,"{""prompt_type"": ""FACILITATOR"", ""prompt_name"": ""profile_b_tax_rate"", ""module"": ""conjoint"", ""round"": 5, ""rendered_prompt"": ""Without providing any explanation, sample at random from [\""10% flat tax\"", \""Progressive (15-35%)\"", \""Current rates maintained\""]."", ""response"": ""Progressive (15-35%)""}"
2026-05-18T14:18:49.066620+00:00,facilitator_call,conjoint_policy_experiment_20260518T134252Z_bdod6b,conjoint_policy_experiment_20260518T134252Z_bdod6b_s1,conjoint_policy_experiment_20260518T134252Z_bdod6b_s1_conjoint_r5_g7,conjoint_policy_experiment_20260518T134252Z_bdod6b_7,"{""prompt_type"": ""FACILITATOR"", ""prompt_name"": ""profile_b_healthcare_spending"", ""module"": ""conjoint"", ""round"": 5, ""rendered_prompt"": ""Without providing any explanation, sample at random from [\""Increase by 20%\"", \""Maintain current levels\"", \""Decrease by 15%\""]."", ""response"": ""Decrease by 15%""}"
2026-05-18T14:18:53.575110+00:00,facilitator_call,conjoint_policy_experiment_20260518T134252Z_bdod6b,conjoint_policy_experiment_20260518T134252Z_bdod6b_s1,conjoint_policy_experiment_20260518T134252Z_bdod6b_s1_conjoint_r5_g7,conjoint_policy_experiment_20260518T134252Z_bdod6b_7,"{""prompt_type"": ""FACILITATOR"", ""prompt_name"": ""profile_b_education_spending"", ""module"": ""conjoint"", ""round"": 5, ""rendered_prompt"": ""Without providing any explanation, sample at random from [\""Double public school funding\"", \""Maintain current levels\"", \""Shift to voucher system\""]."", ""response"": ""Shift to voucher system""}"
2026-05-18T14:18:58.208756+00:00,facilitator_call,conjoint_policy_experiment_20260518T134252Z_bdod6b,conjoint_policy_experiment_20260518T134252Z_bdod6b_s1,conjoint_policy_experiment_20260518T134252Z_bdod6b_s1_conjoint_r5_g7,conjoint_policy_experiment_20260518T134252Z_bdod6b_7,"{""prompt_type"": ""FACILITATOR"", ""prompt_name"": ""profile_b_immigration_policy"", ""module"": ""conjoint"", ""round"": 5, ""rendered_prompt"": ""Without providing any explanation, sample at random from [\""Open borders\"", \""Points-based system\"", \""Reduce by 50%\""]."", ""response"": ""Reduce by 50%""}"
2026-05-18T14:19:03.011329+00:00,facilitator_call,conjoint_policy_experiment_20260518T134252Z_bdod6b,conjoint_policy_experiment_20260518T134252Z_bdod6b_s1,conjoint_policy_experiment_20260518T134252Z_bdod6b_s1_conjoint_r5_g7,conjoint_policy_experiment_20260518T134252Z_bdod6b_7,"{""prompt_type"": ""FACILITATOR"", ""prompt_name"": ""profile_b_climate_policy"", ""module"": ""conjoint"", ""round"": 5, ""rendered_prompt"": ""Without providing any explanation, sample at random from [\""Carbon tax ($50/ton)\"", \""Green subsidies only\"", \""No new regulations\""]."", ""response"": ""Green subsidies only""}"
2026-05-18T14:19:21.661813+00:00,facilitator_call,conjoint_policy_experiment_20260518T134252Z_bdod6b,conjoint_policy_experiment_20260518T134252Z_bdod6b_s1,conjoint_policy_experiment_20260518T134252Z_bdod6b_s1_conjoint_r5_g8,conjoint_policy_experiment_20260518T134252Z_bdod6b_8,"{""prompt_type"": ""FACILITATOR"", ""prompt_name"": ""profile_a_tax_rate"", ""module"": ""conjoint"", ""round"": 5, ""rendered_prompt"": ""Without providing any explanation, sample at random from [\""10% flat tax\"", \""Progressive (15-35%)\"", \""Current rates maintained\""]."", ""response"": ""10% flat tax""}"
2026-05-18T14:19:25.753537+00:00,facilitator_call,conjoint_policy_experiment_20260518T134252Z_bdod6b,conjoint_policy_experiment_20260518T134252Z_bdod6b_s1,conjoint_policy_experiment_20260518T134252Z_bdod6b_s1_conjoint_r5_g8,conjoint_policy_experiment_20260518T134252Z_bdod6b_8,"{""prompt_type"": ""FACILITATOR"", ""prompt_name"": ""profile_a_healthcare_spending"", ""module"": ""conjoint"", ""round"": 5, ""rendered_prompt"": ""Without providing any explanation, sample at random from [\""Increase by 20%\"", \""Maintain current levels\"", \""Decrease by 15%\""]."", ""response"": ""Maintain current levels""}"
2026-05-18T14:19:28.529313+00:00,facilitator_call,conjoint_policy_experiment_20260518T134252Z_bdod6b,conjoint_policy_experiment_20260518T134252Z_bdod6b_s1,conjoint_policy_experiment_20260518T134252Z_bdod6b_s1_conjoint_r5_g8,conjoint_policy_experiment_20260518T134252Z_bdod6b_8,"{""prompt_type"": ""FACILITATOR"", ""prompt_name"": ""profile_a_education_spending"", ""module"": ""conjoint"", ""round"": 5, ""rendered_prompt"": ""Without providing any explanation, sample at random from [\""Double public school funding\"", \""Maintain current levels\"", \""Shift to voucher system\""]."", ""response"": ""Maintain current levels""}"
2026-05-18T14:19:31.387797+00:00,facilitator_call,conjoint_policy_experiment_20260518T134252Z_bdod6b,conjoint_policy_experiment_20260518T134252Z_bdod6b_s1,conjoint_policy_experiment_20260518T134252Z_bdod6b_s1_conjoint_r5_g8,conjoint_policy_experiment_20260518T134252Z_bdod6b_8,"{""prompt_type"": ""FACILITATOR"", ""prompt_name"": ""profile_a_immigration_policy"", ""module"": ""conjoint"", ""round"": 5, ""rendered_prompt"": ""Without providing any explanation, sample at random from [\""Open borders\"", \""Points-based system\"", \""Reduce by 50%\""]."", ""response"": ""Points-based system""}"
2026-05-18T14:19:34.659203+00:00,facilitator_call,conjoint_policy_experiment_20260518T134252Z_bdod6b,conjoint_policy_experiment_20260518T134252Z_bdod6b_s1,conjoint_policy_experiment_20260518T134252Z_bdod6b_s1_conjoint_r5_g8,conjoint_policy_experiment_20260518T134252Z_bdod6b_8,"{""prompt_type"": ""FACILITATOR"", ""prompt_name"": ""profile_a_climate_policy"", ""module"": ""conjoint"", ""round"": 5, ""rendered_prompt"": ""Without providing any explanation, sample at random from [\""Carbon tax ($50/ton)\"", \""Green subsidies only\"", \""No new regulations\""]."", ""response"": ""Green subsidies only""}"
2026-05-18T14:19:38.888469+00:00,facilitator_call,conjoint_policy_experiment_20260518T134252Z_bdod6b,conjoint_policy_experiment_20260518T134252Z_bdod6b_s1,conjoint_policy_experiment_20260518T134252Z_bdod6b_s1_conjoint_r5_g8,conjoint_policy_experiment_20260518T134252Z_bdod6b_8,"{""prompt_type"": ""FACILITATOR"", ""prompt_name"": ""profile_b_tax_rate"", ""module"": ""conjoint"", ""round"": 5, ""rendered_prompt"": ""Without providing any explanation, sample at random from [\""10% flat tax\"", \""Progressive (15-35%)\"", \""Current rates maintained\""]."", ""response"": ""Progressive (15-35%)""}"
2026-05-18T14:19:41.628389+00:00,facilitator_call,conjoint_policy_experiment_20260518T134252Z_bdod6b,conjoint_policy_experiment_20260518T134252Z_bdod6b_s1,conjoint_policy_experiment_20260518T134252Z_bdod6b_s1_conjoint_r5_g8,conjoint_policy_experiment_20260518T134252Z_bdod6b_8,"{""prompt_type"": ""FACILITATOR"", ""prompt_name"": ""profile_b_healthcare_spending"", ""module"": ""conjoint"", ""round"": 5, ""rendered_prompt"": ""Without providing any explanation, sample at random from [\""Increase by 20%\"", \""Maintain current levels\"", \""Decrease by 15%\""]."", ""response"": ""Maintain current levels""}"
2026-05-18T14:19:46.679922+00:00,facilitator_call,conjoint_policy_experiment_20260518T134252Z_bdod6b,conjoint_policy_experiment_20260518T134252Z_bdod6b_s1,conjoint_policy_experiment_20260518T134252Z_bdod6b_s1_conjoint_r5_g8,conjoint_policy_experiment_20260518T134252Z_bdod6b_8,"{""prompt_type"": ""FACILITATOR"", ""prompt_name"": ""profile_b_education_spending"", ""module"": ""conjoint"", ""round"": 5, ""rendered_prompt"": ""Without providing any explanation, sample at random from [\""Double public school funding\"", \""Maintain current levels\"", \""Shift to voucher system\""]."", ""response"": ""Shift to voucher system""}"
2026-05-18T14:19:50.001521+00:00,facilitator_call,conjoint_policy_experiment_20260518T134252Z_bdod6b,conjoint_policy_experiment_20260518T134252Z_bdod6b_s1,conjoint_policy_experiment_20260518T134252Z_bdod6b_s1_conjoint_r5_g8,conjoint_policy_experiment_20260518T134252Z_bdod6b_8,"{""prompt_type"": ""FACILITATOR"", ""prompt_name"": ""profile_b_immigration_policy"", ""module"": ""conjoint"", ""round"": 5, ""rendered_prompt"": ""Without providing any explanation, sample at random from [\""Open borders\"", \""Points-based system\"", \""Reduce by 50%\""]."", ""response"": ""Points-based system""}"
2026-05-18T14:19:52.693176+00:00,facilitator_call,conjoint_policy_experiment_20260518T134252Z_bdod6b,conjoint_policy_experiment_20260518T134252Z_bdod6b_s1,conjoint_policy_experiment_20260518T134252Z_bdod6b_s1_conjoint_r5_g8,conjoint_policy_experiment_20260518T134252Z_bdod6b_8,"{""prompt_type"": ""FACILITATOR"", ""prompt_name"": ""profile_b_climate_policy"", ""module"": ""conjoint"", ""round"": 5, ""rendered_prompt"": ""Without providing any explanation, sample at random from [\""Carbon tax ($50/ton)\"", \""Green subsidies only\"", \""No new regulations\""]."", ""response"": ""Carbon tax ($50/ton)""}"
