timestamp,event_type,run_id,session_id,group_id,agent_instance_id,data
2026-05-18T13:45:46.847396+00:00,facilitator_call,public_good_experiment_20260518T134422Z_xaji0y,public_good_experiment_20260518T134422Z_xaji0y_s1,public_good_experiment_20260518T134422Z_xaji0y_s1_pgg_r1_g1,public_good_experiment_20260518T134422Z_xaji0y_1,"{""prompt_type"": ""FACILITATOR"", ""prompt_name"": ""endowment"", ""module"": ""pgg"", ""round"": 1, ""rendered_prompt"": ""Choose a random integer between 8 and 20 as the initial endowment assigned to this player. Respond with only the resulting endowment without providing any explanations."", ""response"": ""13""}"
2026-05-18T13:45:50.211756+00:00,facilitator_call,public_good_experiment_20260518T134422Z_xaji0y,public_good_experiment_20260518T134422Z_xaji0y_s1,public_good_experiment_20260518T134422Z_xaji0y_s1_pgg_r1_g1,public_good_experiment_20260518T134422Z_xaji0y_2,"{""prompt_type"": ""FACILITATOR"", ""prompt_name"": ""endowment"", ""module"": ""pgg"", ""round"": 1, ""rendered_prompt"": ""Choose a random integer between 8 and 20 as the initial endowment assigned to this player. Respond with only the resulting endowment without providing any explanations."", ""response"": ""15""}"
2026-05-18T13:45:54.031726+00:00,facilitator_call,public_good_experiment_20260518T134422Z_xaji0y,public_good_experiment_20260518T134422Z_xaji0y_s1,public_good_experiment_20260518T134422Z_xaji0y_s1_pgg_r1_g1,public_good_experiment_20260518T134422Z_xaji0y_3,"{""prompt_type"": ""FACILITATOR"", ""prompt_name"": ""endowment"", ""module"": ""pgg"", ""round"": 1, ""rendered_prompt"": ""Choose a random integer between 8 and 20 as the initial endowment assigned to this player. Respond with only the resulting endowment without providing any explanations."", ""response"": ""14""}"
2026-05-18T13:45:56.171916+00:00,facilitator_call,public_good_experiment_20260518T134422Z_xaji0y,public_good_experiment_20260518T134422Z_xaji0y_s1,public_good_experiment_20260518T134422Z_xaji0y_s1_pgg_r1_g1,public_good_experiment_20260518T134422Z_xaji0y_4,"{""prompt_type"": ""FACILITATOR"", ""prompt_name"": ""endowment"", ""module"": ""pgg"", ""round"": 1, ""rendered_prompt"": ""Choose a random integer between 8 and 20 as the initial endowment assigned to this player. Respond with only the resulting endowment without providing any explanations."", ""response"": ""17""}"
2026-05-18T13:46:35.586086+00:00,facilitator_call,public_good_experiment_20260518T134422Z_xaji0y,public_good_experiment_20260518T134422Z_xaji0y_s1,public_good_experiment_20260518T134422Z_xaji0y_s1_pgg_r1_g1,,"{""prompt_type"": ""FACILITATOR"", ""prompt_name"": ""total_contribution"", ""module"": ""pgg"", ""round"": 1, ""rendered_prompt"": ""Calculate the total number of tokens contributed to the public account by all participants in this round using the following formula:\nPlayer 1's contribution to public account in this round + Player 2's contribution to public account in this round + Player 3's contribution to public account in this round + Player 4's contribution to public account in this round\nRespond with only the resulting nunber without providing any explanations."", ""response"": ""29""}"
2026-05-18T13:46:39.583165+00:00,facilitator_call,public_good_experiment_20260518T134422Z_xaji0y,public_good_experiment_20260518T134422Z_xaji0y_s1,public_good_experiment_20260518T134422Z_xaji0y_s1_pgg_r1_g1,public_good_experiment_20260518T134422Z_xaji0y_1,"{""prompt_type"": ""FACILITATOR"", ""prompt_name"": ""public_account_earnings"", ""module"": ""pgg"", ""round"": 1, ""rendered_prompt"": ""Calculate Player ID 1's earnings from the public account this round using the following formula:\n(29 _ 2.0) / 4\nRespond with only the resulting number without providing any explanations."", ""response"": ""14.5""}"
2026-05-18T13:46:43.034602+00:00,facilitator_call,public_good_experiment_20260518T134422Z_xaji0y,public_good_experiment_20260518T134422Z_xaji0y_s1,public_good_experiment_20260518T134422Z_xaji0y_s1_pgg_r1_g1,public_good_experiment_20260518T134422Z_xaji0y_2,"{""prompt_type"": ""FACILITATOR"", ""prompt_name"": ""public_account_earnings"", ""module"": ""pgg"", ""round"": 1, ""rendered_prompt"": ""Calculate Player ID 2's earnings from the public account this round using the following formula:\n(29 _ 2.0) / 4\nRespond with only the resulting number without providing any explanations."", ""response"": ""14.5""}"
2026-05-18T13:46:47.147413+00:00,facilitator_call,public_good_experiment_20260518T134422Z_xaji0y,public_good_experiment_20260518T134422Z_xaji0y_s1,public_good_experiment_20260518T134422Z_xaji0y_s1_pgg_r1_g1,public_good_experiment_20260518T134422Z_xaji0y_3,"{""prompt_type"": ""FACILITATOR"", ""prompt_name"": ""public_account_earnings"", ""module"": ""pgg"", ""round"": 1, ""rendered_prompt"": ""Calculate Player ID 3's earnings from the public account this round using the following formula:\n(29 _ 2.0) / 4\nRespond with only the resulting number without providing any explanations."", ""response"": ""14.5""}"
2026-05-18T13:46:50.456982+00:00,facilitator_call,public_good_experiment_20260518T134422Z_xaji0y,public_good_experiment_20260518T134422Z_xaji0y_s1,public_good_experiment_20260518T134422Z_xaji0y_s1_pgg_r1_g1,public_good_experiment_20260518T134422Z_xaji0y_4,"{""prompt_type"": ""FACILITATOR"", ""prompt_name"": ""public_account_earnings"", ""module"": ""pgg"", ""round"": 1, ""rendered_prompt"": ""Calculate Player ID 4's earnings from the public account this round using the following formula:\n(29 _ 2.0) / 4\nRespond with only the resulting number without providing any explanations."", ""response"": ""14.5""}"
2026-05-18T13:46:54.039883+00:00,facilitator_call,public_good_experiment_20260518T134422Z_xaji0y,public_good_experiment_20260518T134422Z_xaji0y_s1,public_good_experiment_20260518T134422Z_xaji0y_s1_pgg_r1_g1,public_good_experiment_20260518T134422Z_xaji0y_1,"{""prompt_type"": ""FACILITATOR"", ""prompt_name"": ""private_account_remaining"", ""module"": ""pgg"", ""round"": 1, ""rendered_prompt"": ""Calculate Player ID 1's remaining private tokens this round using the following formula:\n13 _ 6\nRespond with only the resulting number without any explanations."", ""response"": ""7""}"
2026-05-18T13:46:59.466047+00:00,facilitator_call,public_good_experiment_20260518T134422Z_xaji0y,public_good_experiment_20260518T134422Z_xaji0y_s1,public_good_experiment_20260518T134422Z_xaji0y_s1_pgg_r1_g1,public_good_experiment_20260518T134422Z_xaji0y_2,"{""prompt_type"": ""FACILITATOR"", ""prompt_name"": ""private_account_remaining"", ""module"": ""pgg"", ""round"": 1, ""rendered_prompt"": ""Calculate Player ID 2's remaining private tokens this round using the following formula:\n15 _ 6\nRespond with only the resulting number without any explanations."", ""response"": ""9""}"
2026-05-18T13:47:05.529896+00:00,facilitator_call,public_good_experiment_20260518T134422Z_xaji0y,public_good_experiment_20260518T134422Z_xaji0y_s1,public_good_experiment_20260518T134422Z_xaji0y_s1_pgg_r1_g1,public_good_experiment_20260518T134422Z_xaji0y_3,"{""prompt_type"": ""FACILITATOR"", ""prompt_name"": ""private_account_remaining"", ""module"": ""pgg"", ""round"": 1, ""rendered_prompt"": ""Calculate Player ID 3's remaining private tokens this round using the following formula:\n14 _ 7\nRespond with only the resulting number without any explanations."", ""response"": ""7""}"
2026-05-18T13:47:09.963975+00:00,facilitator_call,public_good_experiment_20260518T134422Z_xaji0y,public_good_experiment_20260518T134422Z_xaji0y_s1,public_good_experiment_20260518T134422Z_xaji0y_s1_pgg_r1_g1,public_good_experiment_20260518T134422Z_xaji0y_4,"{""prompt_type"": ""FACILITATOR"", ""prompt_name"": ""private_account_remaining"", ""module"": ""pgg"", ""round"": 1, ""rendered_prompt"": ""Calculate Player ID 4's remaining private tokens this round using the following formula:\n17 _ 10\nRespond with only the resulting number without any explanations."", ""response"": ""7""}"
2026-05-18T13:47:12.215072+00:00,facilitator_call,public_good_experiment_20260518T134422Z_xaji0y,public_good_experiment_20260518T134422Z_xaji0y_s1,public_good_experiment_20260518T134422Z_xaji0y_s1_pgg_r1_g1,public_good_experiment_20260518T134422Z_xaji0y_1,"{""prompt_type"": ""FACILITATOR"", ""prompt_name"": ""payoff"", ""module"": ""pgg"", ""round"": 1, ""rendered_prompt"": ""Calculate Player ID 1's total earnings this round using the following formula:\n14.5 + 7\nRespond with only the resulting number without any explanations."", ""response"": ""21.5""}"
2026-05-18T13:47:14.140254+00:00,facilitator_call,public_good_experiment_20260518T134422Z_xaji0y,public_good_experiment_20260518T134422Z_xaji0y_s1,public_good_experiment_20260518T134422Z_xaji0y_s1_pgg_r1_g1,public_good_experiment_20260518T134422Z_xaji0y_2,"{""prompt_type"": ""FACILITATOR"", ""prompt_name"": ""payoff"", ""module"": ""pgg"", ""round"": 1, ""rendered_prompt"": ""Calculate Player ID 2's total earnings this round using the following formula:\n14.5 + 9\nRespond with only the resulting number without any explanations."", ""response"": ""23.5""}"
2026-05-18T13:47:15.936691+00:00,facilitator_call,public_good_experiment_20260518T134422Z_xaji0y,public_good_experiment_20260518T134422Z_xaji0y_s1,public_good_experiment_20260518T134422Z_xaji0y_s1_pgg_r1_g1,public_good_experiment_20260518T134422Z_xaji0y_3,"{""prompt_type"": ""FACILITATOR"", ""prompt_name"": ""payoff"", ""module"": ""pgg"", ""round"": 1, ""rendered_prompt"": ""Calculate Player ID 3's total earnings this round using the following formula:\n14.5 + 7\nRespond with only the resulting number without any explanations."", ""response"": ""21.5""}"
2026-05-18T13:47:19.091685+00:00,facilitator_call,public_good_experiment_20260518T134422Z_xaji0y,public_good_experiment_20260518T134422Z_xaji0y_s1,public_good_experiment_20260518T134422Z_xaji0y_s1_pgg_r1_g1,public_good_experiment_20260518T134422Z_xaji0y_4,"{""prompt_type"": ""FACILITATOR"", ""prompt_name"": ""payoff"", ""module"": ""pgg"", ""round"": 1, ""rendered_prompt"": ""Calculate Player ID 4's total earnings this round using the following formula:\n14.5 + 7\nRespond with only the resulting number without any explanations."", ""response"": ""21.5""}"
2026-05-18T13:48:16.267254+00:00,facilitator_call,public_good_experiment_20260518T134422Z_xaji0y,public_good_experiment_20260518T134422Z_xaji0y_s1,public_good_experiment_20260518T134422Z_xaji0y_s1_pgg_r1_g2,public_good_experiment_20260518T134422Z_xaji0y_5,"{""prompt_type"": ""FACILITATOR"", ""prompt_name"": ""endowment"", ""module"": ""pgg"", ""round"": 1, ""rendered_prompt"": ""Choose a random integer between 8 and 20 as the initial endowment assigned to this player. Respond with only the resulting endowment without providing any explanations."", ""response"": ""17""}"
2026-05-18T13:48:19.602387+00:00,facilitator_call,public_good_experiment_20260518T134422Z_xaji0y,public_good_experiment_20260518T134422Z_xaji0y_s1,public_good_experiment_20260518T134422Z_xaji0y_s1_pgg_r1_g2,public_good_experiment_20260518T134422Z_xaji0y_6,"{""prompt_type"": ""FACILITATOR"", ""prompt_name"": ""endowment"", ""module"": ""pgg"", ""round"": 1, ""rendered_prompt"": ""Choose a random integer between 8 and 20 as the initial endowment assigned to this player. Respond with only the resulting endowment without providing any explanations."", ""response"": ""13""}"
2026-05-18T13:48:21.882275+00:00,facilitator_call,public_good_experiment_20260518T134422Z_xaji0y,public_good_experiment_20260518T134422Z_xaji0y_s1,public_good_experiment_20260518T134422Z_xaji0y_s1_pgg_r1_g2,public_good_experiment_20260518T134422Z_xaji0y_7,"{""prompt_type"": ""FACILITATOR"", ""prompt_name"": ""endowment"", ""module"": ""pgg"", ""round"": 1, ""rendered_prompt"": ""Choose a random integer between 8 and 20 as the initial endowment assigned to this player. Respond with only the resulting endowment without providing any explanations."", ""response"": ""13""}"
2026-05-18T13:48:26.305385+00:00,facilitator_call,public_good_experiment_20260518T134422Z_xaji0y,public_good_experiment_20260518T134422Z_xaji0y_s1,public_good_experiment_20260518T134422Z_xaji0y_s1_pgg_r1_g2,public_good_experiment_20260518T134422Z_xaji0y_8,"{""prompt_type"": ""FACILITATOR"", ""prompt_name"": ""endowment"", ""module"": ""pgg"", ""round"": 1, ""rendered_prompt"": ""Choose a random integer between 8 and 20 as the initial endowment assigned to this player. Respond with only the resulting endowment without providing any explanations."", ""response"": ""11""}"
2026-05-18T13:48:55.315994+00:00,facilitator_call,public_good_experiment_20260518T134422Z_xaji0y,public_good_experiment_20260518T134422Z_xaji0y_s1,public_good_experiment_20260518T134422Z_xaji0y_s1_pgg_r1_g2,,"{""prompt_type"": ""FACILITATOR"", ""prompt_name"": ""total_contribution"", ""module"": ""pgg"", ""round"": 1, ""rendered_prompt"": ""Calculate the total number of tokens contributed to the public account by all participants in this round using the following formula:\nPlayer 1's contribution to public account in this round + Player 2's contribution to public account in this round + Player 3's contribution to public account in this round + Player 4's contribution to public account in this round\nRespond with only the resulting nunber without providing any explanations."", ""response"": ""10""}"
2026-05-18T13:48:58.415627+00:00,facilitator_call,public_good_experiment_20260518T134422Z_xaji0y,public_good_experiment_20260518T134422Z_xaji0y_s1,public_good_experiment_20260518T134422Z_xaji0y_s1_pgg_r1_g2,public_good_experiment_20260518T134422Z_xaji0y_5,"{""prompt_type"": ""FACILITATOR"", ""prompt_name"": ""public_account_earnings"", ""module"": ""pgg"", ""round"": 1, ""rendered_prompt"": ""Calculate Player ID 5's earnings from the public account this round using the following formula:\n(10 _ 2.0) / 4\nRespond with only the resulting number without providing any explanations."", ""response"": ""5""}"
2026-05-18T13:49:01.813286+00:00,facilitator_call,public_good_experiment_20260518T134422Z_xaji0y,public_good_experiment_20260518T134422Z_xaji0y_s1,public_good_experiment_20260518T134422Z_xaji0y_s1_pgg_r1_g2,public_good_experiment_20260518T134422Z_xaji0y_6,"{""prompt_type"": ""FACILITATOR"", ""prompt_name"": ""public_account_earnings"", ""module"": ""pgg"", ""round"": 1, ""rendered_prompt"": ""Calculate Player ID 6's earnings from the public account this round using the following formula:\n(10 _ 2.0) / 4\nRespond with only the resulting number without providing any explanations."", ""response"": ""5""}"
2026-05-18T13:49:04.799183+00:00,facilitator_call,public_good_experiment_20260518T134422Z_xaji0y,public_good_experiment_20260518T134422Z_xaji0y_s1,public_good_experiment_20260518T134422Z_xaji0y_s1_pgg_r1_g2,public_good_experiment_20260518T134422Z_xaji0y_7,"{""prompt_type"": ""FACILITATOR"", ""prompt_name"": ""public_account_earnings"", ""module"": ""pgg"", ""round"": 1, ""rendered_prompt"": ""Calculate Player ID 7's earnings from the public account this round using the following formula:\n(10 _ 2.0) / 4\nRespond with only the resulting number without providing any explanations."", ""response"": ""5""}"
2026-05-18T13:49:07.672754+00:00,facilitator_call,public_good_experiment_20260518T134422Z_xaji0y,public_good_experiment_20260518T134422Z_xaji0y_s1,public_good_experiment_20260518T134422Z_xaji0y_s1_pgg_r1_g2,public_good_experiment_20260518T134422Z_xaji0y_8,"{""prompt_type"": ""FACILITATOR"", ""prompt_name"": ""public_account_earnings"", ""module"": ""pgg"", ""round"": 1, ""rendered_prompt"": ""Calculate Player ID 8's earnings from the public account this round using the following formula:\n(10 _ 2.0) / 4\nRespond with only the resulting number without providing any explanations."", ""response"": ""5""}"
2026-05-18T13:49:10.677365+00:00,facilitator_call,public_good_experiment_20260518T134422Z_xaji0y,public_good_experiment_20260518T134422Z_xaji0y_s1,public_good_experiment_20260518T134422Z_xaji0y_s1_pgg_r1_g2,public_good_experiment_20260518T134422Z_xaji0y_5,"{""prompt_type"": ""FACILITATOR"", ""prompt_name"": ""private_account_remaining"", ""module"": ""pgg"", ""round"": 1, ""rendered_prompt"": ""Calculate Player ID 5's remaining private tokens this round using the following formula:\n17 _ 0\nRespond with only the resulting number without any explanations."", ""response"": ""17""}"
2026-05-18T13:49:14.465064+00:00,facilitator_call,public_good_experiment_20260518T134422Z_xaji0y,public_good_experiment_20260518T134422Z_xaji0y_s1,public_good_experiment_20260518T134422Z_xaji0y_s1_pgg_r1_g2,public_good_experiment_20260518T134422Z_xaji0y_6,"{""prompt_type"": ""FACILITATOR"", ""prompt_name"": ""private_account_remaining"", ""module"": ""pgg"", ""round"": 1, ""rendered_prompt"": ""Calculate Player ID 6's remaining private tokens this round using the following formula:\n13 _ 0\nRespond with only the resulting number without any explanations."", ""response"": ""13""}"
2026-05-18T13:49:24.666362+00:00,facilitator_call,public_good_experiment_20260518T134422Z_xaji0y,public_good_experiment_20260518T134422Z_xaji0y_s1,public_good_experiment_20260518T134422Z_xaji0y_s1_pgg_r1_g2,public_good_experiment_20260518T134422Z_xaji0y_7,"{""prompt_type"": ""FACILITATOR"", ""prompt_name"": ""private_account_remaining"", ""module"": ""pgg"", ""round"": 1, ""rendered_prompt"": ""Calculate Player ID 7's remaining private tokens this round using the following formula:\n13 _ 2\nRespond with only the resulting number without any explanations."", ""response"": ""11""}"
2026-05-18T13:49:31.195918+00:00,facilitator_call,public_good_experiment_20260518T134422Z_xaji0y,public_good_experiment_20260518T134422Z_xaji0y_s1,public_good_experiment_20260518T134422Z_xaji0y_s1_pgg_r1_g2,public_good_experiment_20260518T134422Z_xaji0y_8,"{""prompt_type"": ""FACILITATOR"", ""prompt_name"": ""private_account_remaining"", ""module"": ""pgg"", ""round"": 1, ""rendered_prompt"": ""Calculate Player ID 8's remaining private tokens this round using the following formula:\n11 _ 8\nRespond with only the resulting number without any explanations."", ""response"": ""3""}"
2026-05-18T13:49:34.221570+00:00,facilitator_call,public_good_experiment_20260518T134422Z_xaji0y,public_good_experiment_20260518T134422Z_xaji0y_s1,public_good_experiment_20260518T134422Z_xaji0y_s1_pgg_r1_g2,public_good_experiment_20260518T134422Z_xaji0y_5,"{""prompt_type"": ""FACILITATOR"", ""prompt_name"": ""payoff"", ""module"": ""pgg"", ""round"": 1, ""rendered_prompt"": ""Calculate Player ID 5's total earnings this round using the following formula:\n5 + 17\nRespond with only the resulting number without any explanations."", ""response"": ""22""}"
2026-05-18T13:49:36.310509+00:00,facilitator_call,public_good_experiment_20260518T134422Z_xaji0y,public_good_experiment_20260518T134422Z_xaji0y_s1,public_good_experiment_20260518T134422Z_xaji0y_s1_pgg_r1_g2,public_good_experiment_20260518T134422Z_xaji0y_6,"{""prompt_type"": ""FACILITATOR"", ""prompt_name"": ""payoff"", ""module"": ""pgg"", ""round"": 1, ""rendered_prompt"": ""Calculate Player ID 6's total earnings this round using the following formula:\n5 + 13\nRespond with only the resulting number without any explanations."", ""response"": ""18""}"
2026-05-18T13:49:38.544697+00:00,facilitator_call,public_good_experiment_20260518T134422Z_xaji0y,public_good_experiment_20260518T134422Z_xaji0y_s1,public_good_experiment_20260518T134422Z_xaji0y_s1_pgg_r1_g2,public_good_experiment_20260518T134422Z_xaji0y_7,"{""prompt_type"": ""FACILITATOR"", ""prompt_name"": ""payoff"", ""module"": ""pgg"", ""round"": 1, ""rendered_prompt"": ""Calculate Player ID 7's total earnings this round using the following formula:\n5 + 11\nRespond with only the resulting number without any explanations."", ""response"": ""16""}"
2026-05-18T13:49:40.678982+00:00,facilitator_call,public_good_experiment_20260518T134422Z_xaji0y,public_good_experiment_20260518T134422Z_xaji0y_s1,public_good_experiment_20260518T134422Z_xaji0y_s1_pgg_r1_g2,public_good_experiment_20260518T134422Z_xaji0y_8,"{""prompt_type"": ""FACILITATOR"", ""prompt_name"": ""payoff"", ""module"": ""pgg"", ""round"": 1, ""rendered_prompt"": ""Calculate Player ID 8's total earnings this round using the following formula:\n5 + 3\nRespond with only the resulting number without any explanations."", ""response"": ""8""}"
2026-05-18T13:50:54.062293+00:00,facilitator_call,public_good_experiment_20260518T134422Z_xaji0y,public_good_experiment_20260518T134422Z_xaji0y_s1,public_good_experiment_20260518T134422Z_xaji0y_s1_pgg_r1_g3,public_good_experiment_20260518T134422Z_xaji0y_9,"{""prompt_type"": ""FACILITATOR"", ""prompt_name"": ""endowment"", ""module"": ""pgg"", ""round"": 1, ""rendered_prompt"": ""Choose a random integer between 8 and 20 as the initial endowment assigned to this player. Respond with only the resulting endowment without providing any explanations."", ""response"": ""14""}"
2026-05-18T13:50:56.897248+00:00,facilitator_call,public_good_experiment_20260518T134422Z_xaji0y,public_good_experiment_20260518T134422Z_xaji0y_s1,public_good_experiment_20260518T134422Z_xaji0y_s1_pgg_r1_g3,public_good_experiment_20260518T134422Z_xaji0y_10,"{""prompt_type"": ""FACILITATOR"", ""prompt_name"": ""endowment"", ""module"": ""pgg"", ""round"": 1, ""rendered_prompt"": ""Choose a random integer between 8 and 20 as the initial endowment assigned to this player. Respond with only the resulting endowment without providing any explanations."", ""response"": ""13""}"
2026-05-18T13:50:58.989336+00:00,facilitator_call,public_good_experiment_20260518T134422Z_xaji0y,public_good_experiment_20260518T134422Z_xaji0y_s1,public_good_experiment_20260518T134422Z_xaji0y_s1_pgg_r1_g3,public_good_experiment_20260518T134422Z_xaji0y_11,"{""prompt_type"": ""FACILITATOR"", ""prompt_name"": ""endowment"", ""module"": ""pgg"", ""round"": 1, ""rendered_prompt"": ""Choose a random integer between 8 and 20 as the initial endowment assigned to this player. Respond with only the resulting endowment without providing any explanations."", ""response"": ""16""}"
2026-05-18T13:51:02.162130+00:00,facilitator_call,public_good_experiment_20260518T134422Z_xaji0y,public_good_experiment_20260518T134422Z_xaji0y_s1,public_good_experiment_20260518T134422Z_xaji0y_s1_pgg_r1_g3,public_good_experiment_20260518T134422Z_xaji0y_12,"{""prompt_type"": ""FACILITATOR"", ""prompt_name"": ""endowment"", ""module"": ""pgg"", ""round"": 1, ""rendered_prompt"": ""Choose a random integer between 8 and 20 as the initial endowment assigned to this player. Respond with only the resulting endowment without providing any explanations."", ""response"": ""14""}"
2026-05-18T13:51:47.943441+00:00,facilitator_call,public_good_experiment_20260518T134422Z_xaji0y,public_good_experiment_20260518T134422Z_xaji0y_s1,public_good_experiment_20260518T134422Z_xaji0y_s1_pgg_r1_g3,,"{""prompt_type"": ""FACILITATOR"", ""prompt_name"": ""total_contribution"", ""module"": ""pgg"", ""round"": 1, ""rendered_prompt"": ""Calculate the total number of tokens contributed to the public account by all participants in this round using the following formula:\nPlayer 1's contribution to public account in this round + Player 2's contribution to public account in this round + Player 3's contribution to public account in this round + Player 4's contribution to public account in this round\nRespond with only the resulting nunber without providing any explanations."", ""response"": ""27""}"
2026-05-18T13:51:52.237559+00:00,facilitator_call,public_good_experiment_20260518T134422Z_xaji0y,public_good_experiment_20260518T134422Z_xaji0y_s1,public_good_experiment_20260518T134422Z_xaji0y_s1_pgg_r1_g3,public_good_experiment_20260518T134422Z_xaji0y_9,"{""prompt_type"": ""FACILITATOR"", ""prompt_name"": ""public_account_earnings"", ""module"": ""pgg"", ""round"": 1, ""rendered_prompt"": ""Calculate Player ID 9's earnings from the public account this round using the following formula:\n(27 _ 2.0) / 4\nRespond with only the resulting number without providing any explanations."", ""response"": ""13.5""}"
2026-05-18T13:51:56.039796+00:00,facilitator_call,public_good_experiment_20260518T134422Z_xaji0y,public_good_experiment_20260518T134422Z_xaji0y_s1,public_good_experiment_20260518T134422Z_xaji0y_s1_pgg_r1_g3,public_good_experiment_20260518T134422Z_xaji0y_10,"{""prompt_type"": ""FACILITATOR"", ""prompt_name"": ""public_account_earnings"", ""module"": ""pgg"", ""round"": 1, ""rendered_prompt"": ""Calculate Player ID 10's earnings from the public account this round using the following formula:\n(27 _ 2.0) / 4\nRespond with only the resulting number without providing any explanations."", ""response"": ""13.5""}"
2026-05-18T13:51:59.406232+00:00,facilitator_call,public_good_experiment_20260518T134422Z_xaji0y,public_good_experiment_20260518T134422Z_xaji0y_s1,public_good_experiment_20260518T134422Z_xaji0y_s1_pgg_r1_g3,public_good_experiment_20260518T134422Z_xaji0y_11,"{""prompt_type"": ""FACILITATOR"", ""prompt_name"": ""public_account_earnings"", ""module"": ""pgg"", ""round"": 1, ""rendered_prompt"": ""Calculate Player ID 11's earnings from the public account this round using the following formula:\n(27 _ 2.0) / 4\nRespond with only the resulting number without providing any explanations."", ""response"": ""13.5""}"
2026-05-18T13:52:02.928443+00:00,facilitator_call,public_good_experiment_20260518T134422Z_xaji0y,public_good_experiment_20260518T134422Z_xaji0y_s1,public_good_experiment_20260518T134422Z_xaji0y_s1_pgg_r1_g3,public_good_experiment_20260518T134422Z_xaji0y_12,"{""prompt_type"": ""FACILITATOR"", ""prompt_name"": ""public_account_earnings"", ""module"": ""pgg"", ""round"": 1, ""rendered_prompt"": ""Calculate Player ID 12's earnings from the public account this round using the following formula:\n(27 _ 2.0) / 4\nRespond with only the resulting number without providing any explanations."", ""response"": ""13.5""}"
2026-05-18T13:52:08.519329+00:00,facilitator_call,public_good_experiment_20260518T134422Z_xaji0y,public_good_experiment_20260518T134422Z_xaji0y_s1,public_good_experiment_20260518T134422Z_xaji0y_s1_pgg_r1_g3,public_good_experiment_20260518T134422Z_xaji0y_9,"{""prompt_type"": ""FACILITATOR"", ""prompt_name"": ""private_account_remaining"", ""module"": ""pgg"", ""round"": 1, ""rendered_prompt"": ""Calculate Player ID 9's remaining private tokens this round using the following formula:\n14 _ 6\nRespond with only the resulting number without any explanations."", ""response"": ""8""}"
2026-05-18T13:52:13.323163+00:00,facilitator_call,public_good_experiment_20260518T134422Z_xaji0y,public_good_experiment_20260518T134422Z_xaji0y_s1,public_good_experiment_20260518T134422Z_xaji0y_s1_pgg_r1_g3,public_good_experiment_20260518T134422Z_xaji0y_10,"{""prompt_type"": ""FACILITATOR"", ""prompt_name"": ""private_account_remaining"", ""module"": ""pgg"", ""round"": 1, ""rendered_prompt"": ""Calculate Player ID 10's remaining private tokens this round using the following formula:\n13 _ 5\nRespond with only the resulting number without any explanations."", ""response"": ""8""}"
2026-05-18T13:52:17.535092+00:00,facilitator_call,public_good_experiment_20260518T134422Z_xaji0y,public_good_experiment_20260518T134422Z_xaji0y_s1,public_good_experiment_20260518T134422Z_xaji0y_s1_pgg_r1_g3,public_good_experiment_20260518T134422Z_xaji0y_11,"{""prompt_type"": ""FACILITATOR"", ""prompt_name"": ""private_account_remaining"", ""module"": ""pgg"", ""round"": 1, ""rendered_prompt"": ""Calculate Player ID 11's remaining private tokens this round using the following formula:\n16 _ 6\nRespond with only the resulting number without any explanations."", ""response"": ""10""}"
2026-05-18T13:52:25.837503+00:00,facilitator_call,public_good_experiment_20260518T134422Z_xaji0y,public_good_experiment_20260518T134422Z_xaji0y_s1,public_good_experiment_20260518T134422Z_xaji0y_s1_pgg_r1_g3,public_good_experiment_20260518T134422Z_xaji0y_12,"{""prompt_type"": ""FACILITATOR"", ""prompt_name"": ""private_account_remaining"", ""module"": ""pgg"", ""round"": 1, ""rendered_prompt"": ""Calculate Player ID 12's remaining private tokens this round using the following formula:\n14 _ 10\nRespond with only the resulting number without any explanations."", ""response"": ""4""}"
2026-05-18T13:52:27.756949+00:00,facilitator_call,public_good_experiment_20260518T134422Z_xaji0y,public_good_experiment_20260518T134422Z_xaji0y_s1,public_good_experiment_20260518T134422Z_xaji0y_s1_pgg_r1_g3,public_good_experiment_20260518T134422Z_xaji0y_9,"{""prompt_type"": ""FACILITATOR"", ""prompt_name"": ""payoff"", ""module"": ""pgg"", ""round"": 1, ""rendered_prompt"": ""Calculate Player ID 9's total earnings this round using the following formula:\n13.5 + 8\nRespond with only the resulting number without any explanations."", ""response"": ""21.5""}"
2026-05-18T13:52:30.352885+00:00,facilitator_call,public_good_experiment_20260518T134422Z_xaji0y,public_good_experiment_20260518T134422Z_xaji0y_s1,public_good_experiment_20260518T134422Z_xaji0y_s1_pgg_r1_g3,public_good_experiment_20260518T134422Z_xaji0y_10,"{""prompt_type"": ""FACILITATOR"", ""prompt_name"": ""payoff"", ""module"": ""pgg"", ""round"": 1, ""rendered_prompt"": ""Calculate Player ID 10's total earnings this round using the following formula:\n13.5 + 8\nRespond with only the resulting number without any explanations."", ""response"": ""21.5""}"
2026-05-18T13:52:33.752080+00:00,facilitator_call,public_good_experiment_20260518T134422Z_xaji0y,public_good_experiment_20260518T134422Z_xaji0y_s1,public_good_experiment_20260518T134422Z_xaji0y_s1_pgg_r1_g3,public_good_experiment_20260518T134422Z_xaji0y_11,"{""prompt_type"": ""FACILITATOR"", ""prompt_name"": ""payoff"", ""module"": ""pgg"", ""round"": 1, ""rendered_prompt"": ""Calculate Player ID 11's total earnings this round using the following formula:\n13.5 + 10\nRespond with only the resulting number without any explanations."", ""response"": ""23.5""}"
2026-05-18T13:52:37.370814+00:00,facilitator_call,public_good_experiment_20260518T134422Z_xaji0y,public_good_experiment_20260518T134422Z_xaji0y_s1,public_good_experiment_20260518T134422Z_xaji0y_s1_pgg_r1_g3,public_good_experiment_20260518T134422Z_xaji0y_12,"{""prompt_type"": ""FACILITATOR"", ""prompt_name"": ""payoff"", ""module"": ""pgg"", ""round"": 1, ""rendered_prompt"": ""Calculate Player ID 12's total earnings this round using the following formula:\n13.5 + 4\nRespond with only the resulting number without any explanations."", ""response"": ""17.5""}"
2026-05-18T13:53:41.123085+00:00,facilitator_call,public_good_experiment_20260518T134422Z_xaji0y,public_good_experiment_20260518T134422Z_xaji0y_s1,public_good_experiment_20260518T134422Z_xaji0y_s1_pgg_r1_g4,public_good_experiment_20260518T134422Z_xaji0y_13,"{""prompt_type"": ""FACILITATOR"", ""prompt_name"": ""endowment"", ""module"": ""pgg"", ""round"": 1, ""rendered_prompt"": ""Choose a random integer between 8 and 20 as the initial endowment assigned to this player. Respond with only the resulting endowment without providing any explanations."", ""response"": ""17""}"
2026-05-18T13:53:45.591344+00:00,facilitator_call,public_good_experiment_20260518T134422Z_xaji0y,public_good_experiment_20260518T134422Z_xaji0y_s1,public_good_experiment_20260518T134422Z_xaji0y_s1_pgg_r1_g4,public_good_experiment_20260518T134422Z_xaji0y_14,"{""prompt_type"": ""FACILITATOR"", ""prompt_name"": ""endowment"", ""module"": ""pgg"", ""round"": 1, ""rendered_prompt"": ""Choose a random integer between 8 and 20 as the initial endowment assigned to this player. Respond with only the resulting endowment without providing any explanations."", ""response"": ""14""}"
2026-05-18T13:53:48.341629+00:00,facilitator_call,public_good_experiment_20260518T134422Z_xaji0y,public_good_experiment_20260518T134422Z_xaji0y_s1,public_good_experiment_20260518T134422Z_xaji0y_s1_pgg_r1_g4,public_good_experiment_20260518T134422Z_xaji0y_15,"{""prompt_type"": ""FACILITATOR"", ""prompt_name"": ""endowment"", ""module"": ""pgg"", ""round"": 1, ""rendered_prompt"": ""Choose a random integer between 8 and 20 as the initial endowment assigned to this player. Respond with only the resulting endowment without providing any explanations."", ""response"": ""17""}"
2026-05-18T13:53:53.550898+00:00,facilitator_call,public_good_experiment_20260518T134422Z_xaji0y,public_good_experiment_20260518T134422Z_xaji0y_s1,public_good_experiment_20260518T134422Z_xaji0y_s1_pgg_r1_g4,public_good_experiment_20260518T134422Z_xaji0y_16,"{""prompt_type"": ""FACILITATOR"", ""prompt_name"": ""endowment"", ""module"": ""pgg"", ""round"": 1, ""rendered_prompt"": ""Choose a random integer between 8 and 20 as the initial endowment assigned to this player. Respond with only the resulting endowment without providing any explanations."", ""response"": ""12""}"
2026-05-18T13:54:28.672081+00:00,facilitator_call,public_good_experiment_20260518T134422Z_xaji0y,public_good_experiment_20260518T134422Z_xaji0y_s1,public_good_experiment_20260518T134422Z_xaji0y_s1_pgg_r1_g4,,"{""prompt_type"": ""FACILITATOR"", ""prompt_name"": ""total_contribution"", ""module"": ""pgg"", ""round"": 1, ""rendered_prompt"": ""Calculate the total number of tokens contributed to the public account by all participants in this round using the following formula:\nPlayer 1's contribution to public account in this round + Player 2's contribution to public account in this round + Player 3's contribution to public account in this round + Player 4's contribution to public account in this round\nRespond with only the resulting nunber without providing any explanations."", ""response"": ""11""}"
2026-05-18T13:54:32.312043+00:00,facilitator_call,public_good_experiment_20260518T134422Z_xaji0y,public_good_experiment_20260518T134422Z_xaji0y_s1,public_good_experiment_20260518T134422Z_xaji0y_s1_pgg_r1_g4,public_good_experiment_20260518T134422Z_xaji0y_13,"{""prompt_type"": ""FACILITATOR"", ""prompt_name"": ""public_account_earnings"", ""module"": ""pgg"", ""round"": 1, ""rendered_prompt"": ""Calculate Player ID 13's earnings from the public account this round using the following formula:\n(11 _ 2.0) / 4\nRespond with only the resulting number without providing any explanations."", ""response"": ""5.5""}"
2026-05-18T13:54:36.016084+00:00,facilitator_call,public_good_experiment_20260518T134422Z_xaji0y,public_good_experiment_20260518T134422Z_xaji0y_s1,public_good_experiment_20260518T134422Z_xaji0y_s1_pgg_r1_g4,public_good_experiment_20260518T134422Z_xaji0y_14,"{""prompt_type"": ""FACILITATOR"", ""prompt_name"": ""public_account_earnings"", ""module"": ""pgg"", ""round"": 1, ""rendered_prompt"": ""Calculate Player ID 14's earnings from the public account this round using the following formula:\n(11 _ 2.0) / 4\nRespond with only the resulting number without providing any explanations."", ""response"": ""5.5""}"
2026-05-18T13:54:38.457082+00:00,facilitator_call,public_good_experiment_20260518T134422Z_xaji0y,public_good_experiment_20260518T134422Z_xaji0y_s1,public_good_experiment_20260518T134422Z_xaji0y_s1_pgg_r1_g4,public_good_experiment_20260518T134422Z_xaji0y_15,"{""prompt_type"": ""FACILITATOR"", ""prompt_name"": ""public_account_earnings"", ""module"": ""pgg"", ""round"": 1, ""rendered_prompt"": ""Calculate Player ID 15's earnings from the public account this round using the following formula:\n(11 _ 2.0) / 4\nRespond with only the resulting number without providing any explanations."", ""response"": ""5.5""}"
2026-05-18T13:54:43.002250+00:00,facilitator_call,public_good_experiment_20260518T134422Z_xaji0y,public_good_experiment_20260518T134422Z_xaji0y_s1,public_good_experiment_20260518T134422Z_xaji0y_s1_pgg_r1_g4,public_good_experiment_20260518T134422Z_xaji0y_16,"{""prompt_type"": ""FACILITATOR"", ""prompt_name"": ""public_account_earnings"", ""module"": ""pgg"", ""round"": 1, ""rendered_prompt"": ""Calculate Player ID 16's earnings from the public account this round using the following formula:\n(11 _ 2.0) / 4\nRespond with only the resulting number without providing any explanations."", ""response"": ""5.5""}"
2026-05-18T13:54:47.494121+00:00,facilitator_call,public_good_experiment_20260518T134422Z_xaji0y,public_good_experiment_20260518T134422Z_xaji0y_s1,public_good_experiment_20260518T134422Z_xaji0y_s1_pgg_r1_g4,public_good_experiment_20260518T134422Z_xaji0y_13,"{""prompt_type"": ""FACILITATOR"", ""prompt_name"": ""private_account_remaining"", ""module"": ""pgg"", ""round"": 1, ""rendered_prompt"": ""Calculate Player ID 13's remaining private tokens this round using the following formula:\n17 _ 0\nRespond with only the resulting number without any explanations."", ""response"": ""17""}"
2026-05-18T13:54:51.783170+00:00,facilitator_call,public_good_experiment_20260518T134422Z_xaji0y,public_good_experiment_20260518T134422Z_xaji0y_s1,public_good_experiment_20260518T134422Z_xaji0y_s1_pgg_r1_g4,public_good_experiment_20260518T134422Z_xaji0y_14,"{""prompt_type"": ""FACILITATOR"", ""prompt_name"": ""private_account_remaining"", ""module"": ""pgg"", ""round"": 1, ""rendered_prompt"": ""Calculate Player ID 14's remaining private tokens this round using the following formula:\n14 _ 5\nRespond with only the resulting number without any explanations."", ""response"": ""9""}"
2026-05-18T13:55:08.473136+00:00,facilitator_call,public_good_experiment_20260518T134422Z_xaji0y,public_good_experiment_20260518T134422Z_xaji0y_s1,public_good_experiment_20260518T134422Z_xaji0y_s1_pgg_r1_g4,public_good_experiment_20260518T134422Z_xaji0y_15,"{""prompt_type"": ""FACILITATOR"", ""prompt_name"": ""private_account_remaining"", ""module"": ""pgg"", ""round"": 1, ""rendered_prompt"": ""Calculate Player ID 15's remaining private tokens this round using the following formula:\n17 _ 0\nRespond with only the resulting number without any explanations."", ""response"": ""17""}"
2026-05-18T13:55:13.147833+00:00,facilitator_call,public_good_experiment_20260518T134422Z_xaji0y,public_good_experiment_20260518T134422Z_xaji0y_s1,public_good_experiment_20260518T134422Z_xaji0y_s1_pgg_r1_g4,public_good_experiment_20260518T134422Z_xaji0y_16,"{""prompt_type"": ""FACILITATOR"", ""prompt_name"": ""private_account_remaining"", ""module"": ""pgg"", ""round"": 1, ""rendered_prompt"": ""Calculate Player ID 16's remaining private tokens this round using the following formula:\n12 _ 6\nRespond with only the resulting number without any explanations."", ""response"": ""6""}"
2026-05-18T13:55:15.375066+00:00,facilitator_call,public_good_experiment_20260518T134422Z_xaji0y,public_good_experiment_20260518T134422Z_xaji0y_s1,public_good_experiment_20260518T134422Z_xaji0y_s1_pgg_r1_g4,public_good_experiment_20260518T134422Z_xaji0y_13,"{""prompt_type"": ""FACILITATOR"", ""prompt_name"": ""payoff"", ""module"": ""pgg"", ""round"": 1, ""rendered_prompt"": ""Calculate Player ID 13's total earnings this round using the following formula:\n5.5 + 17\nRespond with only the resulting number without any explanations."", ""response"": ""22.5""}"
2026-05-18T13:55:17.316948+00:00,facilitator_call,public_good_experiment_20260518T134422Z_xaji0y,public_good_experiment_20260518T134422Z_xaji0y_s1,public_good_experiment_20260518T134422Z_xaji0y_s1_pgg_r1_g4,public_good_experiment_20260518T134422Z_xaji0y_14,"{""prompt_type"": ""FACILITATOR"", ""prompt_name"": ""payoff"", ""module"": ""pgg"", ""round"": 1, ""rendered_prompt"": ""Calculate Player ID 14's total earnings this round using the following formula:\n5.5 + 9\nRespond with only the resulting number without any explanations."", ""response"": ""14.5""}"
2026-05-18T13:55:20.020987+00:00,facilitator_call,public_good_experiment_20260518T134422Z_xaji0y,public_good_experiment_20260518T134422Z_xaji0y_s1,public_good_experiment_20260518T134422Z_xaji0y_s1_pgg_r1_g4,public_good_experiment_20260518T134422Z_xaji0y_15,"{""prompt_type"": ""FACILITATOR"", ""prompt_name"": ""payoff"", ""module"": ""pgg"", ""round"": 1, ""rendered_prompt"": ""Calculate Player ID 15's total earnings this round using the following formula:\n5.5 + 17\nRespond with only the resulting number without any explanations."", ""response"": ""22.5""}"
2026-05-18T13:55:22.451019+00:00,facilitator_call,public_good_experiment_20260518T134422Z_xaji0y,public_good_experiment_20260518T134422Z_xaji0y_s1,public_good_experiment_20260518T134422Z_xaji0y_s1_pgg_r1_g4,public_good_experiment_20260518T134422Z_xaji0y_16,"{""prompt_type"": ""FACILITATOR"", ""prompt_name"": ""payoff"", ""module"": ""pgg"", ""round"": 1, ""rendered_prompt"": ""Calculate Player ID 16's total earnings this round using the following formula:\n5.5 + 6\nRespond with only the resulting number without any explanations."", ""response"": ""11.5""}"
2026-05-18T13:56:40.042307+00:00,facilitator_call,public_good_experiment_20260518T134422Z_xaji0y,public_good_experiment_20260518T134422Z_xaji0y_s1,public_good_experiment_20260518T134422Z_xaji0y_s1_pgg_r1_g5,public_good_experiment_20260518T134422Z_xaji0y_17,"{""prompt_type"": ""FACILITATOR"", ""prompt_name"": ""endowment"", ""module"": ""pgg"", ""round"": 1, ""rendered_prompt"": ""Choose a random integer between 8 and 20 as the initial endowment assigned to this player. Respond with only the resulting endowment without providing any explanations."", ""response"": ""12""}"
2026-05-18T13:56:42.719196+00:00,facilitator_call,public_good_experiment_20260518T134422Z_xaji0y,public_good_experiment_20260518T134422Z_xaji0y_s1,public_good_experiment_20260518T134422Z_xaji0y_s1_pgg_r1_g5,public_good_experiment_20260518T134422Z_xaji0y_18,"{""prompt_type"": ""FACILITATOR"", ""prompt_name"": ""endowment"", ""module"": ""pgg"", ""round"": 1, ""rendered_prompt"": ""Choose a random integer between 8 and 20 as the initial endowment assigned to this player. Respond with only the resulting endowment without providing any explanations."", ""response"": ""13""}"
2026-05-18T13:56:45.900271+00:00,facilitator_call,public_good_experiment_20260518T134422Z_xaji0y,public_good_experiment_20260518T134422Z_xaji0y_s1,public_good_experiment_20260518T134422Z_xaji0y_s1_pgg_r1_g5,public_good_experiment_20260518T134422Z_xaji0y_19,"{""prompt_type"": ""FACILITATOR"", ""prompt_name"": ""endowment"", ""module"": ""pgg"", ""round"": 1, ""rendered_prompt"": ""Choose a random integer between 8 and 20 as the initial endowment assigned to this player. Respond with only the resulting endowment without providing any explanations."", ""response"": ""11""}"
2026-05-18T13:56:48.055732+00:00,facilitator_call,public_good_experiment_20260518T134422Z_xaji0y,public_good_experiment_20260518T134422Z_xaji0y_s1,public_good_experiment_20260518T134422Z_xaji0y_s1_pgg_r1_g5,public_good_experiment_20260518T134422Z_xaji0y_20,"{""prompt_type"": ""FACILITATOR"", ""prompt_name"": ""endowment"", ""module"": ""pgg"", ""round"": 1, ""rendered_prompt"": ""Choose a random integer between 8 and 20 as the initial endowment assigned to this player. Respond with only the resulting endowment without providing any explanations."", ""response"": ""13""}"
2026-05-18T13:57:27.769227+00:00,facilitator_call,public_good_experiment_20260518T134422Z_xaji0y,public_good_experiment_20260518T134422Z_xaji0y_s1,public_good_experiment_20260518T134422Z_xaji0y_s1_pgg_r1_g5,,"{""prompt_type"": ""FACILITATOR"", ""prompt_name"": ""total_contribution"", ""module"": ""pgg"", ""round"": 1, ""rendered_prompt"": ""Calculate the total number of tokens contributed to the public account by all participants in this round using the following formula:\nPlayer 1's contribution to public account in this round + Player 2's contribution to public account in this round + Player 3's contribution to public account in this round + Player 4's contribution to public account in this round\nRespond with only the resulting nunber without providing any explanations."", ""response"": ""19""}"
2026-05-18T13:57:32.906237+00:00,facilitator_call,public_good_experiment_20260518T134422Z_xaji0y,public_good_experiment_20260518T134422Z_xaji0y_s1,public_good_experiment_20260518T134422Z_xaji0y_s1_pgg_r1_g5,public_good_experiment_20260518T134422Z_xaji0y_17,"{""prompt_type"": ""FACILITATOR"", ""prompt_name"": ""public_account_earnings"", ""module"": ""pgg"", ""round"": 1, ""rendered_prompt"": ""Calculate Player ID 17's earnings from the public account this round using the following formula:\n(19 _ 2.0) / 4\nRespond with only the resulting number without providing any explanations."", ""response"": ""9.5""}"
2026-05-18T13:57:36.601143+00:00,facilitator_call,public_good_experiment_20260518T134422Z_xaji0y,public_good_experiment_20260518T134422Z_xaji0y_s1,public_good_experiment_20260518T134422Z_xaji0y_s1_pgg_r1_g5,public_good_experiment_20260518T134422Z_xaji0y_18,"{""prompt_type"": ""FACILITATOR"", ""prompt_name"": ""public_account_earnings"", ""module"": ""pgg"", ""round"": 1, ""rendered_prompt"": ""Calculate Player ID 18's earnings from the public account this round using the following formula:\n(19 _ 2.0) / 4\nRespond with only the resulting number without providing any explanations."", ""response"": ""9.5""}"
2026-05-18T13:57:40.834138+00:00,facilitator_call,public_good_experiment_20260518T134422Z_xaji0y,public_good_experiment_20260518T134422Z_xaji0y_s1,public_good_experiment_20260518T134422Z_xaji0y_s1_pgg_r1_g5,public_good_experiment_20260518T134422Z_xaji0y_19,"{""prompt_type"": ""FACILITATOR"", ""prompt_name"": ""public_account_earnings"", ""module"": ""pgg"", ""round"": 1, ""rendered_prompt"": ""Calculate Player ID 19's earnings from the public account this round using the following formula:\n(19 _ 2.0) / 4\nRespond with only the resulting number without providing any explanations."", ""response"": ""9.5""}"
2026-05-18T13:57:45.931813+00:00,facilitator_call,public_good_experiment_20260518T134422Z_xaji0y,public_good_experiment_20260518T134422Z_xaji0y_s1,public_good_experiment_20260518T134422Z_xaji0y_s1_pgg_r1_g5,public_good_experiment_20260518T134422Z_xaji0y_20,"{""prompt_type"": ""FACILITATOR"", ""prompt_name"": ""public_account_earnings"", ""module"": ""pgg"", ""round"": 1, ""rendered_prompt"": ""Calculate Player ID 20's earnings from the public account this round using the following formula:\n(19 _ 2.0) / 4\nRespond with only the resulting number without providing any explanations."", ""response"": ""9.5""}"
2026-05-18T13:57:53.143627+00:00,facilitator_call,public_good_experiment_20260518T134422Z_xaji0y,public_good_experiment_20260518T134422Z_xaji0y_s1,public_good_experiment_20260518T134422Z_xaji0y_s1_pgg_r1_g5,public_good_experiment_20260518T134422Z_xaji0y_17,"{""prompt_type"": ""FACILITATOR"", ""prompt_name"": ""private_account_remaining"", ""module"": ""pgg"", ""round"": 1, ""rendered_prompt"": ""Calculate Player ID 17's remaining private tokens this round using the following formula:\n12 _ 0\nRespond with only the resulting number without any explanations."", ""response"": ""12""}"
2026-05-18T13:57:58.352141+00:00,facilitator_call,public_good_experiment_20260518T134422Z_xaji0y,public_good_experiment_20260518T134422Z_xaji0y_s1,public_good_experiment_20260518T134422Z_xaji0y_s1_pgg_r1_g5,public_good_experiment_20260518T134422Z_xaji0y_18,"{""prompt_type"": ""FACILITATOR"", ""prompt_name"": ""private_account_remaining"", ""module"": ""pgg"", ""round"": 1, ""rendered_prompt"": ""Calculate Player ID 18's remaining private tokens this round using the following formula:\n13 _ 7\nRespond with only the resulting number without any explanations."", ""response"": ""6""}"
2026-05-18T13:58:12.274653+00:00,facilitator_call,public_good_experiment_20260518T134422Z_xaji0y,public_good_experiment_20260518T134422Z_xaji0y_s1,public_good_experiment_20260518T134422Z_xaji0y_s1_pgg_r1_g5,public_good_experiment_20260518T134422Z_xaji0y_19,"{""prompt_type"": ""FACILITATOR"", ""prompt_name"": ""private_account_remaining"", ""module"": ""pgg"", ""round"": 1, ""rendered_prompt"": ""Calculate Player ID 19's remaining private tokens this round using the following formula:\n11 _ 5\nRespond with only the resulting number without any explanations."", ""response"": ""6""}"
2026-05-18T13:58:22.354999+00:00,facilitator_call,public_good_experiment_20260518T134422Z_xaji0y,public_good_experiment_20260518T134422Z_xaji0y_s1,public_good_experiment_20260518T134422Z_xaji0y_s1_pgg_r1_g5,public_good_experiment_20260518T134422Z_xaji0y_20,"{""prompt_type"": ""FACILITATOR"", ""prompt_name"": ""private_account_remaining"", ""module"": ""pgg"", ""round"": 1, ""rendered_prompt"": ""Calculate Player ID 20's remaining private tokens this round using the following formula:\n13 _ 7\nRespond with only the resulting number without any explanations."", ""response"": ""6""}"
2026-05-18T13:58:25.119939+00:00,facilitator_call,public_good_experiment_20260518T134422Z_xaji0y,public_good_experiment_20260518T134422Z_xaji0y_s1,public_good_experiment_20260518T134422Z_xaji0y_s1_pgg_r1_g5,public_good_experiment_20260518T134422Z_xaji0y_17,"{""prompt_type"": ""FACILITATOR"", ""prompt_name"": ""payoff"", ""module"": ""pgg"", ""round"": 1, ""rendered_prompt"": ""Calculate Player ID 17's total earnings this round using the following formula:\n9.5 + 12\nRespond with only the resulting number without any explanations."", ""response"": ""21.5""}"
2026-05-18T13:58:31.756408+00:00,facilitator_call,public_good_experiment_20260518T134422Z_xaji0y,public_good_experiment_20260518T134422Z_xaji0y_s1,public_good_experiment_20260518T134422Z_xaji0y_s1_pgg_r1_g5,public_good_experiment_20260518T134422Z_xaji0y_18,"{""prompt_type"": ""FACILITATOR"", ""prompt_name"": ""payoff"", ""module"": ""pgg"", ""round"": 1, ""rendered_prompt"": ""Calculate Player ID 18's total earnings this round using the following formula:\n9.5 + 6\nRespond with only the resulting number without any explanations."", ""response"": ""15.5""}"
2026-05-18T13:58:34.118426+00:00,facilitator_call,public_good_experiment_20260518T134422Z_xaji0y,public_good_experiment_20260518T134422Z_xaji0y_s1,public_good_experiment_20260518T134422Z_xaji0y_s1_pgg_r1_g5,public_good_experiment_20260518T134422Z_xaji0y_19,"{""prompt_type"": ""FACILITATOR"", ""prompt_name"": ""payoff"", ""module"": ""pgg"", ""round"": 1, ""rendered_prompt"": ""Calculate Player ID 19's total earnings this round using the following formula:\n9.5 + 6\nRespond with only the resulting number without any explanations."", ""response"": ""15.5""}"
2026-05-18T13:58:36.768841+00:00,facilitator_call,public_good_experiment_20260518T134422Z_xaji0y,public_good_experiment_20260518T134422Z_xaji0y_s1,public_good_experiment_20260518T134422Z_xaji0y_s1_pgg_r1_g5,public_good_experiment_20260518T134422Z_xaji0y_20,"{""prompt_type"": ""FACILITATOR"", ""prompt_name"": ""payoff"", ""module"": ""pgg"", ""round"": 1, ""rendered_prompt"": ""Calculate Player ID 20's total earnings this round using the following formula:\n9.5 + 6\nRespond with only the resulting number without any explanations."", ""response"": ""15.5""}"
2026-05-18T13:59:47.577270+00:00,facilitator_call,public_good_experiment_20260518T134422Z_xaji0y,public_good_experiment_20260518T134422Z_xaji0y_s1,public_good_experiment_20260518T134422Z_xaji0y_s1_pgg_r1_g6,public_good_experiment_20260518T134422Z_xaji0y_21,"{""prompt_type"": ""FACILITATOR"", ""prompt_name"": ""endowment"", ""module"": ""pgg"", ""round"": 1, ""rendered_prompt"": ""Choose a random integer between 8 and 20 as the initial endowment assigned to this player. Respond with only the resulting endowment without providing any explanations."", ""response"": ""17""}"
2026-05-18T13:59:49.761657+00:00,facilitator_call,public_good_experiment_20260518T134422Z_xaji0y,public_good_experiment_20260518T134422Z_xaji0y_s1,public_good_experiment_20260518T134422Z_xaji0y_s1_pgg_r1_g6,public_good_experiment_20260518T134422Z_xaji0y_22,"{""prompt_type"": ""FACILITATOR"", ""prompt_name"": ""endowment"", ""module"": ""pgg"", ""round"": 1, ""rendered_prompt"": ""Choose a random integer between 8 and 20 as the initial endowment assigned to this player. Respond with only the resulting endowment without providing any explanations."", ""response"": ""14""}"
2026-05-18T13:59:52.587950+00:00,facilitator_call,public_good_experiment_20260518T134422Z_xaji0y,public_good_experiment_20260518T134422Z_xaji0y_s1,public_good_experiment_20260518T134422Z_xaji0y_s1_pgg_r1_g6,public_good_experiment_20260518T134422Z_xaji0y_23,"{""prompt_type"": ""FACILITATOR"", ""prompt_name"": ""endowment"", ""module"": ""pgg"", ""round"": 1, ""rendered_prompt"": ""Choose a random integer between 8 and 20 as the initial endowment assigned to this player. Respond with only the resulting endowment without providing any explanations."", ""response"": ""14""}"
2026-05-18T13:59:55.574321+00:00,facilitator_call,public_good_experiment_20260518T134422Z_xaji0y,public_good_experiment_20260518T134422Z_xaji0y_s1,public_good_experiment_20260518T134422Z_xaji0y_s1_pgg_r1_g6,public_good_experiment_20260518T134422Z_xaji0y_24,"{""prompt_type"": ""FACILITATOR"", ""prompt_name"": ""endowment"", ""module"": ""pgg"", ""round"": 1, ""rendered_prompt"": ""Choose a random integer between 8 and 20 as the initial endowment assigned to this player. Respond with only the resulting endowment without providing any explanations."", ""response"": ""14""}"
2026-05-18T14:00:31.335113+00:00,facilitator_call,public_good_experiment_20260518T134422Z_xaji0y,public_good_experiment_20260518T134422Z_xaji0y_s1,public_good_experiment_20260518T134422Z_xaji0y_s1_pgg_r1_g6,,"{""prompt_type"": ""FACILITATOR"", ""prompt_name"": ""total_contribution"", ""module"": ""pgg"", ""round"": 1, ""rendered_prompt"": ""Calculate the total number of tokens contributed to the public account by all participants in this round using the following formula:\nPlayer 1's contribution to public account in this round + Player 2's contribution to public account in this round + Player 3's contribution to public account in this round + Player 4's contribution to public account in this round\nRespond with only the resulting nunber without providing any explanations."", ""response"": ""10""}"
2026-05-18T14:00:35.346005+00:00,facilitator_call,public_good_experiment_20260518T134422Z_xaji0y,public_good_experiment_20260518T134422Z_xaji0y_s1,public_good_experiment_20260518T134422Z_xaji0y_s1_pgg_r1_g6,public_good_experiment_20260518T134422Z_xaji0y_21,"{""prompt_type"": ""FACILITATOR"", ""prompt_name"": ""public_account_earnings"", ""module"": ""pgg"", ""round"": 1, ""rendered_prompt"": ""Calculate Player ID 21's earnings from the public account this round using the following formula:\n(10 _ 2.0) / 4\nRespond with only the resulting number without providing any explanations."", ""response"": ""5""}"
2026-05-18T14:00:40.147710+00:00,facilitator_call,public_good_experiment_20260518T134422Z_xaji0y,public_good_experiment_20260518T134422Z_xaji0y_s1,public_good_experiment_20260518T134422Z_xaji0y_s1_pgg_r1_g6,public_good_experiment_20260518T134422Z_xaji0y_22,"{""prompt_type"": ""FACILITATOR"", ""prompt_name"": ""public_account_earnings"", ""module"": ""pgg"", ""round"": 1, ""rendered_prompt"": ""Calculate Player ID 22's earnings from the public account this round using the following formula:\n(10 _ 2.0) / 4\nRespond with only the resulting number without providing any explanations."", ""response"": ""5""}"
2026-05-18T14:00:44.084734+00:00,facilitator_call,public_good_experiment_20260518T134422Z_xaji0y,public_good_experiment_20260518T134422Z_xaji0y_s1,public_good_experiment_20260518T134422Z_xaji0y_s1_pgg_r1_g6,public_good_experiment_20260518T134422Z_xaji0y_23,"{""prompt_type"": ""FACILITATOR"", ""prompt_name"": ""public_account_earnings"", ""module"": ""pgg"", ""round"": 1, ""rendered_prompt"": ""Calculate Player ID 23's earnings from the public account this round using the following formula:\n(10 _ 2.0) / 4\nRespond with only the resulting number without providing any explanations."", ""response"": ""5""}"
2026-05-18T14:00:48.173799+00:00,facilitator_call,public_good_experiment_20260518T134422Z_xaji0y,public_good_experiment_20260518T134422Z_xaji0y_s1,public_good_experiment_20260518T134422Z_xaji0y_s1_pgg_r1_g6,public_good_experiment_20260518T134422Z_xaji0y_24,"{""prompt_type"": ""FACILITATOR"", ""prompt_name"": ""public_account_earnings"", ""module"": ""pgg"", ""round"": 1, ""rendered_prompt"": ""Calculate Player ID 24's earnings from the public account this round using the following formula:\n(10 _ 2.0) / 4\nRespond with only the resulting number without providing any explanations."", ""response"": ""5""}"
2026-05-18T14:00:53.101487+00:00,facilitator_call,public_good_experiment_20260518T134422Z_xaji0y,public_good_experiment_20260518T134422Z_xaji0y_s1,public_good_experiment_20260518T134422Z_xaji0y_s1_pgg_r1_g6,public_good_experiment_20260518T134422Z_xaji0y_21,"{""prompt_type"": ""FACILITATOR"", ""prompt_name"": ""private_account_remaining"", ""module"": ""pgg"", ""round"": 1, ""rendered_prompt"": ""Calculate Player ID 21's remaining private tokens this round using the following formula:\n17 _ 0\nRespond with only the resulting number without any explanations."", ""response"": ""17""}"
2026-05-18T14:00:59.432716+00:00,facilitator_call,public_good_experiment_20260518T134422Z_xaji0y,public_good_experiment_20260518T134422Z_xaji0y_s1,public_good_experiment_20260518T134422Z_xaji0y_s1_pgg_r1_g6,public_good_experiment_20260518T134422Z_xaji0y_22,"{""prompt_type"": ""FACILITATOR"", ""prompt_name"": ""private_account_remaining"", ""module"": ""pgg"", ""round"": 1, ""rendered_prompt"": ""Calculate Player ID 22's remaining private tokens this round using the following formula:\n14 _ 3\nRespond with only the resulting number without any explanations."", ""response"": ""11""}"
2026-05-18T14:01:03.645461+00:00,facilitator_call,public_good_experiment_20260518T134422Z_xaji0y,public_good_experiment_20260518T134422Z_xaji0y_s1,public_good_experiment_20260518T134422Z_xaji0y_s1_pgg_r1_g6,public_good_experiment_20260518T134422Z_xaji0y_23,"{""prompt_type"": ""FACILITATOR"", ""prompt_name"": ""private_account_remaining"", ""module"": ""pgg"", ""round"": 1, ""rendered_prompt"": ""Calculate Player ID 23's remaining private tokens this round using the following formula:\n14 _ 0\nRespond with only the resulting number without any explanations."", ""response"": ""14""}"
2026-05-18T14:01:10.053308+00:00,facilitator_call,public_good_experiment_20260518T134422Z_xaji0y,public_good_experiment_20260518T134422Z_xaji0y_s1,public_good_experiment_20260518T134422Z_xaji0y_s1_pgg_r1_g6,public_good_experiment_20260518T134422Z_xaji0y_24,"{""prompt_type"": ""FACILITATOR"", ""prompt_name"": ""private_account_remaining"", ""module"": ""pgg"", ""round"": 1, ""rendered_prompt"": ""Calculate Player ID 24's remaining private tokens this round using the following formula:\n14 _ 7\nRespond with only the resulting number without any explanations."", ""response"": ""7""}"
2026-05-18T14:01:11.883710+00:00,facilitator_call,public_good_experiment_20260518T134422Z_xaji0y,public_good_experiment_20260518T134422Z_xaji0y_s1,public_good_experiment_20260518T134422Z_xaji0y_s1_pgg_r1_g6,public_good_experiment_20260518T134422Z_xaji0y_21,"{""prompt_type"": ""FACILITATOR"", ""prompt_name"": ""payoff"", ""module"": ""pgg"", ""round"": 1, ""rendered_prompt"": ""Calculate Player ID 21's total earnings this round using the following formula:\n5 + 17\nRespond with only the resulting number without any explanations."", ""response"": ""22""}"
2026-05-18T14:01:14.392130+00:00,facilitator_call,public_good_experiment_20260518T134422Z_xaji0y,public_good_experiment_20260518T134422Z_xaji0y_s1,public_good_experiment_20260518T134422Z_xaji0y_s1_pgg_r1_g6,public_good_experiment_20260518T134422Z_xaji0y_22,"{""prompt_type"": ""FACILITATOR"", ""prompt_name"": ""payoff"", ""module"": ""pgg"", ""round"": 1, ""rendered_prompt"": ""Calculate Player ID 22's total earnings this round using the following formula:\n5 + 11\nRespond with only the resulting number without any explanations."", ""response"": ""16""}"
2026-05-18T14:01:16.990735+00:00,facilitator_call,public_good_experiment_20260518T134422Z_xaji0y,public_good_experiment_20260518T134422Z_xaji0y_s1,public_good_experiment_20260518T134422Z_xaji0y_s1_pgg_r1_g6,public_good_experiment_20260518T134422Z_xaji0y_23,"{""prompt_type"": ""FACILITATOR"", ""prompt_name"": ""payoff"", ""module"": ""pgg"", ""round"": 1, ""rendered_prompt"": ""Calculate Player ID 23's total earnings this round using the following formula:\n5 + 14\nRespond with only the resulting number without any explanations."", ""response"": ""19""}"
2026-05-18T14:01:19.213100+00:00,facilitator_call,public_good_experiment_20260518T134422Z_xaji0y,public_good_experiment_20260518T134422Z_xaji0y_s1,public_good_experiment_20260518T134422Z_xaji0y_s1_pgg_r1_g6,public_good_experiment_20260518T134422Z_xaji0y_24,"{""prompt_type"": ""FACILITATOR"", ""prompt_name"": ""payoff"", ""module"": ""pgg"", ""round"": 1, ""rendered_prompt"": ""Calculate Player ID 24's total earnings this round using the following formula:\n5 + 7\nRespond with only the resulting number without any explanations."", ""response"": ""12""}"
2026-05-18T14:01:55.946806+00:00,facilitator_call,public_good_experiment_20260518T134422Z_xaji0y,public_good_experiment_20260518T134422Z_xaji0y_s1,public_good_experiment_20260518T134422Z_xaji0y_s1_pgg_r2_g1,public_good_experiment_20260518T134422Z_xaji0y_1,"{""prompt_type"": ""FACILITATOR"", ""prompt_name"": ""endowment"", ""module"": ""pgg"", ""round"": 2, ""rendered_prompt"": ""Choose a random integer between 8 and 20 as the initial endowment assigned to this player. Respond with only the resulting endowment without providing any explanations."", ""response"": ""12""}"
2026-05-18T14:02:00.914914+00:00,facilitator_call,public_good_experiment_20260518T134422Z_xaji0y,public_good_experiment_20260518T134422Z_xaji0y_s1,public_good_experiment_20260518T134422Z_xaji0y_s1_pgg_r2_g1,public_good_experiment_20260518T134422Z_xaji0y_2,"{""prompt_type"": ""FACILITATOR"", ""prompt_name"": ""endowment"", ""module"": ""pgg"", ""round"": 2, ""rendered_prompt"": ""Choose a random integer between 8 and 20 as the initial endowment assigned to this player. Respond with only the resulting endowment without providing any explanations."", ""response"": ""11""}"
2026-05-18T14:02:04.770629+00:00,facilitator_call,public_good_experiment_20260518T134422Z_xaji0y,public_good_experiment_20260518T134422Z_xaji0y_s1,public_good_experiment_20260518T134422Z_xaji0y_s1_pgg_r2_g1,public_good_experiment_20260518T134422Z_xaji0y_3,"{""prompt_type"": ""FACILITATOR"", ""prompt_name"": ""endowment"", ""module"": ""pgg"", ""round"": 2, ""rendered_prompt"": ""Choose a random integer between 8 and 20 as the initial endowment assigned to this player. Respond with only the resulting endowment without providing any explanations."", ""response"": ""12""}"
2026-05-18T14:02:08.633887+00:00,facilitator_call,public_good_experiment_20260518T134422Z_xaji0y,public_good_experiment_20260518T134422Z_xaji0y_s1,public_good_experiment_20260518T134422Z_xaji0y_s1_pgg_r2_g1,public_good_experiment_20260518T134422Z_xaji0y_4,"{""prompt_type"": ""FACILITATOR"", ""prompt_name"": ""endowment"", ""module"": ""pgg"", ""round"": 2, ""rendered_prompt"": ""Choose a random integer between 8 and 20 as the initial endowment assigned to this player. Respond with only the resulting endowment without providing any explanations."", ""response"": ""11""}"
2026-05-18T14:03:03.852466+00:00,facilitator_call,public_good_experiment_20260518T134422Z_xaji0y,public_good_experiment_20260518T134422Z_xaji0y_s1,public_good_experiment_20260518T134422Z_xaji0y_s1_pgg_r2_g1,,"{""prompt_type"": ""FACILITATOR"", ""prompt_name"": ""total_contribution"", ""module"": ""pgg"", ""round"": 2, ""rendered_prompt"": ""Calculate the total number of tokens contributed to the public account by all participants in this round using the following formula:\nPlayer 1's contribution to public account in this round + Player 2's contribution to public account in this round + Player 3's contribution to public account in this round + Player 4's contribution to public account in this round\nRespond with only the resulting nunber without providing any explanations."", ""response"": ""25""}"
2026-05-18T14:03:08.021531+00:00,facilitator_call,public_good_experiment_20260518T134422Z_xaji0y,public_good_experiment_20260518T134422Z_xaji0y_s1,public_good_experiment_20260518T134422Z_xaji0y_s1_pgg_r2_g1,public_good_experiment_20260518T134422Z_xaji0y_1,"{""prompt_type"": ""FACILITATOR"", ""prompt_name"": ""public_account_earnings"", ""module"": ""pgg"", ""round"": 2, ""rendered_prompt"": ""Calculate Player ID 1's earnings from the public account this round using the following formula:\n(25 _ 2.0) / 4\nRespond with only the resulting number without providing any explanations."", ""response"": ""12.5""}"
2026-05-18T14:03:11.742407+00:00,facilitator_call,public_good_experiment_20260518T134422Z_xaji0y,public_good_experiment_20260518T134422Z_xaji0y_s1,public_good_experiment_20260518T134422Z_xaji0y_s1_pgg_r2_g1,public_good_experiment_20260518T134422Z_xaji0y_2,"{""prompt_type"": ""FACILITATOR"", ""prompt_name"": ""public_account_earnings"", ""module"": ""pgg"", ""round"": 2, ""rendered_prompt"": ""Calculate Player ID 2's earnings from the public account this round using the following formula:\n(25 _ 2.0) / 4\nRespond with only the resulting number without providing any explanations."", ""response"": ""12.5""}"
2026-05-18T14:03:15.088014+00:00,facilitator_call,public_good_experiment_20260518T134422Z_xaji0y,public_good_experiment_20260518T134422Z_xaji0y_s1,public_good_experiment_20260518T134422Z_xaji0y_s1_pgg_r2_g1,public_good_experiment_20260518T134422Z_xaji0y_3,"{""prompt_type"": ""FACILITATOR"", ""prompt_name"": ""public_account_earnings"", ""module"": ""pgg"", ""round"": 2, ""rendered_prompt"": ""Calculate Player ID 3's earnings from the public account this round using the following formula:\n(25 _ 2.0) / 4\nRespond with only the resulting number without providing any explanations."", ""response"": ""12.5""}"
2026-05-18T14:03:18.419724+00:00,facilitator_call,public_good_experiment_20260518T134422Z_xaji0y,public_good_experiment_20260518T134422Z_xaji0y_s1,public_good_experiment_20260518T134422Z_xaji0y_s1_pgg_r2_g1,public_good_experiment_20260518T134422Z_xaji0y_4,"{""prompt_type"": ""FACILITATOR"", ""prompt_name"": ""public_account_earnings"", ""module"": ""pgg"", ""round"": 2, ""rendered_prompt"": ""Calculate Player ID 4's earnings from the public account this round using the following formula:\n(25 _ 2.0) / 4\nRespond with only the resulting number without providing any explanations."", ""response"": ""12.5""}"
2026-05-18T14:03:24.749433+00:00,facilitator_call,public_good_experiment_20260518T134422Z_xaji0y,public_good_experiment_20260518T134422Z_xaji0y_s1,public_good_experiment_20260518T134422Z_xaji0y_s1_pgg_r2_g1,public_good_experiment_20260518T134422Z_xaji0y_1,"{""prompt_type"": ""FACILITATOR"", ""prompt_name"": ""private_account_remaining"", ""module"": ""pgg"", ""round"": 2, ""rendered_prompt"": ""Calculate Player ID 1's remaining private tokens this round using the following formula:\n12 _ 6\nRespond with only the resulting number without any explanations."", ""response"": ""6""}"
2026-05-18T14:03:34.471176+00:00,facilitator_call,public_good_experiment_20260518T134422Z_xaji0y,public_good_experiment_20260518T134422Z_xaji0y_s1,public_good_experiment_20260518T134422Z_xaji0y_s1_pgg_r2_g1,public_good_experiment_20260518T134422Z_xaji0y_2,"{""prompt_type"": ""FACILITATOR"", ""prompt_name"": ""private_account_remaining"", ""module"": ""pgg"", ""round"": 2, ""rendered_prompt"": ""Calculate Player ID 2's remaining private tokens this round using the following formula:\n11 _ 6\nRespond with only the resulting number without any explanations."", ""response"": ""5""}"
2026-05-18T14:03:41.258060+00:00,facilitator_call,public_good_experiment_20260518T134422Z_xaji0y,public_good_experiment_20260518T134422Z_xaji0y_s1,public_good_experiment_20260518T134422Z_xaji0y_s1_pgg_r2_g1,public_good_experiment_20260518T134422Z_xaji0y_3,"{""prompt_type"": ""FACILITATOR"", ""prompt_name"": ""private_account_remaining"", ""module"": ""pgg"", ""round"": 2, ""rendered_prompt"": ""Calculate Player ID 3's remaining private tokens this round using the following formula:\n12 _ 7\nRespond with only the resulting number without any explanations."", ""response"": ""5""}"
2026-05-18T14:03:45.072093+00:00,facilitator_call,public_good_experiment_20260518T134422Z_xaji0y,public_good_experiment_20260518T134422Z_xaji0y_s1,public_good_experiment_20260518T134422Z_xaji0y_s1_pgg_r2_g1,public_good_experiment_20260518T134422Z_xaji0y_4,"{""prompt_type"": ""FACILITATOR"", ""prompt_name"": ""private_account_remaining"", ""module"": ""pgg"", ""round"": 2, ""rendered_prompt"": ""Calculate Player ID 4's remaining private tokens this round using the following formula:\n11 _ 6\nRespond with only the resulting number without any explanations."", ""response"": ""5""}"
2026-05-18T14:03:47.466017+00:00,facilitator_call,public_good_experiment_20260518T134422Z_xaji0y,public_good_experiment_20260518T134422Z_xaji0y_s1,public_good_experiment_20260518T134422Z_xaji0y_s1_pgg_r2_g1,public_good_experiment_20260518T134422Z_xaji0y_1,"{""prompt_type"": ""FACILITATOR"", ""prompt_name"": ""payoff"", ""module"": ""pgg"", ""round"": 2, ""rendered_prompt"": ""Calculate Player ID 1's total earnings this round using the following formula:\n12.5 + 6\nRespond with only the resulting number without any explanations."", ""response"": ""18.5""}"
2026-05-18T14:03:50.294783+00:00,facilitator_call,public_good_experiment_20260518T134422Z_xaji0y,public_good_experiment_20260518T134422Z_xaji0y_s1,public_good_experiment_20260518T134422Z_xaji0y_s1_pgg_r2_g1,public_good_experiment_20260518T134422Z_xaji0y_2,"{""prompt_type"": ""FACILITATOR"", ""prompt_name"": ""payoff"", ""module"": ""pgg"", ""round"": 2, ""rendered_prompt"": ""Calculate Player ID 2's total earnings this round using the following formula:\n12.5 + 5\nRespond with only the resulting number without any explanations."", ""response"": ""17.5""}"
2026-05-18T14:03:52.898108+00:00,facilitator_call,public_good_experiment_20260518T134422Z_xaji0y,public_good_experiment_20260518T134422Z_xaji0y_s1,public_good_experiment_20260518T134422Z_xaji0y_s1_pgg_r2_g1,public_good_experiment_20260518T134422Z_xaji0y_3,"{""prompt_type"": ""FACILITATOR"", ""prompt_name"": ""payoff"", ""module"": ""pgg"", ""round"": 2, ""rendered_prompt"": ""Calculate Player ID 3's total earnings this round using the following formula:\n12.5 + 5\nRespond with only the resulting number without any explanations."", ""response"": ""17.5""}"
2026-05-18T14:03:54.910165+00:00,facilitator_call,public_good_experiment_20260518T134422Z_xaji0y,public_good_experiment_20260518T134422Z_xaji0y_s1,public_good_experiment_20260518T134422Z_xaji0y_s1_pgg_r2_g1,public_good_experiment_20260518T134422Z_xaji0y_4,"{""prompt_type"": ""FACILITATOR"", ""prompt_name"": ""payoff"", ""module"": ""pgg"", ""round"": 2, ""rendered_prompt"": ""Calculate Player ID 4's total earnings this round using the following formula:\n12.5 + 5\nRespond with only the resulting number without any explanations."", ""response"": ""17.5""}"
2026-05-18T14:04:37.910211+00:00,facilitator_call,public_good_experiment_20260518T134422Z_xaji0y,public_good_experiment_20260518T134422Z_xaji0y_s1,public_good_experiment_20260518T134422Z_xaji0y_s1_pgg_r2_g2,public_good_experiment_20260518T134422Z_xaji0y_5,"{""prompt_type"": ""FACILITATOR"", ""prompt_name"": ""endowment"", ""module"": ""pgg"", ""round"": 2, ""rendered_prompt"": ""Choose a random integer between 8 and 20 as the initial endowment assigned to this player. Respond with only the resulting endowment without providing any explanations."", ""response"": ""14""}"
2026-05-18T14:04:41.286273+00:00,facilitator_call,public_good_experiment_20260518T134422Z_xaji0y,public_good_experiment_20260518T134422Z_xaji0y_s1,public_good_experiment_20260518T134422Z_xaji0y_s1_pgg_r2_g2,public_good_experiment_20260518T134422Z_xaji0y_6,"{""prompt_type"": ""FACILITATOR"", ""prompt_name"": ""endowment"", ""module"": ""pgg"", ""round"": 2, ""rendered_prompt"": ""Choose a random integer between 8 and 20 as the initial endowment assigned to this player. Respond with only the resulting endowment without providing any explanations."", ""response"": ""14""}"
2026-05-18T14:04:45.063022+00:00,facilitator_call,public_good_experiment_20260518T134422Z_xaji0y,public_good_experiment_20260518T134422Z_xaji0y_s1,public_good_experiment_20260518T134422Z_xaji0y_s1_pgg_r2_g2,public_good_experiment_20260518T134422Z_xaji0y_7,"{""prompt_type"": ""FACILITATOR"", ""prompt_name"": ""endowment"", ""module"": ""pgg"", ""round"": 2, ""rendered_prompt"": ""Choose a random integer between 8 and 20 as the initial endowment assigned to this player. Respond with only the resulting endowment without providing any explanations."", ""response"": ""14""}"
2026-05-18T14:04:47.971632+00:00,facilitator_call,public_good_experiment_20260518T134422Z_xaji0y,public_good_experiment_20260518T134422Z_xaji0y_s1,public_good_experiment_20260518T134422Z_xaji0y_s1_pgg_r2_g2,public_good_experiment_20260518T134422Z_xaji0y_8,"{""prompt_type"": ""FACILITATOR"", ""prompt_name"": ""endowment"", ""module"": ""pgg"", ""round"": 2, ""rendered_prompt"": ""Choose a random integer between 8 and 20 as the initial endowment assigned to this player. Respond with only the resulting endowment without providing any explanations."", ""response"": ""14""}"
2026-05-18T14:05:44.422885+00:00,facilitator_call,public_good_experiment_20260518T134422Z_xaji0y,public_good_experiment_20260518T134422Z_xaji0y_s1,public_good_experiment_20260518T134422Z_xaji0y_s1_pgg_r2_g2,,"{""prompt_type"": ""FACILITATOR"", ""prompt_name"": ""total_contribution"", ""module"": ""pgg"", ""round"": 2, ""rendered_prompt"": ""Calculate the total number of tokens contributed to the public account by all participants in this round using the following formula:\nPlayer 1's contribution to public account in this round + Player 2's contribution to public account in this round + Player 3's contribution to public account in this round + Player 4's contribution to public account in this round\nRespond with only the resulting nunber without providing any explanations."", ""response"": ""12""}"
2026-05-18T14:05:47.012603+00:00,facilitator_call,public_good_experiment_20260518T134422Z_xaji0y,public_good_experiment_20260518T134422Z_xaji0y_s1,public_good_experiment_20260518T134422Z_xaji0y_s1_pgg_r2_g2,public_good_experiment_20260518T134422Z_xaji0y_5,"{""prompt_type"": ""FACILITATOR"", ""prompt_name"": ""public_account_earnings"", ""module"": ""pgg"", ""round"": 2, ""rendered_prompt"": ""Calculate Player ID 5's earnings from the public account this round using the following formula:\n(12 _ 2.0) / 4\nRespond with only the resulting number without providing any explanations."", ""response"": ""6""}"
2026-05-18T14:05:49.972497+00:00,facilitator_call,public_good_experiment_20260518T134422Z_xaji0y,public_good_experiment_20260518T134422Z_xaji0y_s1,public_good_experiment_20260518T134422Z_xaji0y_s1_pgg_r2_g2,public_good_experiment_20260518T134422Z_xaji0y_6,"{""prompt_type"": ""FACILITATOR"", ""prompt_name"": ""public_account_earnings"", ""module"": ""pgg"", ""round"": 2, ""rendered_prompt"": ""Calculate Player ID 6's earnings from the public account this round using the following formula:\n(12 _ 2.0) / 4\nRespond with only the resulting number without providing any explanations."", ""response"": ""6""}"
2026-05-18T14:05:52.305897+00:00,facilitator_call,public_good_experiment_20260518T134422Z_xaji0y,public_good_experiment_20260518T134422Z_xaji0y_s1,public_good_experiment_20260518T134422Z_xaji0y_s1_pgg_r2_g2,public_good_experiment_20260518T134422Z_xaji0y_7,"{""prompt_type"": ""FACILITATOR"", ""prompt_name"": ""public_account_earnings"", ""module"": ""pgg"", ""round"": 2, ""rendered_prompt"": ""Calculate Player ID 7's earnings from the public account this round using the following formula:\n(12 _ 2.0) / 4\nRespond with only the resulting number without providing any explanations."", ""response"": ""6""}"
2026-05-18T14:05:54.871964+00:00,facilitator_call,public_good_experiment_20260518T134422Z_xaji0y,public_good_experiment_20260518T134422Z_xaji0y_s1,public_good_experiment_20260518T134422Z_xaji0y_s1_pgg_r2_g2,public_good_experiment_20260518T134422Z_xaji0y_8,"{""prompt_type"": ""FACILITATOR"", ""prompt_name"": ""public_account_earnings"", ""module"": ""pgg"", ""round"": 2, ""rendered_prompt"": ""Calculate Player ID 8's earnings from the public account this round using the following formula:\n(12 _ 2.0) / 4\nRespond with only the resulting number without providing any explanations."", ""response"": ""6""}"
2026-05-18T14:06:01.824192+00:00,facilitator_call,public_good_experiment_20260518T134422Z_xaji0y,public_good_experiment_20260518T134422Z_xaji0y_s1,public_good_experiment_20260518T134422Z_xaji0y_s1_pgg_r2_g2,public_good_experiment_20260518T134422Z_xaji0y_5,"{""prompt_type"": ""FACILITATOR"", ""prompt_name"": ""private_account_remaining"", ""module"": ""pgg"", ""round"": 2, ""rendered_prompt"": ""Calculate Player ID 5's remaining private tokens this round using the following formula:\n14 _ 0\nRespond with only the resulting number without any explanations."", ""response"": ""14""}"
2026-05-18T14:06:06.878114+00:00,facilitator_call,public_good_experiment_20260518T134422Z_xaji0y,public_good_experiment_20260518T134422Z_xaji0y_s1,public_good_experiment_20260518T134422Z_xaji0y_s1_pgg_r2_g2,public_good_experiment_20260518T134422Z_xaji0y_6,"{""prompt_type"": ""FACILITATOR"", ""prompt_name"": ""private_account_remaining"", ""module"": ""pgg"", ""round"": 2, ""rendered_prompt"": ""Calculate Player ID 6's remaining private tokens this round using the following formula:\n14 _ 3\nRespond with only the resulting number without any explanations."", ""response"": ""11""}"
2026-05-18T14:06:15.577095+00:00,facilitator_call,public_good_experiment_20260518T134422Z_xaji0y,public_good_experiment_20260518T134422Z_xaji0y_s1,public_good_experiment_20260518T134422Z_xaji0y_s1_pgg_r2_g2,public_good_experiment_20260518T134422Z_xaji0y_7,"{""prompt_type"": ""FACILITATOR"", ""prompt_name"": ""private_account_remaining"", ""module"": ""pgg"", ""round"": 2, ""rendered_prompt"": ""Calculate Player ID 7's remaining private tokens this round using the following formula:\n14 _ 2\nRespond with only the resulting number without any explanations."", ""response"": ""12""}"
2026-05-18T14:06:23.339860+00:00,facilitator_call,public_good_experiment_20260518T134422Z_xaji0y,public_good_experiment_20260518T134422Z_xaji0y_s1,public_good_experiment_20260518T134422Z_xaji0y_s1_pgg_r2_g2,public_good_experiment_20260518T134422Z_xaji0y_8,"{""prompt_type"": ""FACILITATOR"", ""prompt_name"": ""private_account_remaining"", ""module"": ""pgg"", ""round"": 2, ""rendered_prompt"": ""Calculate Player ID 8's remaining private tokens this round using the following formula:\n14 _ 7\nRespond with only the resulting number without any explanations."", ""response"": ""7""}"
2026-05-18T14:06:25.599979+00:00,facilitator_call,public_good_experiment_20260518T134422Z_xaji0y,public_good_experiment_20260518T134422Z_xaji0y_s1,public_good_experiment_20260518T134422Z_xaji0y_s1_pgg_r2_g2,public_good_experiment_20260518T134422Z_xaji0y_5,"{""prompt_type"": ""FACILITATOR"", ""prompt_name"": ""payoff"", ""module"": ""pgg"", ""round"": 2, ""rendered_prompt"": ""Calculate Player ID 5's total earnings this round using the following formula:\n6 + 14\nRespond with only the resulting number without any explanations."", ""response"": ""20""}"
2026-05-18T14:06:27.776553+00:00,facilitator_call,public_good_experiment_20260518T134422Z_xaji0y,public_good_experiment_20260518T134422Z_xaji0y_s1,public_good_experiment_20260518T134422Z_xaji0y_s1_pgg_r2_g2,public_good_experiment_20260518T134422Z_xaji0y_6,"{""prompt_type"": ""FACILITATOR"", ""prompt_name"": ""payoff"", ""module"": ""pgg"", ""round"": 2, ""rendered_prompt"": ""Calculate Player ID 6's total earnings this round using the following formula:\n6 + 11\nRespond with only the resulting number without any explanations."", ""response"": ""17""}"
2026-05-18T14:06:30.789862+00:00,facilitator_call,public_good_experiment_20260518T134422Z_xaji0y,public_good_experiment_20260518T134422Z_xaji0y_s1,public_good_experiment_20260518T134422Z_xaji0y_s1_pgg_r2_g2,public_good_experiment_20260518T134422Z_xaji0y_7,"{""prompt_type"": ""FACILITATOR"", ""prompt_name"": ""payoff"", ""module"": ""pgg"", ""round"": 2, ""rendered_prompt"": ""Calculate Player ID 7's total earnings this round using the following formula:\n6 + 12\nRespond with only the resulting number without any explanations."", ""response"": ""18""}"
2026-05-18T14:06:33.662510+00:00,facilitator_call,public_good_experiment_20260518T134422Z_xaji0y,public_good_experiment_20260518T134422Z_xaji0y_s1,public_good_experiment_20260518T134422Z_xaji0y_s1_pgg_r2_g2,public_good_experiment_20260518T134422Z_xaji0y_8,"{""prompt_type"": ""FACILITATOR"", ""prompt_name"": ""payoff"", ""module"": ""pgg"", ""round"": 2, ""rendered_prompt"": ""Calculate Player ID 8's total earnings this round using the following formula:\n6 + 7\nRespond with only the resulting number without any explanations."", ""response"": ""13""}"
2026-05-18T14:07:16.023351+00:00,facilitator_call,public_good_experiment_20260518T134422Z_xaji0y,public_good_experiment_20260518T134422Z_xaji0y_s1,public_good_experiment_20260518T134422Z_xaji0y_s1_pgg_r2_g3,public_good_experiment_20260518T134422Z_xaji0y_9,"{""prompt_type"": ""FACILITATOR"", ""prompt_name"": ""endowment"", ""module"": ""pgg"", ""round"": 2, ""rendered_prompt"": ""Choose a random integer between 8 and 20 as the initial endowment assigned to this player. Respond with only the resulting endowment without providing any explanations."", ""response"": ""15""}"
2026-05-18T14:07:18.837096+00:00,facilitator_call,public_good_experiment_20260518T134422Z_xaji0y,public_good_experiment_20260518T134422Z_xaji0y_s1,public_good_experiment_20260518T134422Z_xaji0y_s1_pgg_r2_g3,public_good_experiment_20260518T134422Z_xaji0y_10,"{""prompt_type"": ""FACILITATOR"", ""prompt_name"": ""endowment"", ""module"": ""pgg"", ""round"": 2, ""rendered_prompt"": ""Choose a random integer between 8 and 20 as the initial endowment assigned to this player. Respond with only the resulting endowment without providing any explanations."", ""response"": ""12""}"
2026-05-18T14:07:23.361382+00:00,facilitator_call,public_good_experiment_20260518T134422Z_xaji0y,public_good_experiment_20260518T134422Z_xaji0y_s1,public_good_experiment_20260518T134422Z_xaji0y_s1_pgg_r2_g3,public_good_experiment_20260518T134422Z_xaji0y_11,"{""prompt_type"": ""FACILITATOR"", ""prompt_name"": ""endowment"", ""module"": ""pgg"", ""round"": 2, ""rendered_prompt"": ""Choose a random integer between 8 and 20 as the initial endowment assigned to this player. Respond with only the resulting endowment without providing any explanations."", ""response"": ""17""}"
2026-05-18T14:07:26.622211+00:00,facilitator_call,public_good_experiment_20260518T134422Z_xaji0y,public_good_experiment_20260518T134422Z_xaji0y_s1,public_good_experiment_20260518T134422Z_xaji0y_s1_pgg_r2_g3,public_good_experiment_20260518T134422Z_xaji0y_12,"{""prompt_type"": ""FACILITATOR"", ""prompt_name"": ""endowment"", ""module"": ""pgg"", ""round"": 2, ""rendered_prompt"": ""Choose a random integer between 8 and 20 as the initial endowment assigned to this player. Respond with only the resulting endowment without providing any explanations."", ""response"": ""12""}"
2026-05-18T14:08:35.814774+00:00,facilitator_call,public_good_experiment_20260518T134422Z_xaji0y,public_good_experiment_20260518T134422Z_xaji0y_s1,public_good_experiment_20260518T134422Z_xaji0y_s1_pgg_r2_g3,,"{""prompt_type"": ""FACILITATOR"", ""prompt_name"": ""total_contribution"", ""module"": ""pgg"", ""round"": 2, ""rendered_prompt"": ""Calculate the total number of tokens contributed to the public account by all participants in this round using the following formula:\nPlayer 1's contribution to public account in this round + Player 2's contribution to public account in this round + Player 3's contribution to public account in this round + Player 4's contribution to public account in this round\nRespond with only the resulting nunber without providing any explanations."", ""response"": ""27""}"
2026-05-18T14:08:38.997175+00:00,facilitator_call,public_good_experiment_20260518T134422Z_xaji0y,public_good_experiment_20260518T134422Z_xaji0y_s1,public_good_experiment_20260518T134422Z_xaji0y_s1_pgg_r2_g3,public_good_experiment_20260518T134422Z_xaji0y_9,"{""prompt_type"": ""FACILITATOR"", ""prompt_name"": ""public_account_earnings"", ""module"": ""pgg"", ""round"": 2, ""rendered_prompt"": ""Calculate Player ID 9's earnings from the public account this round using the following formula:\n(27 _ 2.0) / 4\nRespond with only the resulting number without providing any explanations."", ""response"": ""13.5""}"
2026-05-18T14:08:42.565481+00:00,facilitator_call,public_good_experiment_20260518T134422Z_xaji0y,public_good_experiment_20260518T134422Z_xaji0y_s1,public_good_experiment_20260518T134422Z_xaji0y_s1_pgg_r2_g3,public_good_experiment_20260518T134422Z_xaji0y_10,"{""prompt_type"": ""FACILITATOR"", ""prompt_name"": ""public_account_earnings"", ""module"": ""pgg"", ""round"": 2, ""rendered_prompt"": ""Calculate Player ID 10's earnings from the public account this round using the following formula:\n(27 _ 2.0) / 4\nRespond with only the resulting number without providing any explanations."", ""response"": ""13.5""}"
2026-05-18T14:08:45.979050+00:00,facilitator_call,public_good_experiment_20260518T134422Z_xaji0y,public_good_experiment_20260518T134422Z_xaji0y_s1,public_good_experiment_20260518T134422Z_xaji0y_s1_pgg_r2_g3,public_good_experiment_20260518T134422Z_xaji0y_11,"{""prompt_type"": ""FACILITATOR"", ""prompt_name"": ""public_account_earnings"", ""module"": ""pgg"", ""round"": 2, ""rendered_prompt"": ""Calculate Player ID 11's earnings from the public account this round using the following formula:\n(27 _ 2.0) / 4\nRespond with only the resulting number without providing any explanations."", ""response"": ""13.5""}"
2026-05-18T14:08:49.143440+00:00,facilitator_call,public_good_experiment_20260518T134422Z_xaji0y,public_good_experiment_20260518T134422Z_xaji0y_s1,public_good_experiment_20260518T134422Z_xaji0y_s1_pgg_r2_g3,public_good_experiment_20260518T134422Z_xaji0y_12,"{""prompt_type"": ""FACILITATOR"", ""prompt_name"": ""public_account_earnings"", ""module"": ""pgg"", ""round"": 2, ""rendered_prompt"": ""Calculate Player ID 12's earnings from the public account this round using the following formula:\n(27 _ 2.0) / 4\nRespond with only the resulting number without providing any explanations."", ""response"": ""13.5""}"
2026-05-18T14:08:52.842933+00:00,facilitator_call,public_good_experiment_20260518T134422Z_xaji0y,public_good_experiment_20260518T134422Z_xaji0y_s1,public_good_experiment_20260518T134422Z_xaji0y_s1_pgg_r2_g3,public_good_experiment_20260518T134422Z_xaji0y_9,"{""prompt_type"": ""FACILITATOR"", ""prompt_name"": ""private_account_remaining"", ""module"": ""pgg"", ""round"": 2, ""rendered_prompt"": ""Calculate Player ID 9's remaining private tokens this round using the following formula:\n15 _ 6\nRespond with only the resulting number without any explanations."", ""response"": ""9""}"
2026-05-18T14:09:02.467013+00:00,facilitator_call,public_good_experiment_20260518T134422Z_xaji0y,public_good_experiment_20260518T134422Z_xaji0y_s1,public_good_experiment_20260518T134422Z_xaji0y_s1_pgg_r2_g3,public_good_experiment_20260518T134422Z_xaji0y_10,"{""prompt_type"": ""FACILITATOR"", ""prompt_name"": ""private_account_remaining"", ""module"": ""pgg"", ""round"": 2, ""rendered_prompt"": ""Calculate Player ID 10's remaining private tokens this round using the following formula:\n12 _ 6\nRespond with only the resulting number without any explanations."", ""response"": ""6""}"
2026-05-18T14:09:09.112442+00:00,facilitator_call,public_good_experiment_20260518T134422Z_xaji0y,public_good_experiment_20260518T134422Z_xaji0y_s1,public_good_experiment_20260518T134422Z_xaji0y_s1_pgg_r2_g3,public_good_experiment_20260518T134422Z_xaji0y_11,"{""prompt_type"": ""FACILITATOR"", ""prompt_name"": ""private_account_remaining"", ""module"": ""pgg"", ""round"": 2, ""rendered_prompt"": ""Calculate Player ID 11's remaining private tokens this round using the following formula:\n17 _ 7\nRespond with only the resulting number without any explanations."", ""response"": ""10""}"
2026-05-18T14:09:24.083295+00:00,facilitator_call,public_good_experiment_20260518T134422Z_xaji0y,public_good_experiment_20260518T134422Z_xaji0y_s1,public_good_experiment_20260518T134422Z_xaji0y_s1_pgg_r2_g3,public_good_experiment_20260518T134422Z_xaji0y_12,"{""prompt_type"": ""FACILITATOR"", ""prompt_name"": ""private_account_remaining"", ""module"": ""pgg"", ""round"": 2, ""rendered_prompt"": ""Calculate Player ID 12's remaining private tokens this round using the following formula:\n12 _ 8\nRespond with only the resulting number without any explanations."", ""response"": ""4""}"
2026-05-18T14:09:29.081170+00:00,facilitator_call,public_good_experiment_20260518T134422Z_xaji0y,public_good_experiment_20260518T134422Z_xaji0y_s1,public_good_experiment_20260518T134422Z_xaji0y_s1_pgg_r2_g3,public_good_experiment_20260518T134422Z_xaji0y_9,"{""prompt_type"": ""FACILITATOR"", ""prompt_name"": ""payoff"", ""module"": ""pgg"", ""round"": 2, ""rendered_prompt"": ""Calculate Player ID 9's total earnings this round using the following formula:\n13.5 + 9\nRespond with only the resulting number without any explanations."", ""response"": ""22.5""}"
2026-05-18T14:09:32.132491+00:00,facilitator_call,public_good_experiment_20260518T134422Z_xaji0y,public_good_experiment_20260518T134422Z_xaji0y_s1,public_good_experiment_20260518T134422Z_xaji0y_s1_pgg_r2_g3,public_good_experiment_20260518T134422Z_xaji0y_10,"{""prompt_type"": ""FACILITATOR"", ""prompt_name"": ""payoff"", ""module"": ""pgg"", ""round"": 2, ""rendered_prompt"": ""Calculate Player ID 10's total earnings this round using the following formula:\n13.5 + 6\nRespond with only the resulting number without any explanations."", ""response"": ""19.5""}"
2026-05-18T14:09:34.792001+00:00,facilitator_call,public_good_experiment_20260518T134422Z_xaji0y,public_good_experiment_20260518T134422Z_xaji0y_s1,public_good_experiment_20260518T134422Z_xaji0y_s1_pgg_r2_g3,public_good_experiment_20260518T134422Z_xaji0y_11,"{""prompt_type"": ""FACILITATOR"", ""prompt_name"": ""payoff"", ""module"": ""pgg"", ""round"": 2, ""rendered_prompt"": ""Calculate Player ID 11's total earnings this round using the following formula:\n13.5 + 10\nRespond with only the resulting number without any explanations."", ""response"": ""23.5""}"
2026-05-18T14:09:37.121420+00:00,facilitator_call,public_good_experiment_20260518T134422Z_xaji0y,public_good_experiment_20260518T134422Z_xaji0y_s1,public_good_experiment_20260518T134422Z_xaji0y_s1_pgg_r2_g3,public_good_experiment_20260518T134422Z_xaji0y_12,"{""prompt_type"": ""FACILITATOR"", ""prompt_name"": ""payoff"", ""module"": ""pgg"", ""round"": 2, ""rendered_prompt"": ""Calculate Player ID 12's total earnings this round using the following formula:\n13.5 + 4\nRespond with only the resulting number without any explanations."", ""response"": ""17.5""}"
2026-05-18T14:10:18.011759+00:00,facilitator_call,public_good_experiment_20260518T134422Z_xaji0y,public_good_experiment_20260518T134422Z_xaji0y_s1,public_good_experiment_20260518T134422Z_xaji0y_s1_pgg_r2_g4,public_good_experiment_20260518T134422Z_xaji0y_13,"{""prompt_type"": ""FACILITATOR"", ""prompt_name"": ""endowment"", ""module"": ""pgg"", ""round"": 2, ""rendered_prompt"": ""Choose a random integer between 8 and 20 as the initial endowment assigned to this player. Respond with only the resulting endowment without providing any explanations."", ""response"": ""18""}"
2026-05-18T14:10:20.737349+00:00,facilitator_call,public_good_experiment_20260518T134422Z_xaji0y,public_good_experiment_20260518T134422Z_xaji0y_s1,public_good_experiment_20260518T134422Z_xaji0y_s1_pgg_r2_g4,public_good_experiment_20260518T134422Z_xaji0y_14,"{""prompt_type"": ""FACILITATOR"", ""prompt_name"": ""endowment"", ""module"": ""pgg"", ""round"": 2, ""rendered_prompt"": ""Choose a random integer between 8 and 20 as the initial endowment assigned to this player. Respond with only the resulting endowment without providing any explanations."", ""response"": ""19""}"
2026-05-18T14:10:24.598221+00:00,facilitator_call,public_good_experiment_20260518T134422Z_xaji0y,public_good_experiment_20260518T134422Z_xaji0y_s1,public_good_experiment_20260518T134422Z_xaji0y_s1_pgg_r2_g4,public_good_experiment_20260518T134422Z_xaji0y_15,"{""prompt_type"": ""FACILITATOR"", ""prompt_name"": ""endowment"", ""module"": ""pgg"", ""round"": 2, ""rendered_prompt"": ""Choose a random integer between 8 and 20 as the initial endowment assigned to this player. Respond with only the resulting endowment without providing any explanations."", ""response"": ""19""}"
2026-05-18T14:10:27.869617+00:00,facilitator_call,public_good_experiment_20260518T134422Z_xaji0y,public_good_experiment_20260518T134422Z_xaji0y_s1,public_good_experiment_20260518T134422Z_xaji0y_s1_pgg_r2_g4,public_good_experiment_20260518T134422Z_xaji0y_16,"{""prompt_type"": ""FACILITATOR"", ""prompt_name"": ""endowment"", ""module"": ""pgg"", ""round"": 2, ""rendered_prompt"": ""Choose a random integer between 8 and 20 as the initial endowment assigned to this player. Respond with only the resulting endowment without providing any explanations."", ""response"": ""18""}"
2026-05-18T14:11:20.299581+00:00,facilitator_call,public_good_experiment_20260518T134422Z_xaji0y,public_good_experiment_20260518T134422Z_xaji0y_s1,public_good_experiment_20260518T134422Z_xaji0y_s1_pgg_r2_g4,,"{""prompt_type"": ""FACILITATOR"", ""prompt_name"": ""total_contribution"", ""module"": ""pgg"", ""round"": 2, ""rendered_prompt"": ""Calculate the total number of tokens contributed to the public account by all participants in this round using the following formula:\nPlayer 1's contribution to public account in this round + Player 2's contribution to public account in this round + Player 3's contribution to public account in this round + Player 4's contribution to public account in this round\nRespond with only the resulting nunber without providing any explanations."", ""response"": ""11""}"
2026-05-18T14:11:23.478120+00:00,facilitator_call,public_good_experiment_20260518T134422Z_xaji0y,public_good_experiment_20260518T134422Z_xaji0y_s1,public_good_experiment_20260518T134422Z_xaji0y_s1_pgg_r2_g4,public_good_experiment_20260518T134422Z_xaji0y_13,"{""prompt_type"": ""FACILITATOR"", ""prompt_name"": ""public_account_earnings"", ""module"": ""pgg"", ""round"": 2, ""rendered_prompt"": ""Calculate Player ID 13's earnings from the public account this round using the following formula:\n(11 _ 2.0) / 4\nRespond with only the resulting number without providing any explanations."", ""response"": ""5.5""}"
2026-05-18T14:11:26.444512+00:00,facilitator_call,public_good_experiment_20260518T134422Z_xaji0y,public_good_experiment_20260518T134422Z_xaji0y_s1,public_good_experiment_20260518T134422Z_xaji0y_s1_pgg_r2_g4,public_good_experiment_20260518T134422Z_xaji0y_14,"{""prompt_type"": ""FACILITATOR"", ""prompt_name"": ""public_account_earnings"", ""module"": ""pgg"", ""round"": 2, ""rendered_prompt"": ""Calculate Player ID 14's earnings from the public account this round using the following formula:\n(11 _ 2.0) / 4\nRespond with only the resulting number without providing any explanations."", ""response"": ""5.5""}"
2026-05-18T14:11:32.667104+00:00,facilitator_call,public_good_experiment_20260518T134422Z_xaji0y,public_good_experiment_20260518T134422Z_xaji0y_s1,public_good_experiment_20260518T134422Z_xaji0y_s1_pgg_r2_g4,public_good_experiment_20260518T134422Z_xaji0y_15,"{""prompt_type"": ""FACILITATOR"", ""prompt_name"": ""public_account_earnings"", ""module"": ""pgg"", ""round"": 2, ""rendered_prompt"": ""Calculate Player ID 15's earnings from the public account this round using the following formula:\n(11 _ 2.0) / 4\nRespond with only the resulting number without providing any explanations."", ""response"": ""5.5""}"
2026-05-18T14:11:35.762276+00:00,facilitator_call,public_good_experiment_20260518T134422Z_xaji0y,public_good_experiment_20260518T134422Z_xaji0y_s1,public_good_experiment_20260518T134422Z_xaji0y_s1_pgg_r2_g4,public_good_experiment_20260518T134422Z_xaji0y_16,"{""prompt_type"": ""FACILITATOR"", ""prompt_name"": ""public_account_earnings"", ""module"": ""pgg"", ""round"": 2, ""rendered_prompt"": ""Calculate Player ID 16's earnings from the public account this round using the following formula:\n(11 _ 2.0) / 4\nRespond with only the resulting number without providing any explanations."", ""response"": ""5.5""}"
2026-05-18T14:11:43.216355+00:00,facilitator_call,public_good_experiment_20260518T134422Z_xaji0y,public_good_experiment_20260518T134422Z_xaji0y_s1,public_good_experiment_20260518T134422Z_xaji0y_s1_pgg_r2_g4,public_good_experiment_20260518T134422Z_xaji0y_13,"{""prompt_type"": ""FACILITATOR"", ""prompt_name"": ""private_account_remaining"", ""module"": ""pgg"", ""round"": 2, ""rendered_prompt"": ""Calculate Player ID 13's remaining private tokens this round using the following formula:\n18 _ 0\nRespond with only the resulting number without any explanations."", ""response"": ""18""}"
2026-05-18T14:11:52.030720+00:00,facilitator_call,public_good_experiment_20260518T134422Z_xaji0y,public_good_experiment_20260518T134422Z_xaji0y_s1,public_good_experiment_20260518T134422Z_xaji0y_s1_pgg_r2_g4,public_good_experiment_20260518T134422Z_xaji0y_14,"{""prompt_type"": ""FACILITATOR"", ""prompt_name"": ""private_account_remaining"", ""module"": ""pgg"", ""round"": 2, ""rendered_prompt"": ""Calculate Player ID 14's remaining private tokens this round using the following formula:\n19 _ 5\nRespond with only the resulting number without any explanations."", ""response"": ""14""}"
2026-05-18T14:12:02.482963+00:00,facilitator_call,public_good_experiment_20260518T134422Z_xaji0y,public_good_experiment_20260518T134422Z_xaji0y_s1,public_good_experiment_20260518T134422Z_xaji0y_s1_pgg_r2_g4,public_good_experiment_20260518T134422Z_xaji0y_15,"{""prompt_type"": ""FACILITATOR"", ""prompt_name"": ""private_account_remaining"", ""module"": ""pgg"", ""round"": 2, ""rendered_prompt"": ""Calculate Player ID 15's remaining private tokens this round using the following formula:\n19 _ 0\nRespond with only the resulting number without any explanations."", ""response"": ""19""}"
2026-05-18T14:12:07.506295+00:00,facilitator_call,public_good_experiment_20260518T134422Z_xaji0y,public_good_experiment_20260518T134422Z_xaji0y_s1,public_good_experiment_20260518T134422Z_xaji0y_s1_pgg_r2_g4,public_good_experiment_20260518T134422Z_xaji0y_16,"{""prompt_type"": ""FACILITATOR"", ""prompt_name"": ""private_account_remaining"", ""module"": ""pgg"", ""round"": 2, ""rendered_prompt"": ""Calculate Player ID 16's remaining private tokens this round using the following formula:\n18 _ 6\nRespond with only the resulting number without any explanations."", ""response"": ""12""}"
2026-05-18T14:12:13.543114+00:00,facilitator_call,public_good_experiment_20260518T134422Z_xaji0y,public_good_experiment_20260518T134422Z_xaji0y_s1,public_good_experiment_20260518T134422Z_xaji0y_s1_pgg_r2_g4,public_good_experiment_20260518T134422Z_xaji0y_13,"{""prompt_type"": ""FACILITATOR"", ""prompt_name"": ""payoff"", ""module"": ""pgg"", ""round"": 2, ""rendered_prompt"": ""Calculate Player ID 13's total earnings this round using the following formula:\n5.5 + 18\nRespond with only the resulting number without any explanations."", ""response"": ""23.5""}"
2026-05-18T14:12:17.025201+00:00,facilitator_call,public_good_experiment_20260518T134422Z_xaji0y,public_good_experiment_20260518T134422Z_xaji0y_s1,public_good_experiment_20260518T134422Z_xaji0y_s1_pgg_r2_g4,public_good_experiment_20260518T134422Z_xaji0y_14,"{""prompt_type"": ""FACILITATOR"", ""prompt_name"": ""payoff"", ""module"": ""pgg"", ""round"": 2, ""rendered_prompt"": ""Calculate Player ID 14's total earnings this round using the following formula:\n5.5 + 14\nRespond with only the resulting number without any explanations."", ""response"": ""19.5""}"
2026-05-18T14:12:20.537059+00:00,facilitator_call,public_good_experiment_20260518T134422Z_xaji0y,public_good_experiment_20260518T134422Z_xaji0y_s1,public_good_experiment_20260518T134422Z_xaji0y_s1_pgg_r2_g4,public_good_experiment_20260518T134422Z_xaji0y_15,"{""prompt_type"": ""FACILITATOR"", ""prompt_name"": ""payoff"", ""module"": ""pgg"", ""round"": 2, ""rendered_prompt"": ""Calculate Player ID 15's total earnings this round using the following formula:\n5.5 + 19\nRespond with only the resulting number without any explanations."", ""response"": ""24.5""}"
2026-05-18T14:12:25.282847+00:00,facilitator_call,public_good_experiment_20260518T134422Z_xaji0y,public_good_experiment_20260518T134422Z_xaji0y_s1,public_good_experiment_20260518T134422Z_xaji0y_s1_pgg_r2_g4,public_good_experiment_20260518T134422Z_xaji0y_16,"{""prompt_type"": ""FACILITATOR"", ""prompt_name"": ""payoff"", ""module"": ""pgg"", ""round"": 2, ""rendered_prompt"": ""Calculate Player ID 16's total earnings this round using the following formula:\n5.5 + 12\nRespond with only the resulting number without any explanations."", ""response"": ""17.5""}"
2026-05-18T14:13:01.776404+00:00,facilitator_call,public_good_experiment_20260518T134422Z_xaji0y,public_good_experiment_20260518T134422Z_xaji0y_s1,public_good_experiment_20260518T134422Z_xaji0y_s1_pgg_r2_g5,public_good_experiment_20260518T134422Z_xaji0y_17,"{""prompt_type"": ""FACILITATOR"", ""prompt_name"": ""endowment"", ""module"": ""pgg"", ""round"": 2, ""rendered_prompt"": ""Choose a random integer between 8 and 20 as the initial endowment assigned to this player. Respond with only the resulting endowment without providing any explanations."", ""response"": ""16""}"
2026-05-18T14:13:05.030365+00:00,facilitator_call,public_good_experiment_20260518T134422Z_xaji0y,public_good_experiment_20260518T134422Z_xaji0y_s1,public_good_experiment_20260518T134422Z_xaji0y_s1_pgg_r2_g5,public_good_experiment_20260518T134422Z_xaji0y_18,"{""prompt_type"": ""FACILITATOR"", ""prompt_name"": ""endowment"", ""module"": ""pgg"", ""round"": 2, ""rendered_prompt"": ""Choose a random integer between 8 and 20 as the initial endowment assigned to this player. Respond with only the resulting endowment without providing any explanations."", ""response"": ""16""}"
2026-05-18T14:13:07.242889+00:00,facilitator_call,public_good_experiment_20260518T134422Z_xaji0y,public_good_experiment_20260518T134422Z_xaji0y_s1,public_good_experiment_20260518T134422Z_xaji0y_s1_pgg_r2_g5,public_good_experiment_20260518T134422Z_xaji0y_19,"{""prompt_type"": ""FACILITATOR"", ""prompt_name"": ""endowment"", ""module"": ""pgg"", ""round"": 2, ""rendered_prompt"": ""Choose a random integer between 8 and 20 as the initial endowment assigned to this player. Respond with only the resulting endowment without providing any explanations."", ""response"": ""16""}"
2026-05-18T14:13:09.885071+00:00,facilitator_call,public_good_experiment_20260518T134422Z_xaji0y,public_good_experiment_20260518T134422Z_xaji0y_s1,public_good_experiment_20260518T134422Z_xaji0y_s1_pgg_r2_g5,public_good_experiment_20260518T134422Z_xaji0y_20,"{""prompt_type"": ""FACILITATOR"", ""prompt_name"": ""endowment"", ""module"": ""pgg"", ""round"": 2, ""rendered_prompt"": ""Choose a random integer between 8 and 20 as the initial endowment assigned to this player. Respond with only the resulting endowment without providing any explanations."", ""response"": ""14""}"
2026-05-18T14:14:13.022251+00:00,facilitator_call,public_good_experiment_20260518T134422Z_xaji0y,public_good_experiment_20260518T134422Z_xaji0y_s1,public_good_experiment_20260518T134422Z_xaji0y_s1_pgg_r2_g5,,"{""prompt_type"": ""FACILITATOR"", ""prompt_name"": ""total_contribution"", ""module"": ""pgg"", ""round"": 2, ""rendered_prompt"": ""Calculate the total number of tokens contributed to the public account by all participants in this round using the following formula:\nPlayer 1's contribution to public account in this round + Player 2's contribution to public account in this round + Player 3's contribution to public account in this round + Player 4's contribution to public account in this round\nRespond with only the resulting nunber without providing any explanations."", ""response"": ""29""}"
2026-05-18T14:14:17.106674+00:00,facilitator_call,public_good_experiment_20260518T134422Z_xaji0y,public_good_experiment_20260518T134422Z_xaji0y_s1,public_good_experiment_20260518T134422Z_xaji0y_s1_pgg_r2_g5,public_good_experiment_20260518T134422Z_xaji0y_17,"{""prompt_type"": ""FACILITATOR"", ""prompt_name"": ""public_account_earnings"", ""module"": ""pgg"", ""round"": 2, ""rendered_prompt"": ""Calculate Player ID 17's earnings from the public account this round using the following formula:\n(29 _ 2.0) / 4\nRespond with only the resulting number without providing any explanations."", ""response"": ""14.5""}"
2026-05-18T14:14:20.368706+00:00,facilitator_call,public_good_experiment_20260518T134422Z_xaji0y,public_good_experiment_20260518T134422Z_xaji0y_s1,public_good_experiment_20260518T134422Z_xaji0y_s1_pgg_r2_g5,public_good_experiment_20260518T134422Z_xaji0y_18,"{""prompt_type"": ""FACILITATOR"", ""prompt_name"": ""public_account_earnings"", ""module"": ""pgg"", ""round"": 2, ""rendered_prompt"": ""Calculate Player ID 18's earnings from the public account this round using the following formula:\n(29 _ 2.0) / 4\nRespond with only the resulting number without providing any explanations."", ""response"": ""14.5""}"
2026-05-18T14:14:24.670771+00:00,facilitator_call,public_good_experiment_20260518T134422Z_xaji0y,public_good_experiment_20260518T134422Z_xaji0y_s1,public_good_experiment_20260518T134422Z_xaji0y_s1_pgg_r2_g5,public_good_experiment_20260518T134422Z_xaji0y_19,"{""prompt_type"": ""FACILITATOR"", ""prompt_name"": ""public_account_earnings"", ""module"": ""pgg"", ""round"": 2, ""rendered_prompt"": ""Calculate Player ID 19's earnings from the public account this round using the following formula:\n(29 _ 2.0) / 4\nRespond with only the resulting number without providing any explanations."", ""response"": ""14.5""}"
2026-05-18T14:14:28.471054+00:00,facilitator_call,public_good_experiment_20260518T134422Z_xaji0y,public_good_experiment_20260518T134422Z_xaji0y_s1,public_good_experiment_20260518T134422Z_xaji0y_s1_pgg_r2_g5,public_good_experiment_20260518T134422Z_xaji0y_20,"{""prompt_type"": ""FACILITATOR"", ""prompt_name"": ""public_account_earnings"", ""module"": ""pgg"", ""round"": 2, ""rendered_prompt"": ""Calculate Player ID 20's earnings from the public account this round using the following formula:\n(29 _ 2.0) / 4\nRespond with only the resulting number without providing any explanations."", ""response"": ""14.5""}"
2026-05-18T14:14:32.951597+00:00,facilitator_call,public_good_experiment_20260518T134422Z_xaji0y,public_good_experiment_20260518T134422Z_xaji0y_s1,public_good_experiment_20260518T134422Z_xaji0y_s1_pgg_r2_g5,public_good_experiment_20260518T134422Z_xaji0y_17,"{""prompt_type"": ""FACILITATOR"", ""prompt_name"": ""private_account_remaining"", ""module"": ""pgg"", ""round"": 2, ""rendered_prompt"": ""Calculate Player ID 17's remaining private tokens this round using the following formula:\n16 _ 4\nRespond with only the resulting number without any explanations."", ""response"": ""12""}"
2026-05-18T14:14:42.676570+00:00,facilitator_call,public_good_experiment_20260518T134422Z_xaji0y,public_good_experiment_20260518T134422Z_xaji0y_s1,public_good_experiment_20260518T134422Z_xaji0y_s1_pgg_r2_g5,public_good_experiment_20260518T134422Z_xaji0y_18,"{""prompt_type"": ""FACILITATOR"", ""prompt_name"": ""private_account_remaining"", ""module"": ""pgg"", ""round"": 2, ""rendered_prompt"": ""Calculate Player ID 18's remaining private tokens this round using the following formula:\n16 _ 7\nRespond with only the resulting number without any explanations."", ""response"": ""9""}"
2026-05-18T14:14:47.947439+00:00,facilitator_call,public_good_experiment_20260518T134422Z_xaji0y,public_good_experiment_20260518T134422Z_xaji0y_s1,public_good_experiment_20260518T134422Z_xaji0y_s1_pgg_r2_g5,public_good_experiment_20260518T134422Z_xaji0y_19,"{""prompt_type"": ""FACILITATOR"", ""prompt_name"": ""private_account_remaining"", ""module"": ""pgg"", ""round"": 2, ""rendered_prompt"": ""Calculate Player ID 19's remaining private tokens this round using the following formula:\n16 _ 10\nRespond with only the resulting number without any explanations."", ""response"": ""6""}"
2026-05-18T14:14:54.209996+00:00,facilitator_call,public_good_experiment_20260518T134422Z_xaji0y,public_good_experiment_20260518T134422Z_xaji0y_s1,public_good_experiment_20260518T134422Z_xaji0y_s1_pgg_r2_g5,public_good_experiment_20260518T134422Z_xaji0y_20,"{""prompt_type"": ""FACILITATOR"", ""prompt_name"": ""private_account_remaining"", ""module"": ""pgg"", ""round"": 2, ""rendered_prompt"": ""Calculate Player ID 20's remaining private tokens this round using the following formula:\n14 _ 8\nRespond with only the resulting number without any explanations."", ""response"": ""6""}"
2026-05-18T14:15:02.874690+00:00,facilitator_call,public_good_experiment_20260518T134422Z_xaji0y,public_good_experiment_20260518T134422Z_xaji0y_s1,public_good_experiment_20260518T134422Z_xaji0y_s1_pgg_r2_g5,public_good_experiment_20260518T134422Z_xaji0y_17,"{""prompt_type"": ""FACILITATOR"", ""prompt_name"": ""payoff"", ""module"": ""pgg"", ""round"": 2, ""rendered_prompt"": ""Calculate Player ID 17's total earnings this round using the following formula:\n14.5 + 12\nRespond with only the resulting number without any explanations."", ""response"": ""26.5""}"
2026-05-18T14:15:06.093215+00:00,facilitator_call,public_good_experiment_20260518T134422Z_xaji0y,public_good_experiment_20260518T134422Z_xaji0y_s1,public_good_experiment_20260518T134422Z_xaji0y_s1_pgg_r2_g5,public_good_experiment_20260518T134422Z_xaji0y_18,"{""prompt_type"": ""FACILITATOR"", ""prompt_name"": ""payoff"", ""module"": ""pgg"", ""round"": 2, ""rendered_prompt"": ""Calculate Player ID 18's total earnings this round using the following formula:\n14.5 + 9\nRespond with only the resulting number without any explanations."", ""response"": ""23.5""}"
2026-05-18T14:15:23.836426+00:00,facilitator_call,public_good_experiment_20260518T134422Z_xaji0y,public_good_experiment_20260518T134422Z_xaji0y_s1,public_good_experiment_20260518T134422Z_xaji0y_s1_pgg_r2_g5,public_good_experiment_20260518T134422Z_xaji0y_19,"{""prompt_type"": ""FACILITATOR"", ""prompt_name"": ""payoff"", ""module"": ""pgg"", ""round"": 2, ""rendered_prompt"": ""Calculate Player ID 19's total earnings this round using the following formula:\n14.5 + 6\nRespond with only the resulting number without any explanations."", ""response"": ""20.5""}"
2026-05-18T14:15:28.073759+00:00,facilitator_call,public_good_experiment_20260518T134422Z_xaji0y,public_good_experiment_20260518T134422Z_xaji0y_s1,public_good_experiment_20260518T134422Z_xaji0y_s1_pgg_r2_g5,public_good_experiment_20260518T134422Z_xaji0y_20,"{""prompt_type"": ""FACILITATOR"", ""prompt_name"": ""payoff"", ""module"": ""pgg"", ""round"": 2, ""rendered_prompt"": ""Calculate Player ID 20's total earnings this round using the following formula:\n14.5 + 6\nRespond with only the resulting number without any explanations."", ""response"": ""20.5""}"
2026-05-18T14:16:10.891258+00:00,facilitator_call,public_good_experiment_20260518T134422Z_xaji0y,public_good_experiment_20260518T134422Z_xaji0y_s1,public_good_experiment_20260518T134422Z_xaji0y_s1_pgg_r2_g6,public_good_experiment_20260518T134422Z_xaji0y_21,"{""prompt_type"": ""FACILITATOR"", ""prompt_name"": ""endowment"", ""module"": ""pgg"", ""round"": 2, ""rendered_prompt"": ""Choose a random integer between 8 and 20 as the initial endowment assigned to this player. Respond with only the resulting endowment without providing any explanations."", ""response"": ""13""}"
2026-05-18T14:16:13.010409+00:00,facilitator_call,public_good_experiment_20260518T134422Z_xaji0y,public_good_experiment_20260518T134422Z_xaji0y_s1,public_good_experiment_20260518T134422Z_xaji0y_s1_pgg_r2_g6,public_good_experiment_20260518T134422Z_xaji0y_22,"{""prompt_type"": ""FACILITATOR"", ""prompt_name"": ""endowment"", ""module"": ""pgg"", ""round"": 2, ""rendered_prompt"": ""Choose a random integer between 8 and 20 as the initial endowment assigned to this player. Respond with only the resulting endowment without providing any explanations."", ""response"": ""13""}"
2026-05-18T14:16:15.899507+00:00,facilitator_call,public_good_experiment_20260518T134422Z_xaji0y,public_good_experiment_20260518T134422Z_xaji0y_s1,public_good_experiment_20260518T134422Z_xaji0y_s1_pgg_r2_g6,public_good_experiment_20260518T134422Z_xaji0y_23,"{""prompt_type"": ""FACILITATOR"", ""prompt_name"": ""endowment"", ""module"": ""pgg"", ""round"": 2, ""rendered_prompt"": ""Choose a random integer between 8 and 20 as the initial endowment assigned to this player. Respond with only the resulting endowment without providing any explanations."", ""response"": ""13""}"
2026-05-18T14:16:18.160512+00:00,facilitator_call,public_good_experiment_20260518T134422Z_xaji0y,public_good_experiment_20260518T134422Z_xaji0y_s1,public_good_experiment_20260518T134422Z_xaji0y_s1_pgg_r2_g6,public_good_experiment_20260518T134422Z_xaji0y_24,"{""prompt_type"": ""FACILITATOR"", ""prompt_name"": ""endowment"", ""module"": ""pgg"", ""round"": 2, ""rendered_prompt"": ""Choose a random integer between 8 and 20 as the initial endowment assigned to this player. Respond with only the resulting endowment without providing any explanations."", ""response"": ""13""}"
2026-05-18T14:16:58.051195+00:00,facilitator_call,public_good_experiment_20260518T134422Z_xaji0y,public_good_experiment_20260518T134422Z_xaji0y_s1,public_good_experiment_20260518T134422Z_xaji0y_s1_pgg_r2_g6,,"{""prompt_type"": ""FACILITATOR"", ""prompt_name"": ""total_contribution"", ""module"": ""pgg"", ""round"": 2, ""rendered_prompt"": ""Calculate the total number of tokens contributed to the public account by all participants in this round using the following formula:\nPlayer 1's contribution to public account in this round + Player 2's contribution to public account in this round + Player 3's contribution to public account in this round + Player 4's contribution to public account in this round\nRespond with only the resulting nunber without providing any explanations."", ""response"": ""8""}"
2026-05-18T14:17:01.398802+00:00,facilitator_call,public_good_experiment_20260518T134422Z_xaji0y,public_good_experiment_20260518T134422Z_xaji0y_s1,public_good_experiment_20260518T134422Z_xaji0y_s1_pgg_r2_g6,public_good_experiment_20260518T134422Z_xaji0y_21,"{""prompt_type"": ""FACILITATOR"", ""prompt_name"": ""public_account_earnings"", ""module"": ""pgg"", ""round"": 2, ""rendered_prompt"": ""Calculate Player ID 21's earnings from the public account this round using the following formula:\n(8 _ 2.0) / 4\nRespond with only the resulting number without providing any explanations."", ""response"": ""4""}"
2026-05-18T14:17:04.071732+00:00,facilitator_call,public_good_experiment_20260518T134422Z_xaji0y,public_good_experiment_20260518T134422Z_xaji0y_s1,public_good_experiment_20260518T134422Z_xaji0y_s1_pgg_r2_g6,public_good_experiment_20260518T134422Z_xaji0y_22,"{""prompt_type"": ""FACILITATOR"", ""prompt_name"": ""public_account_earnings"", ""module"": ""pgg"", ""round"": 2, ""rendered_prompt"": ""Calculate Player ID 22's earnings from the public account this round using the following formula:\n(8 _ 2.0) / 4\nRespond with only the resulting number without providing any explanations."", ""response"": ""4""}"
2026-05-18T14:17:07.644348+00:00,facilitator_call,public_good_experiment_20260518T134422Z_xaji0y,public_good_experiment_20260518T134422Z_xaji0y_s1,public_good_experiment_20260518T134422Z_xaji0y_s1_pgg_r2_g6,public_good_experiment_20260518T134422Z_xaji0y_23,"{""prompt_type"": ""FACILITATOR"", ""prompt_name"": ""public_account_earnings"", ""module"": ""pgg"", ""round"": 2, ""rendered_prompt"": ""Calculate Player ID 23's earnings from the public account this round using the following formula:\n(8 _ 2.0) / 4\nRespond with only the resulting number without providing any explanations."", ""response"": ""4""}"
2026-05-18T14:17:10.616252+00:00,facilitator_call,public_good_experiment_20260518T134422Z_xaji0y,public_good_experiment_20260518T134422Z_xaji0y_s1,public_good_experiment_20260518T134422Z_xaji0y_s1_pgg_r2_g6,public_good_experiment_20260518T134422Z_xaji0y_24,"{""prompt_type"": ""FACILITATOR"", ""prompt_name"": ""public_account_earnings"", ""module"": ""pgg"", ""round"": 2, ""rendered_prompt"": ""Calculate Player ID 24's earnings from the public account this round using the following formula:\n(8 _ 2.0) / 4\nRespond with only the resulting number without providing any explanations."", ""response"": ""4""}"
2026-05-18T14:17:22.594687+00:00,facilitator_call,public_good_experiment_20260518T134422Z_xaji0y,public_good_experiment_20260518T134422Z_xaji0y_s1,public_good_experiment_20260518T134422Z_xaji0y_s1_pgg_r2_g6,public_good_experiment_20260518T134422Z_xaji0y_21,"{""prompt_type"": ""FACILITATOR"", ""prompt_name"": ""private_account_remaining"", ""module"": ""pgg"", ""round"": 2, ""rendered_prompt"": ""Calculate Player ID 21's remaining private tokens this round using the following formula:\n13 _ 0\nRespond with only the resulting number without any explanations."", ""response"": ""13""}"
2026-05-18T14:17:27.239768+00:00,facilitator_call,public_good_experiment_20260518T134422Z_xaji0y,public_good_experiment_20260518T134422Z_xaji0y_s1,public_good_experiment_20260518T134422Z_xaji0y_s1_pgg_r2_g6,public_good_experiment_20260518T134422Z_xaji0y_22,"{""prompt_type"": ""FACILITATOR"", ""prompt_name"": ""private_account_remaining"", ""module"": ""pgg"", ""round"": 2, ""rendered_prompt"": ""Calculate Player ID 22's remaining private tokens this round using the following formula:\n13 _ 2\nRespond with only the resulting number without any explanations."", ""response"": ""11""}"
2026-05-18T14:17:32.023304+00:00,facilitator_call,public_good_experiment_20260518T134422Z_xaji0y,public_good_experiment_20260518T134422Z_xaji0y_s1,public_good_experiment_20260518T134422Z_xaji0y_s1_pgg_r2_g6,public_good_experiment_20260518T134422Z_xaji0y_23,"{""prompt_type"": ""FACILITATOR"", ""prompt_name"": ""private_account_remaining"", ""module"": ""pgg"", ""round"": 2, ""rendered_prompt"": ""Calculate Player ID 23's remaining private tokens this round using the following formula:\n13 _ 0\nRespond with only the resulting number without any explanations."", ""response"": ""13""}"
2026-05-18T14:17:38.209056+00:00,facilitator_call,public_good_experiment_20260518T134422Z_xaji0y,public_good_experiment_20260518T134422Z_xaji0y_s1,public_good_experiment_20260518T134422Z_xaji0y_s1_pgg_r2_g6,public_good_experiment_20260518T134422Z_xaji0y_24,"{""prompt_type"": ""FACILITATOR"", ""prompt_name"": ""private_account_remaining"", ""module"": ""pgg"", ""round"": 2, ""rendered_prompt"": ""Calculate Player ID 24's remaining private tokens this round using the following formula:\n13 _ 6\nRespond with only the resulting number without any explanations."", ""response"": ""7""}"
2026-05-18T14:17:42.845686+00:00,facilitator_call,public_good_experiment_20260518T134422Z_xaji0y,public_good_experiment_20260518T134422Z_xaji0y_s1,public_good_experiment_20260518T134422Z_xaji0y_s1_pgg_r2_g6,public_good_experiment_20260518T134422Z_xaji0y_21,"{""prompt_type"": ""FACILITATOR"", ""prompt_name"": ""payoff"", ""module"": ""pgg"", ""round"": 2, ""rendered_prompt"": ""Calculate Player ID 21's total earnings this round using the following formula:\n4 + 13\nRespond with only the resulting number without any explanations."", ""response"": ""17""}"
2026-05-18T14:17:45.296135+00:00,facilitator_call,public_good_experiment_20260518T134422Z_xaji0y,public_good_experiment_20260518T134422Z_xaji0y_s1,public_good_experiment_20260518T134422Z_xaji0y_s1_pgg_r2_g6,public_good_experiment_20260518T134422Z_xaji0y_22,"{""prompt_type"": ""FACILITATOR"", ""prompt_name"": ""payoff"", ""module"": ""pgg"", ""round"": 2, ""rendered_prompt"": ""Calculate Player ID 22's total earnings this round using the following formula:\n4 + 11\nRespond with only the resulting number without any explanations."", ""response"": ""15""}"
2026-05-18T14:17:48.066592+00:00,facilitator_call,public_good_experiment_20260518T134422Z_xaji0y,public_good_experiment_20260518T134422Z_xaji0y_s1,public_good_experiment_20260518T134422Z_xaji0y_s1_pgg_r2_g6,public_good_experiment_20260518T134422Z_xaji0y_23,"{""prompt_type"": ""FACILITATOR"", ""prompt_name"": ""payoff"", ""module"": ""pgg"", ""round"": 2, ""rendered_prompt"": ""Calculate Player ID 23's total earnings this round using the following formula:\n4 + 13\nRespond with only the resulting number without any explanations."", ""response"": ""17""}"
2026-05-18T14:17:50.856671+00:00,facilitator_call,public_good_experiment_20260518T134422Z_xaji0y,public_good_experiment_20260518T134422Z_xaji0y_s1,public_good_experiment_20260518T134422Z_xaji0y_s1_pgg_r2_g6,public_good_experiment_20260518T134422Z_xaji0y_24,"{""prompt_type"": ""FACILITATOR"", ""prompt_name"": ""payoff"", ""module"": ""pgg"", ""round"": 2, ""rendered_prompt"": ""Calculate Player ID 24's total earnings this round using the following formula:\n4 + 7\nRespond with only the resulting number without any explanations."", ""response"": ""11""}"
2026-05-18T14:18:34.851576+00:00,facilitator_call,public_good_experiment_20260518T134422Z_xaji0y,public_good_experiment_20260518T134422Z_xaji0y_s1,public_good_experiment_20260518T134422Z_xaji0y_s1_pgg_r3_g1,public_good_experiment_20260518T134422Z_xaji0y_1,"{""prompt_type"": ""FACILITATOR"", ""prompt_name"": ""endowment"", ""module"": ""pgg"", ""round"": 3, ""rendered_prompt"": ""Choose a random integer between 8 and 20 as the initial endowment assigned to this player. Respond with only the resulting endowment without providing any explanations."", ""response"": ""11""}"
2026-05-18T14:18:39.673381+00:00,facilitator_call,public_good_experiment_20260518T134422Z_xaji0y,public_good_experiment_20260518T134422Z_xaji0y_s1,public_good_experiment_20260518T134422Z_xaji0y_s1_pgg_r3_g1,public_good_experiment_20260518T134422Z_xaji0y_2,"{""prompt_type"": ""FACILITATOR"", ""prompt_name"": ""endowment"", ""module"": ""pgg"", ""round"": 3, ""rendered_prompt"": ""Choose a random integer between 8 and 20 as the initial endowment assigned to this player. Respond with only the resulting endowment without providing any explanations."", ""response"": ""16""}"
2026-05-18T14:18:43.665760+00:00,facilitator_call,public_good_experiment_20260518T134422Z_xaji0y,public_good_experiment_20260518T134422Z_xaji0y_s1,public_good_experiment_20260518T134422Z_xaji0y_s1_pgg_r3_g1,public_good_experiment_20260518T134422Z_xaji0y_3,"{""prompt_type"": ""FACILITATOR"", ""prompt_name"": ""endowment"", ""module"": ""pgg"", ""round"": 3, ""rendered_prompt"": ""Choose a random integer between 8 and 20 as the initial endowment assigned to this player. Respond with only the resulting endowment without providing any explanations."", ""response"": ""16""}"
2026-05-18T14:18:48.171917+00:00,facilitator_call,public_good_experiment_20260518T134422Z_xaji0y,public_good_experiment_20260518T134422Z_xaji0y_s1,public_good_experiment_20260518T134422Z_xaji0y_s1_pgg_r3_g1,public_good_experiment_20260518T134422Z_xaji0y_4,"{""prompt_type"": ""FACILITATOR"", ""prompt_name"": ""endowment"", ""module"": ""pgg"", ""round"": 3, ""rendered_prompt"": ""Choose a random integer between 8 and 20 as the initial endowment assigned to this player. Respond with only the resulting endowment without providing any explanations."", ""response"": ""12""}"
2026-05-18T14:19:30.668342+00:00,facilitator_call,public_good_experiment_20260518T134422Z_xaji0y,public_good_experiment_20260518T134422Z_xaji0y_s1,public_good_experiment_20260518T134422Z_xaji0y_s1_pgg_r3_g1,,"{""prompt_type"": ""FACILITATOR"", ""prompt_name"": ""total_contribution"", ""module"": ""pgg"", ""round"": 3, ""rendered_prompt"": ""Calculate the total number of tokens contributed to the public account by all participants in this round using the following formula:\nPlayer 1's contribution to public account in this round + Player 2's contribution to public account in this round + Player 3's contribution to public account in this round + Player 4's contribution to public account in this round\nRespond with only the resulting nunber without providing any explanations."", ""response"": ""25""}"
2026-05-18T14:19:35.899923+00:00,facilitator_call,public_good_experiment_20260518T134422Z_xaji0y,public_good_experiment_20260518T134422Z_xaji0y_s1,public_good_experiment_20260518T134422Z_xaji0y_s1_pgg_r3_g1,public_good_experiment_20260518T134422Z_xaji0y_1,"{""prompt_type"": ""FACILITATOR"", ""prompt_name"": ""public_account_earnings"", ""module"": ""pgg"", ""round"": 3, ""rendered_prompt"": ""Calculate Player ID 1's earnings from the public account this round using the following formula:\n(25 _ 2.0) / 4\nRespond with only the resulting number without providing any explanations."", ""response"": ""12.5""}"
2026-05-18T14:19:38.655915+00:00,facilitator_call,public_good_experiment_20260518T134422Z_xaji0y,public_good_experiment_20260518T134422Z_xaji0y_s1,public_good_experiment_20260518T134422Z_xaji0y_s1_pgg_r3_g1,public_good_experiment_20260518T134422Z_xaji0y_2,"{""prompt_type"": ""FACILITATOR"", ""prompt_name"": ""public_account_earnings"", ""module"": ""pgg"", ""round"": 3, ""rendered_prompt"": ""Calculate Player ID 2's earnings from the public account this round using the following formula:\n(25 _ 2.0) / 4\nRespond with only the resulting number without providing any explanations."", ""response"": ""12.5""}"
2026-05-18T14:19:42.487305+00:00,facilitator_call,public_good_experiment_20260518T134422Z_xaji0y,public_good_experiment_20260518T134422Z_xaji0y_s1,public_good_experiment_20260518T134422Z_xaji0y_s1_pgg_r3_g1,public_good_experiment_20260518T134422Z_xaji0y_3,"{""prompt_type"": ""FACILITATOR"", ""prompt_name"": ""public_account_earnings"", ""module"": ""pgg"", ""round"": 3, ""rendered_prompt"": ""Calculate Player ID 3's earnings from the public account this round using the following formula:\n(25 _ 2.0) / 4\nRespond with only the resulting number without providing any explanations."", ""response"": ""12.5""}"
2026-05-18T14:19:48.254315+00:00,facilitator_call,public_good_experiment_20260518T134422Z_xaji0y,public_good_experiment_20260518T134422Z_xaji0y_s1,public_good_experiment_20260518T134422Z_xaji0y_s1_pgg_r3_g1,public_good_experiment_20260518T134422Z_xaji0y_4,"{""prompt_type"": ""FACILITATOR"", ""prompt_name"": ""public_account_earnings"", ""module"": ""pgg"", ""round"": 3, ""rendered_prompt"": ""Calculate Player ID 4's earnings from the public account this round using the following formula:\n(25 _ 2.0) / 4\nRespond with only the resulting number without providing any explanations."", ""response"": ""12.5""}"
2026-05-18T14:19:58.374527+00:00,facilitator_call,public_good_experiment_20260518T134422Z_xaji0y,public_good_experiment_20260518T134422Z_xaji0y_s1,public_good_experiment_20260518T134422Z_xaji0y_s1_pgg_r3_g1,public_good_experiment_20260518T134422Z_xaji0y_1,"{""prompt_type"": ""FACILITATOR"", ""prompt_name"": ""private_account_remaining"", ""module"": ""pgg"", ""round"": 3, ""rendered_prompt"": ""Calculate Player ID 1's remaining private tokens this round using the following formula:\n11 _ 6\nRespond with only the resulting number without any explanations."", ""response"": ""5""}"
2026-05-18T14:20:06.247921+00:00,facilitator_call,public_good_experiment_20260518T134422Z_xaji0y,public_good_experiment_20260518T134422Z_xaji0y_s1,public_good_experiment_20260518T134422Z_xaji0y_s1_pgg_r3_g1,public_good_experiment_20260518T134422Z_xaji0y_2,"{""prompt_type"": ""FACILITATOR"", ""prompt_name"": ""private_account_remaining"", ""module"": ""pgg"", ""round"": 3, ""rendered_prompt"": ""Calculate Player ID 2's remaining private tokens this round using the following formula:\n16 _ 6\nRespond with only the resulting number without any explanations."", ""response"": ""10""}"
2026-05-18T14:20:11.226422+00:00,facilitator_call,public_good_experiment_20260518T134422Z_xaji0y,public_good_experiment_20260518T134422Z_xaji0y_s1,public_good_experiment_20260518T134422Z_xaji0y_s1_pgg_r3_g1,public_good_experiment_20260518T134422Z_xaji0y_3,"{""prompt_type"": ""FACILITATOR"", ""prompt_name"": ""private_account_remaining"", ""module"": ""pgg"", ""round"": 3, ""rendered_prompt"": ""Calculate Player ID 3's remaining private tokens this round using the following formula:\n16 _ 7\nRespond with only the resulting number without any explanations."", ""response"": ""9""}"
2026-05-18T14:20:17.536531+00:00,facilitator_call,public_good_experiment_20260518T134422Z_xaji0y,public_good_experiment_20260518T134422Z_xaji0y_s1,public_good_experiment_20260518T134422Z_xaji0y_s1_pgg_r3_g1,public_good_experiment_20260518T134422Z_xaji0y_4,"{""prompt_type"": ""FACILITATOR"", ""prompt_name"": ""private_account_remaining"", ""module"": ""pgg"", ""round"": 3, ""rendered_prompt"": ""Calculate Player ID 4's remaining private tokens this round using the following formula:\n12 _ 6\nRespond with only the resulting number without any explanations."", ""response"": ""6""}"
2026-05-18T14:20:20.172785+00:00,facilitator_call,public_good_experiment_20260518T134422Z_xaji0y,public_good_experiment_20260518T134422Z_xaji0y_s1,public_good_experiment_20260518T134422Z_xaji0y_s1_pgg_r3_g1,public_good_experiment_20260518T134422Z_xaji0y_1,"{""prompt_type"": ""FACILITATOR"", ""prompt_name"": ""payoff"", ""module"": ""pgg"", ""round"": 3, ""rendered_prompt"": ""Calculate Player ID 1's total earnings this round using the following formula:\n12.5 + 5\nRespond with only the resulting number without any explanations."", ""response"": ""17.5""}"
2026-05-18T14:20:23.523569+00:00,facilitator_call,public_good_experiment_20260518T134422Z_xaji0y,public_good_experiment_20260518T134422Z_xaji0y_s1,public_good_experiment_20260518T134422Z_xaji0y_s1_pgg_r3_g1,public_good_experiment_20260518T134422Z_xaji0y_2,"{""prompt_type"": ""FACILITATOR"", ""prompt_name"": ""payoff"", ""module"": ""pgg"", ""round"": 3, ""rendered_prompt"": ""Calculate Player ID 2's total earnings this round using the following formula:\n12.5 + 10\nRespond with only the resulting number without any explanations."", ""response"": ""22.5""}"
2026-05-18T14:20:25.787963+00:00,facilitator_call,public_good_experiment_20260518T134422Z_xaji0y,public_good_experiment_20260518T134422Z_xaji0y_s1,public_good_experiment_20260518T134422Z_xaji0y_s1_pgg_r3_g1,public_good_experiment_20260518T134422Z_xaji0y_3,"{""prompt_type"": ""FACILITATOR"", ""prompt_name"": ""payoff"", ""module"": ""pgg"", ""round"": 3, ""rendered_prompt"": ""Calculate Player ID 3's total earnings this round using the following formula:\n12.5 + 9\nRespond with only the resulting number without any explanations."", ""response"": ""21.5""}"
2026-05-18T14:20:29.635009+00:00,facilitator_call,public_good_experiment_20260518T134422Z_xaji0y,public_good_experiment_20260518T134422Z_xaji0y_s1,public_good_experiment_20260518T134422Z_xaji0y_s1_pgg_r3_g1,public_good_experiment_20260518T134422Z_xaji0y_4,"{""prompt_type"": ""FACILITATOR"", ""prompt_name"": ""payoff"", ""module"": ""pgg"", ""round"": 3, ""rendered_prompt"": ""Calculate Player ID 4's total earnings this round using the following formula:\n12.5 + 6\nRespond with only the resulting number without any explanations."", ""response"": ""18.5""}"
2026-05-18T14:21:19.628275+00:00,facilitator_call,public_good_experiment_20260518T134422Z_xaji0y,public_good_experiment_20260518T134422Z_xaji0y_s1,public_good_experiment_20260518T134422Z_xaji0y_s1_pgg_r3_g2,public_good_experiment_20260518T134422Z_xaji0y_5,"{""prompt_type"": ""FACILITATOR"", ""prompt_name"": ""endowment"", ""module"": ""pgg"", ""round"": 3, ""rendered_prompt"": ""Choose a random integer between 8 and 20 as the initial endowment assigned to this player. Respond with only the resulting endowment without providing any explanations."", ""response"": ""12""}"
2026-05-18T14:21:23.433683+00:00,facilitator_call,public_good_experiment_20260518T134422Z_xaji0y,public_good_experiment_20260518T134422Z_xaji0y_s1,public_good_experiment_20260518T134422Z_xaji0y_s1_pgg_r3_g2,public_good_experiment_20260518T134422Z_xaji0y_6,"{""prompt_type"": ""FACILITATOR"", ""prompt_name"": ""endowment"", ""module"": ""pgg"", ""round"": 3, ""rendered_prompt"": ""Choose a random integer between 8 and 20 as the initial endowment assigned to this player. Respond with only the resulting endowment without providing any explanations."", ""response"": ""14""}"
2026-05-18T14:21:27.604350+00:00,facilitator_call,public_good_experiment_20260518T134422Z_xaji0y,public_good_experiment_20260518T134422Z_xaji0y_s1,public_good_experiment_20260518T134422Z_xaji0y_s1_pgg_r3_g2,public_good_experiment_20260518T134422Z_xaji0y_7,"{""prompt_type"": ""FACILITATOR"", ""prompt_name"": ""endowment"", ""module"": ""pgg"", ""round"": 3, ""rendered_prompt"": ""Choose a random integer between 8 and 20 as the initial endowment assigned to this player. Respond with only the resulting endowment without providing any explanations."", ""response"": ""12""}"
2026-05-18T14:21:30.328993+00:00,facilitator_call,public_good_experiment_20260518T134422Z_xaji0y,public_good_experiment_20260518T134422Z_xaji0y_s1,public_good_experiment_20260518T134422Z_xaji0y_s1_pgg_r3_g2,public_good_experiment_20260518T134422Z_xaji0y_8,"{""prompt_type"": ""FACILITATOR"", ""prompt_name"": ""endowment"", ""module"": ""pgg"", ""round"": 3, ""rendered_prompt"": ""Choose a random integer between 8 and 20 as the initial endowment assigned to this player. Respond with only the resulting endowment without providing any explanations."", ""response"": ""12""}"
2026-05-18T14:22:11.383730+00:00,facilitator_call,public_good_experiment_20260518T134422Z_xaji0y,public_good_experiment_20260518T134422Z_xaji0y_s1,public_good_experiment_20260518T134422Z_xaji0y_s1_pgg_r3_g2,,"{""prompt_type"": ""FACILITATOR"", ""prompt_name"": ""total_contribution"", ""module"": ""pgg"", ""round"": 3, ""rendered_prompt"": ""Calculate the total number of tokens contributed to the public account by all participants in this round using the following formula:\nPlayer 1's contribution to public account in this round + Player 2's contribution to public account in this round + Player 3's contribution to public account in this round + Player 4's contribution to public account in this round\nRespond with only the resulting nunber without providing any explanations."", ""response"": ""13""}"
2026-05-18T14:22:15.941692+00:00,facilitator_call,public_good_experiment_20260518T134422Z_xaji0y,public_good_experiment_20260518T134422Z_xaji0y_s1,public_good_experiment_20260518T134422Z_xaji0y_s1_pgg_r3_g2,public_good_experiment_20260518T134422Z_xaji0y_5,"{""prompt_type"": ""FACILITATOR"", ""prompt_name"": ""public_account_earnings"", ""module"": ""pgg"", ""round"": 3, ""rendered_prompt"": ""Calculate Player ID 5's earnings from the public account this round using the following formula:\n(13 _ 2.0) / 4\nRespond with only the resulting number without providing any explanations."", ""response"": ""6.5""}"
2026-05-18T14:22:19.005516+00:00,facilitator_call,public_good_experiment_20260518T134422Z_xaji0y,public_good_experiment_20260518T134422Z_xaji0y_s1,public_good_experiment_20260518T134422Z_xaji0y_s1_pgg_r3_g2,public_good_experiment_20260518T134422Z_xaji0y_6,"{""prompt_type"": ""FACILITATOR"", ""prompt_name"": ""public_account_earnings"", ""module"": ""pgg"", ""round"": 3, ""rendered_prompt"": ""Calculate Player ID 6's earnings from the public account this round using the following formula:\n(13 _ 2.0) / 4\nRespond with only the resulting number without providing any explanations."", ""response"": ""6.5""}"
2026-05-18T14:22:22.043715+00:00,facilitator_call,public_good_experiment_20260518T134422Z_xaji0y,public_good_experiment_20260518T134422Z_xaji0y_s1,public_good_experiment_20260518T134422Z_xaji0y_s1_pgg_r3_g2,public_good_experiment_20260518T134422Z_xaji0y_7,"{""prompt_type"": ""FACILITATOR"", ""prompt_name"": ""public_account_earnings"", ""module"": ""pgg"", ""round"": 3, ""rendered_prompt"": ""Calculate Player ID 7's earnings from the public account this round using the following formula:\n(13 _ 2.0) / 4\nRespond with only the resulting number without providing any explanations."", ""response"": ""6.5""}"
2026-05-18T14:22:25.671478+00:00,facilitator_call,public_good_experiment_20260518T134422Z_xaji0y,public_good_experiment_20260518T134422Z_xaji0y_s1,public_good_experiment_20260518T134422Z_xaji0y_s1_pgg_r3_g2,public_good_experiment_20260518T134422Z_xaji0y_8,"{""prompt_type"": ""FACILITATOR"", ""prompt_name"": ""public_account_earnings"", ""module"": ""pgg"", ""round"": 3, ""rendered_prompt"": ""Calculate Player ID 8's earnings from the public account this round using the following formula:\n(13 _ 2.0) / 4\nRespond with only the resulting number without providing any explanations."", ""response"": ""6.5""}"
2026-05-18T14:22:33.354658+00:00,facilitator_call,public_good_experiment_20260518T134422Z_xaji0y,public_good_experiment_20260518T134422Z_xaji0y_s1,public_good_experiment_20260518T134422Z_xaji0y_s1_pgg_r3_g2,public_good_experiment_20260518T134422Z_xaji0y_5,"{""prompt_type"": ""FACILITATOR"", ""prompt_name"": ""private_account_remaining"", ""module"": ""pgg"", ""round"": 3, ""rendered_prompt"": ""Calculate Player ID 5's remaining private tokens this round using the following formula:\n12 _ 0\nRespond with only the resulting number without any explanations."", ""response"": ""12""}"
2026-05-18T14:22:36.596486+00:00,facilitator_call,public_good_experiment_20260518T134422Z_xaji0y,public_good_experiment_20260518T134422Z_xaji0y_s1,public_good_experiment_20260518T134422Z_xaji0y_s1_pgg_r3_g2,public_good_experiment_20260518T134422Z_xaji0y_6,"{""prompt_type"": ""FACILITATOR"", ""prompt_name"": ""private_account_remaining"", ""module"": ""pgg"", ""round"": 3, ""rendered_prompt"": ""Calculate Player ID 6's remaining private tokens this round using the following formula:\n14 _ 3\nRespond with only the resulting number without any explanations."", ""response"": ""11""}"
2026-05-18T14:22:42.598679+00:00,facilitator_call,public_good_experiment_20260518T134422Z_xaji0y,public_good_experiment_20260518T134422Z_xaji0y_s1,public_good_experiment_20260518T134422Z_xaji0y_s1_pgg_r3_g2,public_good_experiment_20260518T134422Z_xaji0y_7,"{""prompt_type"": ""FACILITATOR"", ""prompt_name"": ""private_account_remaining"", ""module"": ""pgg"", ""round"": 3, ""rendered_prompt"": ""Calculate Player ID 7's remaining private tokens this round using the following formula:\n12 _ 2\nRespond with only the resulting number without any explanations."", ""response"": ""10""}"
2026-05-18T14:22:48.194066+00:00,facilitator_call,public_good_experiment_20260518T134422Z_xaji0y,public_good_experiment_20260518T134422Z_xaji0y_s1,public_good_experiment_20260518T134422Z_xaji0y_s1_pgg_r3_g2,public_good_experiment_20260518T134422Z_xaji0y_8,"{""prompt_type"": ""FACILITATOR"", ""prompt_name"": ""private_account_remaining"", ""module"": ""pgg"", ""round"": 3, ""rendered_prompt"": ""Calculate Player ID 8's remaining private tokens this round using the following formula:\n12 _ 8\nRespond with only the resulting number without any explanations."", ""response"": ""4""}"
2026-05-18T14:22:51.461176+00:00,facilitator_call,public_good_experiment_20260518T134422Z_xaji0y,public_good_experiment_20260518T134422Z_xaji0y_s1,public_good_experiment_20260518T134422Z_xaji0y_s1_pgg_r3_g2,public_good_experiment_20260518T134422Z_xaji0y_5,"{""prompt_type"": ""FACILITATOR"", ""prompt_name"": ""payoff"", ""module"": ""pgg"", ""round"": 3, ""rendered_prompt"": ""Calculate Player ID 5's total earnings this round using the following formula:\n6.5 + 12\nRespond with only the resulting number without any explanations."", ""response"": ""18.5""}"
2026-05-18T14:22:54.238462+00:00,facilitator_call,public_good_experiment_20260518T134422Z_xaji0y,public_good_experiment_20260518T134422Z_xaji0y_s1,public_good_experiment_20260518T134422Z_xaji0y_s1_pgg_r3_g2,public_good_experiment_20260518T134422Z_xaji0y_6,"{""prompt_type"": ""FACILITATOR"", ""prompt_name"": ""payoff"", ""module"": ""pgg"", ""round"": 3, ""rendered_prompt"": ""Calculate Player ID 6's total earnings this round using the following formula:\n6.5 + 11\nRespond with only the resulting number without any explanations."", ""response"": ""17.5""}"
2026-05-18T14:22:59.947081+00:00,facilitator_call,public_good_experiment_20260518T134422Z_xaji0y,public_good_experiment_20260518T134422Z_xaji0y_s1,public_good_experiment_20260518T134422Z_xaji0y_s1_pgg_r3_g2,public_good_experiment_20260518T134422Z_xaji0y_7,"{""prompt_type"": ""FACILITATOR"", ""prompt_name"": ""payoff"", ""module"": ""pgg"", ""round"": 3, ""rendered_prompt"": ""Calculate Player ID 7's total earnings this round using the following formula:\n6.5 + 10\nRespond with only the resulting number without any explanations."", ""response"": ""16.5""}"
2026-05-18T14:23:03.451335+00:00,facilitator_call,public_good_experiment_20260518T134422Z_xaji0y,public_good_experiment_20260518T134422Z_xaji0y_s1,public_good_experiment_20260518T134422Z_xaji0y_s1_pgg_r3_g2,public_good_experiment_20260518T134422Z_xaji0y_8,"{""prompt_type"": ""FACILITATOR"", ""prompt_name"": ""payoff"", ""module"": ""pgg"", ""round"": 3, ""rendered_prompt"": ""Calculate Player ID 8's total earnings this round using the following formula:\n6.5 + 4\nRespond with only the resulting number without any explanations."", ""response"": ""10.5""}"
2026-05-18T14:23:45.849293+00:00,facilitator_call,public_good_experiment_20260518T134422Z_xaji0y,public_good_experiment_20260518T134422Z_xaji0y_s1,public_good_experiment_20260518T134422Z_xaji0y_s1_pgg_r3_g3,public_good_experiment_20260518T134422Z_xaji0y_9,"{""prompt_type"": ""FACILITATOR"", ""prompt_name"": ""endowment"", ""module"": ""pgg"", ""round"": 3, ""rendered_prompt"": ""Choose a random integer between 8 and 20 as the initial endowment assigned to this player. Respond with only the resulting endowment without providing any explanations."", ""response"": ""12""}"
2026-05-18T14:23:49.167088+00:00,facilitator_call,public_good_experiment_20260518T134422Z_xaji0y,public_good_experiment_20260518T134422Z_xaji0y_s1,public_good_experiment_20260518T134422Z_xaji0y_s1_pgg_r3_g3,public_good_experiment_20260518T134422Z_xaji0y_10,"{""prompt_type"": ""FACILITATOR"", ""prompt_name"": ""endowment"", ""module"": ""pgg"", ""round"": 3, ""rendered_prompt"": ""Choose a random integer between 8 and 20 as the initial endowment assigned to this player. Respond with only the resulting endowment without providing any explanations."", ""response"": ""17""}"
2026-05-18T14:23:54.055973+00:00,facilitator_call,public_good_experiment_20260518T134422Z_xaji0y,public_good_experiment_20260518T134422Z_xaji0y_s1,public_good_experiment_20260518T134422Z_xaji0y_s1_pgg_r3_g3,public_good_experiment_20260518T134422Z_xaji0y_11,"{""prompt_type"": ""FACILITATOR"", ""prompt_name"": ""endowment"", ""module"": ""pgg"", ""round"": 3, ""rendered_prompt"": ""Choose a random integer between 8 and 20 as the initial endowment assigned to this player. Respond with only the resulting endowment without providing any explanations."", ""response"": ""11""}"
2026-05-18T14:23:56.703599+00:00,facilitator_call,public_good_experiment_20260518T134422Z_xaji0y,public_good_experiment_20260518T134422Z_xaji0y_s1,public_good_experiment_20260518T134422Z_xaji0y_s1_pgg_r3_g3,public_good_experiment_20260518T134422Z_xaji0y_12,"{""prompt_type"": ""FACILITATOR"", ""prompt_name"": ""endowment"", ""module"": ""pgg"", ""round"": 3, ""rendered_prompt"": ""Choose a random integer between 8 and 20 as the initial endowment assigned to this player. Respond with only the resulting endowment without providing any explanations."", ""response"": ""17""}"
2026-05-18T14:24:42.224249+00:00,facilitator_call,public_good_experiment_20260518T134422Z_xaji0y,public_good_experiment_20260518T134422Z_xaji0y_s1,public_good_experiment_20260518T134422Z_xaji0y_s1_pgg_r3_g3,,"{""prompt_type"": ""FACILITATOR"", ""prompt_name"": ""total_contribution"", ""module"": ""pgg"", ""round"": 3, ""rendered_prompt"": ""Calculate the total number of tokens contributed to the public account by all participants in this round using the following formula:\nPlayer 1's contribution to public account in this round + Player 2's contribution to public account in this round + Player 3's contribution to public account in this round + Player 4's contribution to public account in this round\nRespond with only the resulting nunber without providing any explanations."", ""response"": ""26""}"
2026-05-18T14:24:47.388114+00:00,facilitator_call,public_good_experiment_20260518T134422Z_xaji0y,public_good_experiment_20260518T134422Z_xaji0y_s1,public_good_experiment_20260518T134422Z_xaji0y_s1_pgg_r3_g3,public_good_experiment_20260518T134422Z_xaji0y_9,"{""prompt_type"": ""FACILITATOR"", ""prompt_name"": ""public_account_earnings"", ""module"": ""pgg"", ""round"": 3, ""rendered_prompt"": ""Calculate Player ID 9's earnings from the public account this round using the following formula:\n(26 _ 2.0) / 4\nRespond with only the resulting number without providing any explanations."", ""response"": ""13""}"
2026-05-18T14:24:50.306584+00:00,facilitator_call,public_good_experiment_20260518T134422Z_xaji0y,public_good_experiment_20260518T134422Z_xaji0y_s1,public_good_experiment_20260518T134422Z_xaji0y_s1_pgg_r3_g3,public_good_experiment_20260518T134422Z_xaji0y_10,"{""prompt_type"": ""FACILITATOR"", ""prompt_name"": ""public_account_earnings"", ""module"": ""pgg"", ""round"": 3, ""rendered_prompt"": ""Calculate Player ID 10's earnings from the public account this round using the following formula:\n(26 _ 2.0) / 4\nRespond with only the resulting number without providing any explanations."", ""response"": ""13""}"
2026-05-18T14:24:53.508396+00:00,facilitator_call,public_good_experiment_20260518T134422Z_xaji0y,public_good_experiment_20260518T134422Z_xaji0y_s1,public_good_experiment_20260518T134422Z_xaji0y_s1_pgg_r3_g3,public_good_experiment_20260518T134422Z_xaji0y_11,"{""prompt_type"": ""FACILITATOR"", ""prompt_name"": ""public_account_earnings"", ""module"": ""pgg"", ""round"": 3, ""rendered_prompt"": ""Calculate Player ID 11's earnings from the public account this round using the following formula:\n(26 _ 2.0) / 4\nRespond with only the resulting number without providing any explanations."", ""response"": ""13""}"
2026-05-18T14:24:58.236407+00:00,facilitator_call,public_good_experiment_20260518T134422Z_xaji0y,public_good_experiment_20260518T134422Z_xaji0y_s1,public_good_experiment_20260518T134422Z_xaji0y_s1_pgg_r3_g3,public_good_experiment_20260518T134422Z_xaji0y_12,"{""prompt_type"": ""FACILITATOR"", ""prompt_name"": ""public_account_earnings"", ""module"": ""pgg"", ""round"": 3, ""rendered_prompt"": ""Calculate Player ID 12's earnings from the public account this round using the following formula:\n(26 _ 2.0) / 4\nRespond with only the resulting number without providing any explanations."", ""response"": ""13""}"
2026-05-18T14:25:03.571276+00:00,facilitator_call,public_good_experiment_20260518T134422Z_xaji0y,public_good_experiment_20260518T134422Z_xaji0y_s1,public_good_experiment_20260518T134422Z_xaji0y_s1_pgg_r3_g3,public_good_experiment_20260518T134422Z_xaji0y_9,"{""prompt_type"": ""FACILITATOR"", ""prompt_name"": ""private_account_remaining"", ""module"": ""pgg"", ""round"": 3, ""rendered_prompt"": ""Calculate Player ID 9's remaining private tokens this round using the following formula:\n12 _ 6\nRespond with only the resulting number without any explanations."", ""response"": ""6""}"
2026-05-18T14:25:09.954807+00:00,facilitator_call,public_good_experiment_20260518T134422Z_xaji0y,public_good_experiment_20260518T134422Z_xaji0y_s1,public_good_experiment_20260518T134422Z_xaji0y_s1_pgg_r3_g3,public_good_experiment_20260518T134422Z_xaji0y_10,"{""prompt_type"": ""FACILITATOR"", ""prompt_name"": ""private_account_remaining"", ""module"": ""pgg"", ""round"": 3, ""rendered_prompt"": ""Calculate Player ID 10's remaining private tokens this round using the following formula:\n17 _ 6\nRespond with only the resulting number without any explanations."", ""response"": ""11""}"
2026-05-18T14:25:21.815761+00:00,facilitator_call,public_good_experiment_20260518T134422Z_xaji0y,public_good_experiment_20260518T134422Z_xaji0y_s1,public_good_experiment_20260518T134422Z_xaji0y_s1_pgg_r3_g3,public_good_experiment_20260518T134422Z_xaji0y_11,"{""prompt_type"": ""FACILITATOR"", ""prompt_name"": ""private_account_remaining"", ""module"": ""pgg"", ""round"": 3, ""rendered_prompt"": ""Calculate Player ID 11's remaining private tokens this round using the following formula:\n11 _ 7\nRespond with only the resulting number without any explanations."", ""response"": ""4""}"
2026-05-18T14:25:41.944042+00:00,facilitator_call,public_good_experiment_20260518T134422Z_xaji0y,public_good_experiment_20260518T134422Z_xaji0y_s1,public_good_experiment_20260518T134422Z_xaji0y_s1_pgg_r3_g3,public_good_experiment_20260518T134422Z_xaji0y_12,"{""prompt_type"": ""FACILITATOR"", ""prompt_name"": ""private_account_remaining"", ""module"": ""pgg"", ""round"": 3, ""rendered_prompt"": ""Calculate Player ID 12's remaining private tokens this round using the following formula:\n17 _ 7\nRespond with only the resulting number without any explanations."", ""response"": ""10""}"
2026-05-18T14:25:44.026567+00:00,facilitator_call,public_good_experiment_20260518T134422Z_xaji0y,public_good_experiment_20260518T134422Z_xaji0y_s1,public_good_experiment_20260518T134422Z_xaji0y_s1_pgg_r3_g3,public_good_experiment_20260518T134422Z_xaji0y_9,"{""prompt_type"": ""FACILITATOR"", ""prompt_name"": ""payoff"", ""module"": ""pgg"", ""round"": 3, ""rendered_prompt"": ""Calculate Player ID 9's total earnings this round using the following formula:\n13 + 6\nRespond with only the resulting number without any explanations."", ""response"": ""19""}"
2026-05-18T14:25:46.579516+00:00,facilitator_call,public_good_experiment_20260518T134422Z_xaji0y,public_good_experiment_20260518T134422Z_xaji0y_s1,public_good_experiment_20260518T134422Z_xaji0y_s1_pgg_r3_g3,public_good_experiment_20260518T134422Z_xaji0y_10,"{""prompt_type"": ""FACILITATOR"", ""prompt_name"": ""payoff"", ""module"": ""pgg"", ""round"": 3, ""rendered_prompt"": ""Calculate Player ID 10's total earnings this round using the following formula:\n13 + 11\nRespond with only the resulting number without any explanations."", ""response"": ""24""}"
2026-05-18T14:25:50.433423+00:00,facilitator_call,public_good_experiment_20260518T134422Z_xaji0y,public_good_experiment_20260518T134422Z_xaji0y_s1,public_good_experiment_20260518T134422Z_xaji0y_s1_pgg_r3_g3,public_good_experiment_20260518T134422Z_xaji0y_11,"{""prompt_type"": ""FACILITATOR"", ""prompt_name"": ""payoff"", ""module"": ""pgg"", ""round"": 3, ""rendered_prompt"": ""Calculate Player ID 11's total earnings this round using the following formula:\n13 + 4\nRespond with only the resulting number without any explanations."", ""response"": ""17""}"
2026-05-18T14:25:54.263461+00:00,facilitator_call,public_good_experiment_20260518T134422Z_xaji0y,public_good_experiment_20260518T134422Z_xaji0y_s1,public_good_experiment_20260518T134422Z_xaji0y_s1_pgg_r3_g3,public_good_experiment_20260518T134422Z_xaji0y_12,"{""prompt_type"": ""FACILITATOR"", ""prompt_name"": ""payoff"", ""module"": ""pgg"", ""round"": 3, ""rendered_prompt"": ""Calculate Player ID 12's total earnings this round using the following formula:\n13 + 10\nRespond with only the resulting number without any explanations."", ""response"": ""23""}"
2026-05-18T14:26:43.295649+00:00,facilitator_call,public_good_experiment_20260518T134422Z_xaji0y,public_good_experiment_20260518T134422Z_xaji0y_s1,public_good_experiment_20260518T134422Z_xaji0y_s1_pgg_r3_g4,public_good_experiment_20260518T134422Z_xaji0y_13,"{""prompt_type"": ""FACILITATOR"", ""prompt_name"": ""endowment"", ""module"": ""pgg"", ""round"": 3, ""rendered_prompt"": ""Choose a random integer between 8 and 20 as the initial endowment assigned to this player. Respond with only the resulting endowment without providing any explanations."", ""response"": ""16""}"
2026-05-18T14:26:46.309644+00:00,facilitator_call,public_good_experiment_20260518T134422Z_xaji0y,public_good_experiment_20260518T134422Z_xaji0y_s1,public_good_experiment_20260518T134422Z_xaji0y_s1_pgg_r3_g4,public_good_experiment_20260518T134422Z_xaji0y_14,"{""prompt_type"": ""FACILITATOR"", ""prompt_name"": ""endowment"", ""module"": ""pgg"", ""round"": 3, ""rendered_prompt"": ""Choose a random integer between 8 and 20 as the initial endowment assigned to this player. Respond with only the resulting endowment without providing any explanations."", ""response"": ""16""}"
2026-05-18T14:26:49.044023+00:00,facilitator_call,public_good_experiment_20260518T134422Z_xaji0y,public_good_experiment_20260518T134422Z_xaji0y_s1,public_good_experiment_20260518T134422Z_xaji0y_s1_pgg_r3_g4,public_good_experiment_20260518T134422Z_xaji0y_15,"{""prompt_type"": ""FACILITATOR"", ""prompt_name"": ""endowment"", ""module"": ""pgg"", ""round"": 3, ""rendered_prompt"": ""Choose a random integer between 8 and 20 as the initial endowment assigned to this player. Respond with only the resulting endowment without providing any explanations."", ""response"": ""16""}"
2026-05-18T14:26:52.011684+00:00,facilitator_call,public_good_experiment_20260518T134422Z_xaji0y,public_good_experiment_20260518T134422Z_xaji0y_s1,public_good_experiment_20260518T134422Z_xaji0y_s1_pgg_r3_g4,public_good_experiment_20260518T134422Z_xaji0y_16,"{""prompt_type"": ""FACILITATOR"", ""prompt_name"": ""endowment"", ""module"": ""pgg"", ""round"": 3, ""rendered_prompt"": ""Choose a random integer between 8 and 20 as the initial endowment assigned to this player. Respond with only the resulting endowment without providing any explanations."", ""response"": ""15""}"
2026-05-18T14:27:24.133509+00:00,facilitator_call,public_good_experiment_20260518T134422Z_xaji0y,public_good_experiment_20260518T134422Z_xaji0y_s1,public_good_experiment_20260518T134422Z_xaji0y_s1_pgg_r3_g4,,"{""prompt_type"": ""FACILITATOR"", ""prompt_name"": ""total_contribution"", ""module"": ""pgg"", ""round"": 3, ""rendered_prompt"": ""Calculate the total number of tokens contributed to the public account by all participants in this round using the following formula:\nPlayer 1's contribution to public account in this round + Player 2's contribution to public account in this round + Player 3's contribution to public account in this round + Player 4's contribution to public account in this round\nRespond with only the resulting nunber without providing any explanations."", ""response"": ""11""}"
2026-05-18T14:27:27.238549+00:00,facilitator_call,public_good_experiment_20260518T134422Z_xaji0y,public_good_experiment_20260518T134422Z_xaji0y_s1,public_good_experiment_20260518T134422Z_xaji0y_s1_pgg_r3_g4,public_good_experiment_20260518T134422Z_xaji0y_13,"{""prompt_type"": ""FACILITATOR"", ""prompt_name"": ""public_account_earnings"", ""module"": ""pgg"", ""round"": 3, ""rendered_prompt"": ""Calculate Player ID 13's earnings from the public account this round using the following formula:\n(11 _ 2.0) / 4\nRespond with only the resulting number without providing any explanations."", ""response"": ""5.5""}"
2026-05-18T14:27:30.596540+00:00,facilitator_call,public_good_experiment_20260518T134422Z_xaji0y,public_good_experiment_20260518T134422Z_xaji0y_s1,public_good_experiment_20260518T134422Z_xaji0y_s1_pgg_r3_g4,public_good_experiment_20260518T134422Z_xaji0y_14,"{""prompt_type"": ""FACILITATOR"", ""prompt_name"": ""public_account_earnings"", ""module"": ""pgg"", ""round"": 3, ""rendered_prompt"": ""Calculate Player ID 14's earnings from the public account this round using the following formula:\n(11 _ 2.0) / 4\nRespond with only the resulting number without providing any explanations."", ""response"": ""5.5""}"
2026-05-18T14:27:33.519999+00:00,facilitator_call,public_good_experiment_20260518T134422Z_xaji0y,public_good_experiment_20260518T134422Z_xaji0y_s1,public_good_experiment_20260518T134422Z_xaji0y_s1_pgg_r3_g4,public_good_experiment_20260518T134422Z_xaji0y_15,"{""prompt_type"": ""FACILITATOR"", ""prompt_name"": ""public_account_earnings"", ""module"": ""pgg"", ""round"": 3, ""rendered_prompt"": ""Calculate Player ID 15's earnings from the public account this round using the following formula:\n(11 _ 2.0) / 4\nRespond with only the resulting number without providing any explanations."", ""response"": ""5.5""}"
2026-05-18T14:27:38.194240+00:00,facilitator_call,public_good_experiment_20260518T134422Z_xaji0y,public_good_experiment_20260518T134422Z_xaji0y_s1,public_good_experiment_20260518T134422Z_xaji0y_s1_pgg_r3_g4,public_good_experiment_20260518T134422Z_xaji0y_16,"{""prompt_type"": ""FACILITATOR"", ""prompt_name"": ""public_account_earnings"", ""module"": ""pgg"", ""round"": 3, ""rendered_prompt"": ""Calculate Player ID 16's earnings from the public account this round using the following formula:\n(11 _ 2.0) / 4\nRespond with only the resulting number without providing any explanations."", ""response"": ""5.5""}"
2026-05-18T14:27:44.539566+00:00,facilitator_call,public_good_experiment_20260518T134422Z_xaji0y,public_good_experiment_20260518T134422Z_xaji0y_s1,public_good_experiment_20260518T134422Z_xaji0y_s1_pgg_r3_g4,public_good_experiment_20260518T134422Z_xaji0y_13,"{""prompt_type"": ""FACILITATOR"", ""prompt_name"": ""private_account_remaining"", ""module"": ""pgg"", ""round"": 3, ""rendered_prompt"": ""Calculate Player ID 13's remaining private tokens this round using the following formula:\n16 _ 0\nRespond with only the resulting number without any explanations."", ""response"": ""16""}"
2026-05-18T14:27:52.739532+00:00,facilitator_call,public_good_experiment_20260518T134422Z_xaji0y,public_good_experiment_20260518T134422Z_xaji0y_s1,public_good_experiment_20260518T134422Z_xaji0y_s1_pgg_r3_g4,public_good_experiment_20260518T134422Z_xaji0y_14,"{""prompt_type"": ""FACILITATOR"", ""prompt_name"": ""private_account_remaining"", ""module"": ""pgg"", ""round"": 3, ""rendered_prompt"": ""Calculate Player ID 14's remaining private tokens this round using the following formula:\n16 _ 5\nRespond with only the resulting number without any explanations."", ""response"": ""11""}"
2026-05-18T14:27:59.431655+00:00,facilitator_call,public_good_experiment_20260518T134422Z_xaji0y,public_good_experiment_20260518T134422Z_xaji0y_s1,public_good_experiment_20260518T134422Z_xaji0y_s1_pgg_r3_g4,public_good_experiment_20260518T134422Z_xaji0y_15,"{""prompt_type"": ""FACILITATOR"", ""prompt_name"": ""private_account_remaining"", ""module"": ""pgg"", ""round"": 3, ""rendered_prompt"": ""Calculate Player ID 15's remaining private tokens this round using the following formula:\n16 _ 0\nRespond with only the resulting number without any explanations."", ""response"": ""16""}"
2026-05-18T14:28:03.307275+00:00,facilitator_call,public_good_experiment_20260518T134422Z_xaji0y,public_good_experiment_20260518T134422Z_xaji0y_s1,public_good_experiment_20260518T134422Z_xaji0y_s1_pgg_r3_g4,public_good_experiment_20260518T134422Z_xaji0y_16,"{""prompt_type"": ""FACILITATOR"", ""prompt_name"": ""private_account_remaining"", ""module"": ""pgg"", ""round"": 3, ""rendered_prompt"": ""Calculate Player ID 16's remaining private tokens this round using the following formula:\n15 _ 6\nRespond with only the resulting number without any explanations."", ""response"": ""9""}"
2026-05-18T14:28:05.580793+00:00,facilitator_call,public_good_experiment_20260518T134422Z_xaji0y,public_good_experiment_20260518T134422Z_xaji0y_s1,public_good_experiment_20260518T134422Z_xaji0y_s1_pgg_r3_g4,public_good_experiment_20260518T134422Z_xaji0y_13,"{""prompt_type"": ""FACILITATOR"", ""prompt_name"": ""payoff"", ""module"": ""pgg"", ""round"": 3, ""rendered_prompt"": ""Calculate Player ID 13's total earnings this round using the following formula:\n5.5 + 16\nRespond with only the resulting number without any explanations."", ""response"": ""21.5""}"
2026-05-18T14:28:08.345857+00:00,facilitator_call,public_good_experiment_20260518T134422Z_xaji0y,public_good_experiment_20260518T134422Z_xaji0y_s1,public_good_experiment_20260518T134422Z_xaji0y_s1_pgg_r3_g4,public_good_experiment_20260518T134422Z_xaji0y_14,"{""prompt_type"": ""FACILITATOR"", ""prompt_name"": ""payoff"", ""module"": ""pgg"", ""round"": 3, ""rendered_prompt"": ""Calculate Player ID 14's total earnings this round using the following formula:\n5.5 + 11\nRespond with only the resulting number without any explanations."", ""response"": ""16.5""}"
2026-05-18T14:28:10.610375+00:00,facilitator_call,public_good_experiment_20260518T134422Z_xaji0y,public_good_experiment_20260518T134422Z_xaji0y_s1,public_good_experiment_20260518T134422Z_xaji0y_s1_pgg_r3_g4,public_good_experiment_20260518T134422Z_xaji0y_15,"{""prompt_type"": ""FACILITATOR"", ""prompt_name"": ""payoff"", ""module"": ""pgg"", ""round"": 3, ""rendered_prompt"": ""Calculate Player ID 15's total earnings this round using the following formula:\n5.5 + 16\nRespond with only the resulting number without any explanations."", ""response"": ""21.5""}"
2026-05-18T14:28:13.420489+00:00,facilitator_call,public_good_experiment_20260518T134422Z_xaji0y,public_good_experiment_20260518T134422Z_xaji0y_s1,public_good_experiment_20260518T134422Z_xaji0y_s1_pgg_r3_g4,public_good_experiment_20260518T134422Z_xaji0y_16,"{""prompt_type"": ""FACILITATOR"", ""prompt_name"": ""payoff"", ""module"": ""pgg"", ""round"": 3, ""rendered_prompt"": ""Calculate Player ID 16's total earnings this round using the following formula:\n5.5 + 9\nRespond with only the resulting number without any explanations."", ""response"": ""14.5""}"
2026-05-18T14:28:52.923726+00:00,facilitator_call,public_good_experiment_20260518T134422Z_xaji0y,public_good_experiment_20260518T134422Z_xaji0y_s1,public_good_experiment_20260518T134422Z_xaji0y_s1_pgg_r3_g5,public_good_experiment_20260518T134422Z_xaji0y_17,"{""prompt_type"": ""FACILITATOR"", ""prompt_name"": ""endowment"", ""module"": ""pgg"", ""round"": 3, ""rendered_prompt"": ""Choose a random integer between 8 and 20 as the initial endowment assigned to this player. Respond with only the resulting endowment without providing any explanations."", ""response"": ""16""}"
2026-05-18T14:28:55.307021+00:00,facilitator_call,public_good_experiment_20260518T134422Z_xaji0y,public_good_experiment_20260518T134422Z_xaji0y_s1,public_good_experiment_20260518T134422Z_xaji0y_s1_pgg_r3_g5,public_good_experiment_20260518T134422Z_xaji0y_18,"{""prompt_type"": ""FACILITATOR"", ""prompt_name"": ""endowment"", ""module"": ""pgg"", ""round"": 3, ""rendered_prompt"": ""Choose a random integer between 8 and 20 as the initial endowment assigned to this player. Respond with only the resulting endowment without providing any explanations."", ""response"": ""17""}"
2026-05-18T14:28:57.967077+00:00,facilitator_call,public_good_experiment_20260518T134422Z_xaji0y,public_good_experiment_20260518T134422Z_xaji0y_s1,public_good_experiment_20260518T134422Z_xaji0y_s1_pgg_r3_g5,public_good_experiment_20260518T134422Z_xaji0y_19,"{""prompt_type"": ""FACILITATOR"", ""prompt_name"": ""endowment"", ""module"": ""pgg"", ""round"": 3, ""rendered_prompt"": ""Choose a random integer between 8 and 20 as the initial endowment assigned to this player. Respond with only the resulting endowment without providing any explanations."", ""response"": ""14""}"
2026-05-18T14:29:00.198764+00:00,facilitator_call,public_good_experiment_20260518T134422Z_xaji0y,public_good_experiment_20260518T134422Z_xaji0y_s1,public_good_experiment_20260518T134422Z_xaji0y_s1_pgg_r3_g5,public_good_experiment_20260518T134422Z_xaji0y_20,"{""prompt_type"": ""FACILITATOR"", ""prompt_name"": ""endowment"", ""module"": ""pgg"", ""round"": 3, ""rendered_prompt"": ""Choose a random integer between 8 and 20 as the initial endowment assigned to this player. Respond with only the resulting endowment without providing any explanations."", ""response"": ""16""}"
2026-05-18T14:29:47.192594+00:00,facilitator_call,public_good_experiment_20260518T134422Z_xaji0y,public_good_experiment_20260518T134422Z_xaji0y_s1,public_good_experiment_20260518T134422Z_xaji0y_s1_pgg_r3_g5,,"{""prompt_type"": ""FACILITATOR"", ""prompt_name"": ""total_contribution"", ""module"": ""pgg"", ""round"": 3, ""rendered_prompt"": ""Calculate the total number of tokens contributed to the public account by all participants in this round using the following formula:\nPlayer 1's contribution to public account in this round + Player 2's contribution to public account in this round + Player 3's contribution to public account in this round + Player 4's contribution to public account in this round\nRespond with only the resulting nunber without providing any explanations."", ""response"": ""29""}"
2026-05-18T14:29:49.668538+00:00,facilitator_call,public_good_experiment_20260518T134422Z_xaji0y,public_good_experiment_20260518T134422Z_xaji0y_s1,public_good_experiment_20260518T134422Z_xaji0y_s1_pgg_r3_g5,public_good_experiment_20260518T134422Z_xaji0y_17,"{""prompt_type"": ""FACILITATOR"", ""prompt_name"": ""public_account_earnings"", ""module"": ""pgg"", ""round"": 3, ""rendered_prompt"": ""Calculate Player ID 17's earnings from the public account this round using the following formula:\n(29 _ 2.0) / 4\nRespond with only the resulting number without providing any explanations."", ""response"": ""14.5""}"
2026-05-18T14:29:52.755778+00:00,facilitator_call,public_good_experiment_20260518T134422Z_xaji0y,public_good_experiment_20260518T134422Z_xaji0y_s1,public_good_experiment_20260518T134422Z_xaji0y_s1_pgg_r3_g5,public_good_experiment_20260518T134422Z_xaji0y_18,"{""prompt_type"": ""FACILITATOR"", ""prompt_name"": ""public_account_earnings"", ""module"": ""pgg"", ""round"": 3, ""rendered_prompt"": ""Calculate Player ID 18's earnings from the public account this round using the following formula:\n(29 _ 2.0) / 4\nRespond with only the resulting number without providing any explanations."", ""response"": ""14.5""}"
2026-05-18T14:29:56.848955+00:00,facilitator_call,public_good_experiment_20260518T134422Z_xaji0y,public_good_experiment_20260518T134422Z_xaji0y_s1,public_good_experiment_20260518T134422Z_xaji0y_s1_pgg_r3_g5,public_good_experiment_20260518T134422Z_xaji0y_19,"{""prompt_type"": ""FACILITATOR"", ""prompt_name"": ""public_account_earnings"", ""module"": ""pgg"", ""round"": 3, ""rendered_prompt"": ""Calculate Player ID 19's earnings from the public account this round using the following formula:\n(29 _ 2.0) / 4\nRespond with only the resulting number without providing any explanations."", ""response"": ""14.5""}"
2026-05-18T14:30:00.556408+00:00,facilitator_call,public_good_experiment_20260518T134422Z_xaji0y,public_good_experiment_20260518T134422Z_xaji0y_s1,public_good_experiment_20260518T134422Z_xaji0y_s1_pgg_r3_g5,public_good_experiment_20260518T134422Z_xaji0y_20,"{""prompt_type"": ""FACILITATOR"", ""prompt_name"": ""public_account_earnings"", ""module"": ""pgg"", ""round"": 3, ""rendered_prompt"": ""Calculate Player ID 20's earnings from the public account this round using the following formula:\n(29 _ 2.0) / 4\nRespond with only the resulting number without providing any explanations."", ""response"": ""14.5""}"
2026-05-18T14:30:05.139876+00:00,facilitator_call,public_good_experiment_20260518T134422Z_xaji0y,public_good_experiment_20260518T134422Z_xaji0y_s1,public_good_experiment_20260518T134422Z_xaji0y_s1_pgg_r3_g5,public_good_experiment_20260518T134422Z_xaji0y_17,"{""prompt_type"": ""FACILITATOR"", ""prompt_name"": ""private_account_remaining"", ""module"": ""pgg"", ""round"": 3, ""rendered_prompt"": ""Calculate Player ID 17's remaining private tokens this round using the following formula:\n16 _ 4\nRespond with only the resulting number without any explanations."", ""response"": ""12""}"
2026-05-18T14:30:13.625000+00:00,facilitator_call,public_good_experiment_20260518T134422Z_xaji0y,public_good_experiment_20260518T134422Z_xaji0y_s1,public_good_experiment_20260518T134422Z_xaji0y_s1_pgg_r3_g5,public_good_experiment_20260518T134422Z_xaji0y_18,"{""prompt_type"": ""FACILITATOR"", ""prompt_name"": ""private_account_remaining"", ""module"": ""pgg"", ""round"": 3, ""rendered_prompt"": ""Calculate Player ID 18's remaining private tokens this round using the following formula:\n17 _ 7\nRespond with only the resulting number without any explanations."", ""response"": ""10""}"
2026-05-18T14:30:19.969777+00:00,facilitator_call,public_good_experiment_20260518T134422Z_xaji0y,public_good_experiment_20260518T134422Z_xaji0y_s1,public_good_experiment_20260518T134422Z_xaji0y_s1_pgg_r3_g5,public_good_experiment_20260518T134422Z_xaji0y_19,"{""prompt_type"": ""FACILITATOR"", ""prompt_name"": ""private_account_remaining"", ""module"": ""pgg"", ""round"": 3, ""rendered_prompt"": ""Calculate Player ID 19's remaining private tokens this round using the following formula:\n14 _ 8\nRespond with only the resulting number without any explanations."", ""response"": ""6""}"
2026-05-18T14:30:25.739108+00:00,facilitator_call,public_good_experiment_20260518T134422Z_xaji0y,public_good_experiment_20260518T134422Z_xaji0y_s1,public_good_experiment_20260518T134422Z_xaji0y_s1_pgg_r3_g5,public_good_experiment_20260518T134422Z_xaji0y_20,"{""prompt_type"": ""FACILITATOR"", ""prompt_name"": ""private_account_remaining"", ""module"": ""pgg"", ""round"": 3, ""rendered_prompt"": ""Calculate Player ID 20's remaining private tokens this round using the following formula:\n16 _ 10\nRespond with only the resulting number without any explanations."", ""response"": ""6""}"
2026-05-18T14:30:28.002960+00:00,facilitator_call,public_good_experiment_20260518T134422Z_xaji0y,public_good_experiment_20260518T134422Z_xaji0y_s1,public_good_experiment_20260518T134422Z_xaji0y_s1_pgg_r3_g5,public_good_experiment_20260518T134422Z_xaji0y_17,"{""prompt_type"": ""FACILITATOR"", ""prompt_name"": ""payoff"", ""module"": ""pgg"", ""round"": 3, ""rendered_prompt"": ""Calculate Player ID 17's total earnings this round using the following formula:\n14.5 + 12\nRespond with only the resulting number without any explanations."", ""response"": ""26.5""}"
2026-05-18T14:30:30.147347+00:00,facilitator_call,public_good_experiment_20260518T134422Z_xaji0y,public_good_experiment_20260518T134422Z_xaji0y_s1,public_good_experiment_20260518T134422Z_xaji0y_s1_pgg_r3_g5,public_good_experiment_20260518T134422Z_xaji0y_18,"{""prompt_type"": ""FACILITATOR"", ""prompt_name"": ""payoff"", ""module"": ""pgg"", ""round"": 3, ""rendered_prompt"": ""Calculate Player ID 18's total earnings this round using the following formula:\n14.5 + 10\nRespond with only the resulting number without any explanations."", ""response"": ""24.5""}"
2026-05-18T14:30:35.150921+00:00,facilitator_call,public_good_experiment_20260518T134422Z_xaji0y,public_good_experiment_20260518T134422Z_xaji0y_s1,public_good_experiment_20260518T134422Z_xaji0y_s1_pgg_r3_g5,public_good_experiment_20260518T134422Z_xaji0y_19,"{""prompt_type"": ""FACILITATOR"", ""prompt_name"": ""payoff"", ""module"": ""pgg"", ""round"": 3, ""rendered_prompt"": ""Calculate Player ID 19's total earnings this round using the following formula:\n14.5 + 6\nRespond with only the resulting number without any explanations."", ""response"": ""20.5""}"
2026-05-18T14:30:37.658377+00:00,facilitator_call,public_good_experiment_20260518T134422Z_xaji0y,public_good_experiment_20260518T134422Z_xaji0y_s1,public_good_experiment_20260518T134422Z_xaji0y_s1_pgg_r3_g5,public_good_experiment_20260518T134422Z_xaji0y_20,"{""prompt_type"": ""FACILITATOR"", ""prompt_name"": ""payoff"", ""module"": ""pgg"", ""round"": 3, ""rendered_prompt"": ""Calculate Player ID 20's total earnings this round using the following formula:\n14.5 + 6\nRespond with only the resulting number without any explanations."", ""response"": ""20.5""}"
2026-05-18T14:31:08.182594+00:00,facilitator_call,public_good_experiment_20260518T134422Z_xaji0y,public_good_experiment_20260518T134422Z_xaji0y_s1,public_good_experiment_20260518T134422Z_xaji0y_s1_pgg_r3_g6,public_good_experiment_20260518T134422Z_xaji0y_21,"{""prompt_type"": ""FACILITATOR"", ""prompt_name"": ""endowment"", ""module"": ""pgg"", ""round"": 3, ""rendered_prompt"": ""Choose a random integer between 8 and 20 as the initial endowment assigned to this player. Respond with only the resulting endowment without providing any explanations."", ""response"": ""15""}"
2026-05-18T14:31:11.414515+00:00,facilitator_call,public_good_experiment_20260518T134422Z_xaji0y,public_good_experiment_20260518T134422Z_xaji0y_s1,public_good_experiment_20260518T134422Z_xaji0y_s1_pgg_r3_g6,public_good_experiment_20260518T134422Z_xaji0y_22,"{""prompt_type"": ""FACILITATOR"", ""prompt_name"": ""endowment"", ""module"": ""pgg"", ""round"": 3, ""rendered_prompt"": ""Choose a random integer between 8 and 20 as the initial endowment assigned to this player. Respond with only the resulting endowment without providing any explanations."", ""response"": ""18""}"
2026-05-18T14:31:15.397802+00:00,facilitator_call,public_good_experiment_20260518T134422Z_xaji0y,public_good_experiment_20260518T134422Z_xaji0y_s1,public_good_experiment_20260518T134422Z_xaji0y_s1_pgg_r3_g6,public_good_experiment_20260518T134422Z_xaji0y_23,"{""prompt_type"": ""FACILITATOR"", ""prompt_name"": ""endowment"", ""module"": ""pgg"", ""round"": 3, ""rendered_prompt"": ""Choose a random integer between 8 and 20 as the initial endowment assigned to this player. Respond with only the resulting endowment without providing any explanations."", ""response"": ""12""}"
2026-05-18T14:31:20.119139+00:00,facilitator_call,public_good_experiment_20260518T134422Z_xaji0y,public_good_experiment_20260518T134422Z_xaji0y_s1,public_good_experiment_20260518T134422Z_xaji0y_s1_pgg_r3_g6,public_good_experiment_20260518T134422Z_xaji0y_24,"{""prompt_type"": ""FACILITATOR"", ""prompt_name"": ""endowment"", ""module"": ""pgg"", ""round"": 3, ""rendered_prompt"": ""Choose a random integer between 8 and 20 as the initial endowment assigned to this player. Respond with only the resulting endowment without providing any explanations."", ""response"": ""11""}"
2026-05-18T14:31:56.429641+00:00,facilitator_call,public_good_experiment_20260518T134422Z_xaji0y,public_good_experiment_20260518T134422Z_xaji0y_s1,public_good_experiment_20260518T134422Z_xaji0y_s1_pgg_r3_g6,,"{""prompt_type"": ""FACILITATOR"", ""prompt_name"": ""total_contribution"", ""module"": ""pgg"", ""round"": 3, ""rendered_prompt"": ""Calculate the total number of tokens contributed to the public account by all participants in this round using the following formula:\nPlayer 1's contribution to public account in this round + Player 2's contribution to public account in this round + Player 3's contribution to public account in this round + Player 4's contribution to public account in this round\nRespond with only the resulting nunber without providing any explanations."", ""response"": ""6""}"
2026-05-18T14:31:58.882955+00:00,facilitator_call,public_good_experiment_20260518T134422Z_xaji0y,public_good_experiment_20260518T134422Z_xaji0y_s1,public_good_experiment_20260518T134422Z_xaji0y_s1_pgg_r3_g6,public_good_experiment_20260518T134422Z_xaji0y_21,"{""prompt_type"": ""FACILITATOR"", ""prompt_name"": ""public_account_earnings"", ""module"": ""pgg"", ""round"": 3, ""rendered_prompt"": ""Calculate Player ID 21's earnings from the public account this round using the following formula:\n(6 _ 2.0) / 4\nRespond with only the resulting number without providing any explanations."", ""response"": ""3""}"
2026-05-18T14:32:02.525259+00:00,facilitator_call,public_good_experiment_20260518T134422Z_xaji0y,public_good_experiment_20260518T134422Z_xaji0y_s1,public_good_experiment_20260518T134422Z_xaji0y_s1_pgg_r3_g6,public_good_experiment_20260518T134422Z_xaji0y_22,"{""prompt_type"": ""FACILITATOR"", ""prompt_name"": ""public_account_earnings"", ""module"": ""pgg"", ""round"": 3, ""rendered_prompt"": ""Calculate Player ID 22's earnings from the public account this round using the following formula:\n(6 _ 2.0) / 4\nRespond with only the resulting number without providing any explanations."", ""response"": ""3""}"
2026-05-18T14:32:05.459332+00:00,facilitator_call,public_good_experiment_20260518T134422Z_xaji0y,public_good_experiment_20260518T134422Z_xaji0y_s1,public_good_experiment_20260518T134422Z_xaji0y_s1_pgg_r3_g6,public_good_experiment_20260518T134422Z_xaji0y_23,"{""prompt_type"": ""FACILITATOR"", ""prompt_name"": ""public_account_earnings"", ""module"": ""pgg"", ""round"": 3, ""rendered_prompt"": ""Calculate Player ID 23's earnings from the public account this round using the following formula:\n(6 _ 2.0) / 4\nRespond with only the resulting number without providing any explanations."", ""response"": ""3""}"
2026-05-18T14:32:09.765790+00:00,facilitator_call,public_good_experiment_20260518T134422Z_xaji0y,public_good_experiment_20260518T134422Z_xaji0y_s1,public_good_experiment_20260518T134422Z_xaji0y_s1_pgg_r3_g6,public_good_experiment_20260518T134422Z_xaji0y_24,"{""prompt_type"": ""FACILITATOR"", ""prompt_name"": ""public_account_earnings"", ""module"": ""pgg"", ""round"": 3, ""rendered_prompt"": ""Calculate Player ID 24's earnings from the public account this round using the following formula:\n(6 _ 2.0) / 4\nRespond with only the resulting number without providing any explanations."", ""response"": ""3""}"
2026-05-18T14:32:12.456309+00:00,facilitator_call,public_good_experiment_20260518T134422Z_xaji0y,public_good_experiment_20260518T134422Z_xaji0y_s1,public_good_experiment_20260518T134422Z_xaji0y_s1_pgg_r3_g6,public_good_experiment_20260518T134422Z_xaji0y_21,"{""prompt_type"": ""FACILITATOR"", ""prompt_name"": ""private_account_remaining"", ""module"": ""pgg"", ""round"": 3, ""rendered_prompt"": ""Calculate Player ID 21's remaining private tokens this round using the following formula:\n15 _ 0\nRespond with only the resulting number without any explanations."", ""response"": ""15""}"
2026-05-18T14:32:18.024523+00:00,facilitator_call,public_good_experiment_20260518T134422Z_xaji0y,public_good_experiment_20260518T134422Z_xaji0y_s1,public_good_experiment_20260518T134422Z_xaji0y_s1_pgg_r3_g6,public_good_experiment_20260518T134422Z_xaji0y_22,"{""prompt_type"": ""FACILITATOR"", ""prompt_name"": ""private_account_remaining"", ""module"": ""pgg"", ""round"": 3, ""rendered_prompt"": ""Calculate Player ID 22's remaining private tokens this round using the following formula:\n18 _ 2\nRespond with only the resulting number without any explanations."", ""response"": ""16""}"
2026-05-18T14:32:23.146480+00:00,facilitator_call,public_good_experiment_20260518T134422Z_xaji0y,public_good_experiment_20260518T134422Z_xaji0y_s1,public_good_experiment_20260518T134422Z_xaji0y_s1_pgg_r3_g6,public_good_experiment_20260518T134422Z_xaji0y_23,"{""prompt_type"": ""FACILITATOR"", ""prompt_name"": ""private_account_remaining"", ""module"": ""pgg"", ""round"": 3, ""rendered_prompt"": ""Calculate Player ID 23's remaining private tokens this round using the following formula:\n12 _ 0\nRespond with only the resulting number without any explanations."", ""response"": ""12""}"
2026-05-18T14:32:29.203197+00:00,facilitator_call,public_good_experiment_20260518T134422Z_xaji0y,public_good_experiment_20260518T134422Z_xaji0y_s1,public_good_experiment_20260518T134422Z_xaji0y_s1_pgg_r3_g6,public_good_experiment_20260518T134422Z_xaji0y_24,"{""prompt_type"": ""FACILITATOR"", ""prompt_name"": ""private_account_remaining"", ""module"": ""pgg"", ""round"": 3, ""rendered_prompt"": ""Calculate Player ID 24's remaining private tokens this round using the following formula:\n11 _ 4\nRespond with only the resulting number without any explanations."", ""response"": ""7""}"
2026-05-18T14:32:31.507737+00:00,facilitator_call,public_good_experiment_20260518T134422Z_xaji0y,public_good_experiment_20260518T134422Z_xaji0y_s1,public_good_experiment_20260518T134422Z_xaji0y_s1_pgg_r3_g6,public_good_experiment_20260518T134422Z_xaji0y_21,"{""prompt_type"": ""FACILITATOR"", ""prompt_name"": ""payoff"", ""module"": ""pgg"", ""round"": 3, ""rendered_prompt"": ""Calculate Player ID 21's total earnings this round using the following formula:\n3 + 15\nRespond with only the resulting number without any explanations."", ""response"": ""18""}"
2026-05-18T14:32:33.673854+00:00,facilitator_call,public_good_experiment_20260518T134422Z_xaji0y,public_good_experiment_20260518T134422Z_xaji0y_s1,public_good_experiment_20260518T134422Z_xaji0y_s1_pgg_r3_g6,public_good_experiment_20260518T134422Z_xaji0y_22,"{""prompt_type"": ""FACILITATOR"", ""prompt_name"": ""payoff"", ""module"": ""pgg"", ""round"": 3, ""rendered_prompt"": ""Calculate Player ID 22's total earnings this round using the following formula:\n3 + 16\nRespond with only the resulting number without any explanations."", ""response"": ""19""}"
2026-05-18T14:32:35.698082+00:00,facilitator_call,public_good_experiment_20260518T134422Z_xaji0y,public_good_experiment_20260518T134422Z_xaji0y_s1,public_good_experiment_20260518T134422Z_xaji0y_s1_pgg_r3_g6,public_good_experiment_20260518T134422Z_xaji0y_23,"{""prompt_type"": ""FACILITATOR"", ""prompt_name"": ""payoff"", ""module"": ""pgg"", ""round"": 3, ""rendered_prompt"": ""Calculate Player ID 23's total earnings this round using the following formula:\n3 + 12\nRespond with only the resulting number without any explanations."", ""response"": ""15""}"
2026-05-18T14:32:38.411651+00:00,facilitator_call,public_good_experiment_20260518T134422Z_xaji0y,public_good_experiment_20260518T134422Z_xaji0y_s1,public_good_experiment_20260518T134422Z_xaji0y_s1_pgg_r3_g6,public_good_experiment_20260518T134422Z_xaji0y_24,"{""prompt_type"": ""FACILITATOR"", ""prompt_name"": ""payoff"", ""module"": ""pgg"", ""round"": 3, ""rendered_prompt"": ""Calculate Player ID 24's total earnings this round using the following formula:\n3 + 7\nRespond with only the resulting number without any explanations."", ""response"": ""10""}"
2026-05-18T14:33:31.996878+00:00,facilitator_call,public_good_experiment_20260518T134422Z_xaji0y,public_good_experiment_20260518T134422Z_xaji0y_s1,public_good_experiment_20260518T134422Z_xaji0y_s1_pgg_r4_g1,public_good_experiment_20260518T134422Z_xaji0y_1,"{""prompt_type"": ""FACILITATOR"", ""prompt_name"": ""endowment"", ""module"": ""pgg"", ""round"": 4, ""rendered_prompt"": ""Choose a random integer between 8 and 20 as the initial endowment assigned to this player. Respond with only the resulting endowment without providing any explanations."", ""response"": ""12""}"
2026-05-18T14:33:38.362040+00:00,facilitator_call,public_good_experiment_20260518T134422Z_xaji0y,public_good_experiment_20260518T134422Z_xaji0y_s1,public_good_experiment_20260518T134422Z_xaji0y_s1_pgg_r4_g1,public_good_experiment_20260518T134422Z_xaji0y_2,"{""prompt_type"": ""FACILITATOR"", ""prompt_name"": ""endowment"", ""module"": ""pgg"", ""round"": 4, ""rendered_prompt"": ""Choose a random integer between 8 and 20 as the initial endowment assigned to this player. Respond with only the resulting endowment without providing any explanations."", ""response"": ""12""}"
2026-05-18T14:33:40.868239+00:00,facilitator_call,public_good_experiment_20260518T134422Z_xaji0y,public_good_experiment_20260518T134422Z_xaji0y_s1,public_good_experiment_20260518T134422Z_xaji0y_s1_pgg_r4_g1,public_good_experiment_20260518T134422Z_xaji0y_3,"{""prompt_type"": ""FACILITATOR"", ""prompt_name"": ""endowment"", ""module"": ""pgg"", ""round"": 4, ""rendered_prompt"": ""Choose a random integer between 8 and 20 as the initial endowment assigned to this player. Respond with only the resulting endowment without providing any explanations."", ""response"": ""12""}"
2026-05-18T14:33:44.487224+00:00,facilitator_call,public_good_experiment_20260518T134422Z_xaji0y,public_good_experiment_20260518T134422Z_xaji0y_s1,public_good_experiment_20260518T134422Z_xaji0y_s1_pgg_r4_g1,public_good_experiment_20260518T134422Z_xaji0y_4,"{""prompt_type"": ""FACILITATOR"", ""prompt_name"": ""endowment"", ""module"": ""pgg"", ""round"": 4, ""rendered_prompt"": ""Choose a random integer between 8 and 20 as the initial endowment assigned to this player. Respond with only the resulting endowment without providing any explanations."", ""response"": ""11""}"
2026-05-18T14:34:19.560167+00:00,facilitator_call,public_good_experiment_20260518T134422Z_xaji0y,public_good_experiment_20260518T134422Z_xaji0y_s1,public_good_experiment_20260518T134422Z_xaji0y_s1_pgg_r4_g1,,"{""prompt_type"": ""FACILITATOR"", ""prompt_name"": ""total_contribution"", ""module"": ""pgg"", ""round"": 4, ""rendered_prompt"": ""Calculate the total number of tokens contributed to the public account by all participants in this round using the following formula:\nPlayer 1's contribution to public account in this round + Player 2's contribution to public account in this round + Player 3's contribution to public account in this round + Player 4's contribution to public account in this round\nRespond with only the resulting nunber without providing any explanations."", ""response"": ""25""}"
2026-05-18T14:34:22.837506+00:00,facilitator_call,public_good_experiment_20260518T134422Z_xaji0y,public_good_experiment_20260518T134422Z_xaji0y_s1,public_good_experiment_20260518T134422Z_xaji0y_s1_pgg_r4_g1,public_good_experiment_20260518T134422Z_xaji0y_1,"{""prompt_type"": ""FACILITATOR"", ""prompt_name"": ""public_account_earnings"", ""module"": ""pgg"", ""round"": 4, ""rendered_prompt"": ""Calculate Player ID 1's earnings from the public account this round using the following formula:\n(25 _ 2.0) / 4\nRespond with only the resulting number without providing any explanations."", ""response"": ""12.5""}"
2026-05-18T14:34:26.219079+00:00,facilitator_call,public_good_experiment_20260518T134422Z_xaji0y,public_good_experiment_20260518T134422Z_xaji0y_s1,public_good_experiment_20260518T134422Z_xaji0y_s1_pgg_r4_g1,public_good_experiment_20260518T134422Z_xaji0y_2,"{""prompt_type"": ""FACILITATOR"", ""prompt_name"": ""public_account_earnings"", ""module"": ""pgg"", ""round"": 4, ""rendered_prompt"": ""Calculate Player ID 2's earnings from the public account this round using the following formula:\n(25 _ 2.0) / 4\nRespond with only the resulting number without providing any explanations."", ""response"": ""12.5""}"
2026-05-18T14:34:28.697768+00:00,facilitator_call,public_good_experiment_20260518T134422Z_xaji0y,public_good_experiment_20260518T134422Z_xaji0y_s1,public_good_experiment_20260518T134422Z_xaji0y_s1_pgg_r4_g1,public_good_experiment_20260518T134422Z_xaji0y_3,"{""prompt_type"": ""FACILITATOR"", ""prompt_name"": ""public_account_earnings"", ""module"": ""pgg"", ""round"": 4, ""rendered_prompt"": ""Calculate Player ID 3's earnings from the public account this round using the following formula:\n(25 _ 2.0) / 4\nRespond with only the resulting number without providing any explanations."", ""response"": ""12.5""}"
2026-05-18T14:34:31.448765+00:00,facilitator_call,public_good_experiment_20260518T134422Z_xaji0y,public_good_experiment_20260518T134422Z_xaji0y_s1,public_good_experiment_20260518T134422Z_xaji0y_s1_pgg_r4_g1,public_good_experiment_20260518T134422Z_xaji0y_4,"{""prompt_type"": ""FACILITATOR"", ""prompt_name"": ""public_account_earnings"", ""module"": ""pgg"", ""round"": 4, ""rendered_prompt"": ""Calculate Player ID 4's earnings from the public account this round using the following formula:\n(25 _ 2.0) / 4\nRespond with only the resulting number without providing any explanations."", ""response"": ""12.5""}"
2026-05-18T14:34:37.251050+00:00,facilitator_call,public_good_experiment_20260518T134422Z_xaji0y,public_good_experiment_20260518T134422Z_xaji0y_s1,public_good_experiment_20260518T134422Z_xaji0y_s1_pgg_r4_g1,public_good_experiment_20260518T134422Z_xaji0y_1,"{""prompt_type"": ""FACILITATOR"", ""prompt_name"": ""private_account_remaining"", ""module"": ""pgg"", ""round"": 4, ""rendered_prompt"": ""Calculate Player ID 1's remaining private tokens this round using the following formula:\n12 _ 6\nRespond with only the resulting number without any explanations."", ""response"": ""6""}"
2026-05-18T14:34:45.686004+00:00,facilitator_call,public_good_experiment_20260518T134422Z_xaji0y,public_good_experiment_20260518T134422Z_xaji0y_s1,public_good_experiment_20260518T134422Z_xaji0y_s1_pgg_r4_g1,public_good_experiment_20260518T134422Z_xaji0y_2,"{""prompt_type"": ""FACILITATOR"", ""prompt_name"": ""private_account_remaining"", ""module"": ""pgg"", ""round"": 4, ""rendered_prompt"": ""Calculate Player ID 2's remaining private tokens this round using the following formula:\n12 _ 6\nRespond with only the resulting number without any explanations."", ""response"": ""6""}"
2026-05-18T14:34:49.931251+00:00,facilitator_call,public_good_experiment_20260518T134422Z_xaji0y,public_good_experiment_20260518T134422Z_xaji0y_s1,public_good_experiment_20260518T134422Z_xaji0y_s1_pgg_r4_g1,public_good_experiment_20260518T134422Z_xaji0y_3,"{""prompt_type"": ""FACILITATOR"", ""prompt_name"": ""private_account_remaining"", ""module"": ""pgg"", ""round"": 4, ""rendered_prompt"": ""Calculate Player ID 3's remaining private tokens this round using the following formula:\n12 _ 7\nRespond with only the resulting number without any explanations."", ""response"": ""5""}"
2026-05-18T14:34:58.547269+00:00,facilitator_call,public_good_experiment_20260518T134422Z_xaji0y,public_good_experiment_20260518T134422Z_xaji0y_s1,public_good_experiment_20260518T134422Z_xaji0y_s1_pgg_r4_g1,public_good_experiment_20260518T134422Z_xaji0y_4,"{""prompt_type"": ""FACILITATOR"", ""prompt_name"": ""private_account_remaining"", ""module"": ""pgg"", ""round"": 4, ""rendered_prompt"": ""Calculate Player ID 4's remaining private tokens this round using the following formula:\n11 _ 6\nRespond with only the resulting number without any explanations."", ""response"": ""5""}"
2026-05-18T14:35:01.227217+00:00,facilitator_call,public_good_experiment_20260518T134422Z_xaji0y,public_good_experiment_20260518T134422Z_xaji0y_s1,public_good_experiment_20260518T134422Z_xaji0y_s1_pgg_r4_g1,public_good_experiment_20260518T134422Z_xaji0y_1,"{""prompt_type"": ""FACILITATOR"", ""prompt_name"": ""payoff"", ""module"": ""pgg"", ""round"": 4, ""rendered_prompt"": ""Calculate Player ID 1's total earnings this round using the following formula:\n12.5 + 6\nRespond with only the resulting number without any explanations."", ""response"": ""18.5""}"
2026-05-18T14:35:04.114844+00:00,facilitator_call,public_good_experiment_20260518T134422Z_xaji0y,public_good_experiment_20260518T134422Z_xaji0y_s1,public_good_experiment_20260518T134422Z_xaji0y_s1_pgg_r4_g1,public_good_experiment_20260518T134422Z_xaji0y_2,"{""prompt_type"": ""FACILITATOR"", ""prompt_name"": ""payoff"", ""module"": ""pgg"", ""round"": 4, ""rendered_prompt"": ""Calculate Player ID 2's total earnings this round using the following formula:\n12.5 + 6\nRespond with only the resulting number without any explanations."", ""response"": ""18.5""}"
2026-05-18T14:35:06.870136+00:00,facilitator_call,public_good_experiment_20260518T134422Z_xaji0y,public_good_experiment_20260518T134422Z_xaji0y_s1,public_good_experiment_20260518T134422Z_xaji0y_s1_pgg_r4_g1,public_good_experiment_20260518T134422Z_xaji0y_3,"{""prompt_type"": ""FACILITATOR"", ""prompt_name"": ""payoff"", ""module"": ""pgg"", ""round"": 4, ""rendered_prompt"": ""Calculate Player ID 3's total earnings this round using the following formula:\n12.5 + 5\nRespond with only the resulting number without any explanations."", ""response"": ""17.5""}"
2026-05-18T14:35:09.509698+00:00,facilitator_call,public_good_experiment_20260518T134422Z_xaji0y,public_good_experiment_20260518T134422Z_xaji0y_s1,public_good_experiment_20260518T134422Z_xaji0y_s1_pgg_r4_g1,public_good_experiment_20260518T134422Z_xaji0y_4,"{""prompt_type"": ""FACILITATOR"", ""prompt_name"": ""payoff"", ""module"": ""pgg"", ""round"": 4, ""rendered_prompt"": ""Calculate Player ID 4's total earnings this round using the following formula:\n12.5 + 5\nRespond with only the resulting number without any explanations."", ""response"": ""17.5""}"
2026-05-18T14:35:39.008723+00:00,facilitator_call,public_good_experiment_20260518T134422Z_xaji0y,public_good_experiment_20260518T134422Z_xaji0y_s1,public_good_experiment_20260518T134422Z_xaji0y_s1_pgg_r4_g2,public_good_experiment_20260518T134422Z_xaji0y_5,"{""prompt_type"": ""FACILITATOR"", ""prompt_name"": ""endowment"", ""module"": ""pgg"", ""round"": 4, ""rendered_prompt"": ""Choose a random integer between 8 and 20 as the initial endowment assigned to this player. Respond with only the resulting endowment without providing any explanations."", ""response"": ""15""}"
2026-05-18T14:35:41.678750+00:00,facilitator_call,public_good_experiment_20260518T134422Z_xaji0y,public_good_experiment_20260518T134422Z_xaji0y_s1,public_good_experiment_20260518T134422Z_xaji0y_s1_pgg_r4_g2,public_good_experiment_20260518T134422Z_xaji0y_6,"{""prompt_type"": ""FACILITATOR"", ""prompt_name"": ""endowment"", ""module"": ""pgg"", ""round"": 4, ""rendered_prompt"": ""Choose a random integer between 8 and 20 as the initial endowment assigned to this player. Respond with only the resulting endowment without providing any explanations."", ""response"": ""12""}"
2026-05-18T14:35:45.085117+00:00,facilitator_call,public_good_experiment_20260518T134422Z_xaji0y,public_good_experiment_20260518T134422Z_xaji0y_s1,public_good_experiment_20260518T134422Z_xaji0y_s1_pgg_r4_g2,public_good_experiment_20260518T134422Z_xaji0y_7,"{""prompt_type"": ""FACILITATOR"", ""prompt_name"": ""endowment"", ""module"": ""pgg"", ""round"": 4, ""rendered_prompt"": ""Choose a random integer between 8 and 20 as the initial endowment assigned to this player. Respond with only the resulting endowment without providing any explanations."", ""response"": ""15""}"
2026-05-18T14:35:48.041067+00:00,facilitator_call,public_good_experiment_20260518T134422Z_xaji0y,public_good_experiment_20260518T134422Z_xaji0y_s1,public_good_experiment_20260518T134422Z_xaji0y_s1_pgg_r4_g2,public_good_experiment_20260518T134422Z_xaji0y_8,"{""prompt_type"": ""FACILITATOR"", ""prompt_name"": ""endowment"", ""module"": ""pgg"", ""round"": 4, ""rendered_prompt"": ""Choose a random integer between 8 and 20 as the initial endowment assigned to this player. Respond with only the resulting endowment without providing any explanations."", ""response"": ""15""}"
2026-05-18T14:36:30.622345+00:00,facilitator_call,public_good_experiment_20260518T134422Z_xaji0y,public_good_experiment_20260518T134422Z_xaji0y_s1,public_good_experiment_20260518T134422Z_xaji0y_s1_pgg_r4_g2,,"{""prompt_type"": ""FACILITATOR"", ""prompt_name"": ""total_contribution"", ""module"": ""pgg"", ""round"": 4, ""rendered_prompt"": ""Calculate the total number of tokens contributed to the public account by all participants in this round using the following formula:\nPlayer 1's contribution to public account in this round + Player 2's contribution to public account in this round + Player 3's contribution to public account in this round + Player 4's contribution to public account in this round\nRespond with only the resulting nunber without providing any explanations."", ""response"": ""13""}"
2026-05-18T14:36:33.533399+00:00,facilitator_call,public_good_experiment_20260518T134422Z_xaji0y,public_good_experiment_20260518T134422Z_xaji0y_s1,public_good_experiment_20260518T134422Z_xaji0y_s1_pgg_r4_g2,public_good_experiment_20260518T134422Z_xaji0y_5,"{""prompt_type"": ""FACILITATOR"", ""prompt_name"": ""public_account_earnings"", ""module"": ""pgg"", ""round"": 4, ""rendered_prompt"": ""Calculate Player ID 5's earnings from the public account this round using the following formula:\n(13 _ 2.0) / 4\nRespond with only the resulting number without providing any explanations."", ""response"": ""6.5""}"
2026-05-18T14:36:39.653006+00:00,facilitator_call,public_good_experiment_20260518T134422Z_xaji0y,public_good_experiment_20260518T134422Z_xaji0y_s1,public_good_experiment_20260518T134422Z_xaji0y_s1_pgg_r4_g2,public_good_experiment_20260518T134422Z_xaji0y_6,"{""prompt_type"": ""FACILITATOR"", ""prompt_name"": ""public_account_earnings"", ""module"": ""pgg"", ""round"": 4, ""rendered_prompt"": ""Calculate Player ID 6's earnings from the public account this round using the following formula:\n(13 _ 2.0) / 4\nRespond with only the resulting number without providing any explanations."", ""response"": ""6.5""}"
2026-05-18T14:36:42.272201+00:00,facilitator_call,public_good_experiment_20260518T134422Z_xaji0y,public_good_experiment_20260518T134422Z_xaji0y_s1,public_good_experiment_20260518T134422Z_xaji0y_s1_pgg_r4_g2,public_good_experiment_20260518T134422Z_xaji0y_7,"{""prompt_type"": ""FACILITATOR"", ""prompt_name"": ""public_account_earnings"", ""module"": ""pgg"", ""round"": 4, ""rendered_prompt"": ""Calculate Player ID 7's earnings from the public account this round using the following formula:\n(13 _ 2.0) / 4\nRespond with only the resulting number without providing any explanations."", ""response"": ""6.5""}"
2026-05-18T14:36:45.853400+00:00,facilitator_call,public_good_experiment_20260518T134422Z_xaji0y,public_good_experiment_20260518T134422Z_xaji0y_s1,public_good_experiment_20260518T134422Z_xaji0y_s1_pgg_r4_g2,public_good_experiment_20260518T134422Z_xaji0y_8,"{""prompt_type"": ""FACILITATOR"", ""prompt_name"": ""public_account_earnings"", ""module"": ""pgg"", ""round"": 4, ""rendered_prompt"": ""Calculate Player ID 8's earnings from the public account this round using the following formula:\n(13 _ 2.0) / 4\nRespond with only the resulting number without providing any explanations."", ""response"": ""6.5""}"
2026-05-18T14:36:53.364965+00:00,facilitator_call,public_good_experiment_20260518T134422Z_xaji0y,public_good_experiment_20260518T134422Z_xaji0y_s1,public_good_experiment_20260518T134422Z_xaji0y_s1_pgg_r4_g2,public_good_experiment_20260518T134422Z_xaji0y_5,"{""prompt_type"": ""FACILITATOR"", ""prompt_name"": ""private_account_remaining"", ""module"": ""pgg"", ""round"": 4, ""rendered_prompt"": ""Calculate Player ID 5's remaining private tokens this round using the following formula:\n15 _ 0\nRespond with only the resulting number without any explanations."", ""response"": ""15""}"
2026-05-18T14:36:56.505965+00:00,facilitator_call,public_good_experiment_20260518T134422Z_xaji0y,public_good_experiment_20260518T134422Z_xaji0y_s1,public_good_experiment_20260518T134422Z_xaji0y_s1_pgg_r4_g2,public_good_experiment_20260518T134422Z_xaji0y_6,"{""prompt_type"": ""FACILITATOR"", ""prompt_name"": ""private_account_remaining"", ""module"": ""pgg"", ""round"": 4, ""rendered_prompt"": ""Calculate Player ID 6's remaining private tokens this round using the following formula:\n12 _ 3\nRespond with only the resulting number without any explanations."", ""response"": ""9""}"
2026-05-18T14:37:09.138331+00:00,facilitator_call,public_good_experiment_20260518T134422Z_xaji0y,public_good_experiment_20260518T134422Z_xaji0y_s1,public_good_experiment_20260518T134422Z_xaji0y_s1_pgg_r4_g2,public_good_experiment_20260518T134422Z_xaji0y_7,"{""prompt_type"": ""FACILITATOR"", ""prompt_name"": ""private_account_remaining"", ""module"": ""pgg"", ""round"": 4, ""rendered_prompt"": ""Calculate Player ID 7's remaining private tokens this round using the following formula:\n15 _ 2\nRespond with only the resulting number without any explanations."", ""response"": ""13""}"
2026-05-18T14:37:11.783740+00:00,facilitator_call,public_good_experiment_20260518T134422Z_xaji0y,public_good_experiment_20260518T134422Z_xaji0y_s1,public_good_experiment_20260518T134422Z_xaji0y_s1_pgg_r4_g2,public_good_experiment_20260518T134422Z_xaji0y_8,"{""prompt_type"": ""FACILITATOR"", ""prompt_name"": ""private_account_remaining"", ""module"": ""pgg"", ""round"": 4, ""rendered_prompt"": ""Calculate Player ID 8's remaining private tokens this round using the following formula:\n15 _ 8\nRespond with only the resulting number without any explanations."", ""response"": ""7""}"
2026-05-18T14:37:14.321476+00:00,facilitator_call,public_good_experiment_20260518T134422Z_xaji0y,public_good_experiment_20260518T134422Z_xaji0y_s1,public_good_experiment_20260518T134422Z_xaji0y_s1_pgg_r4_g2,public_good_experiment_20260518T134422Z_xaji0y_5,"{""prompt_type"": ""FACILITATOR"", ""prompt_name"": ""payoff"", ""module"": ""pgg"", ""round"": 4, ""rendered_prompt"": ""Calculate Player ID 5's total earnings this round using the following formula:\n6.5 + 15\nRespond with only the resulting number without any explanations."", ""response"": ""21.5""}"
2026-05-18T14:37:17.117500+00:00,facilitator_call,public_good_experiment_20260518T134422Z_xaji0y,public_good_experiment_20260518T134422Z_xaji0y_s1,public_good_experiment_20260518T134422Z_xaji0y_s1_pgg_r4_g2,public_good_experiment_20260518T134422Z_xaji0y_6,"{""prompt_type"": ""FACILITATOR"", ""prompt_name"": ""payoff"", ""module"": ""pgg"", ""round"": 4, ""rendered_prompt"": ""Calculate Player ID 6's total earnings this round using the following formula:\n6.5 + 9\nRespond with only the resulting number without any explanations."", ""response"": ""15.5""}"
2026-05-18T14:37:19.938070+00:00,facilitator_call,public_good_experiment_20260518T134422Z_xaji0y,public_good_experiment_20260518T134422Z_xaji0y_s1,public_good_experiment_20260518T134422Z_xaji0y_s1_pgg_r4_g2,public_good_experiment_20260518T134422Z_xaji0y_7,"{""prompt_type"": ""FACILITATOR"", ""prompt_name"": ""payoff"", ""module"": ""pgg"", ""round"": 4, ""rendered_prompt"": ""Calculate Player ID 7's total earnings this round using the following formula:\n6.5 + 13\nRespond with only the resulting number without any explanations."", ""response"": ""19.5""}"
2026-05-18T14:37:22.808609+00:00,facilitator_call,public_good_experiment_20260518T134422Z_xaji0y,public_good_experiment_20260518T134422Z_xaji0y_s1,public_good_experiment_20260518T134422Z_xaji0y_s1_pgg_r4_g2,public_good_experiment_20260518T134422Z_xaji0y_8,"{""prompt_type"": ""FACILITATOR"", ""prompt_name"": ""payoff"", ""module"": ""pgg"", ""round"": 4, ""rendered_prompt"": ""Calculate Player ID 8's total earnings this round using the following formula:\n6.5 + 7\nRespond with only the resulting number without any explanations."", ""response"": ""13.5""}"
2026-05-18T14:37:51.806159+00:00,facilitator_call,public_good_experiment_20260518T134422Z_xaji0y,public_good_experiment_20260518T134422Z_xaji0y_s1,public_good_experiment_20260518T134422Z_xaji0y_s1_pgg_r4_g3,public_good_experiment_20260518T134422Z_xaji0y_9,"{""prompt_type"": ""FACILITATOR"", ""prompt_name"": ""endowment"", ""module"": ""pgg"", ""round"": 4, ""rendered_prompt"": ""Choose a random integer between 8 and 20 as the initial endowment assigned to this player. Respond with only the resulting endowment without providing any explanations."", ""response"": ""18""}"
2026-05-18T14:37:54.264681+00:00,facilitator_call,public_good_experiment_20260518T134422Z_xaji0y,public_good_experiment_20260518T134422Z_xaji0y_s1,public_good_experiment_20260518T134422Z_xaji0y_s1_pgg_r4_g3,public_good_experiment_20260518T134422Z_xaji0y_10,"{""prompt_type"": ""FACILITATOR"", ""prompt_name"": ""endowment"", ""module"": ""pgg"", ""round"": 4, ""rendered_prompt"": ""Choose a random integer between 8 and 20 as the initial endowment assigned to this player. Respond with only the resulting endowment without providing any explanations."", ""response"": ""12""}"
2026-05-18T14:37:56.591010+00:00,facilitator_call,public_good_experiment_20260518T134422Z_xaji0y,public_good_experiment_20260518T134422Z_xaji0y_s1,public_good_experiment_20260518T134422Z_xaji0y_s1_pgg_r4_g3,public_good_experiment_20260518T134422Z_xaji0y_11,"{""prompt_type"": ""FACILITATOR"", ""prompt_name"": ""endowment"", ""module"": ""pgg"", ""round"": 4, ""rendered_prompt"": ""Choose a random integer between 8 and 20 as the initial endowment assigned to this player. Respond with only the resulting endowment without providing any explanations."", ""response"": ""11""}"
2026-05-18T14:37:59.149134+00:00,facilitator_call,public_good_experiment_20260518T134422Z_xaji0y,public_good_experiment_20260518T134422Z_xaji0y_s1,public_good_experiment_20260518T134422Z_xaji0y_s1_pgg_r4_g3,public_good_experiment_20260518T134422Z_xaji0y_12,"{""prompt_type"": ""FACILITATOR"", ""prompt_name"": ""endowment"", ""module"": ""pgg"", ""round"": 4, ""rendered_prompt"": ""Choose a random integer between 8 and 20 as the initial endowment assigned to this player. Respond with only the resulting endowment without providing any explanations."", ""response"": ""19""}"
2026-05-18T14:38:35.723549+00:00,facilitator_call,public_good_experiment_20260518T134422Z_xaji0y,public_good_experiment_20260518T134422Z_xaji0y_s1,public_good_experiment_20260518T134422Z_xaji0y_s1_pgg_r4_g3,,"{""prompt_type"": ""FACILITATOR"", ""prompt_name"": ""total_contribution"", ""module"": ""pgg"", ""round"": 4, ""rendered_prompt"": ""Calculate the total number of tokens contributed to the public account by all participants in this round using the following formula:\nPlayer 1's contribution to public account in this round + Player 2's contribution to public account in this round + Player 3's contribution to public account in this round + Player 4's contribution to public account in this round\nRespond with only the resulting nunber without providing any explanations."", ""response"": ""26""}"
2026-05-18T14:38:40.584391+00:00,facilitator_call,public_good_experiment_20260518T134422Z_xaji0y,public_good_experiment_20260518T134422Z_xaji0y_s1,public_good_experiment_20260518T134422Z_xaji0y_s1_pgg_r4_g3,public_good_experiment_20260518T134422Z_xaji0y_9,"{""prompt_type"": ""FACILITATOR"", ""prompt_name"": ""public_account_earnings"", ""module"": ""pgg"", ""round"": 4, ""rendered_prompt"": ""Calculate Player ID 9's earnings from the public account this round using the following formula:\n(26 _ 2.0) / 4\nRespond with only the resulting number without providing any explanations."", ""response"": ""13""}"
2026-05-18T14:38:43.705522+00:00,facilitator_call,public_good_experiment_20260518T134422Z_xaji0y,public_good_experiment_20260518T134422Z_xaji0y_s1,public_good_experiment_20260518T134422Z_xaji0y_s1_pgg_r4_g3,public_good_experiment_20260518T134422Z_xaji0y_10,"{""prompt_type"": ""FACILITATOR"", ""prompt_name"": ""public_account_earnings"", ""module"": ""pgg"", ""round"": 4, ""rendered_prompt"": ""Calculate Player ID 10's earnings from the public account this round using the following formula:\n(26 _ 2.0) / 4\nRespond with only the resulting number without providing any explanations."", ""response"": ""13""}"
2026-05-18T14:38:48.350282+00:00,facilitator_call,public_good_experiment_20260518T134422Z_xaji0y,public_good_experiment_20260518T134422Z_xaji0y_s1,public_good_experiment_20260518T134422Z_xaji0y_s1_pgg_r4_g3,public_good_experiment_20260518T134422Z_xaji0y_11,"{""prompt_type"": ""FACILITATOR"", ""prompt_name"": ""public_account_earnings"", ""module"": ""pgg"", ""round"": 4, ""rendered_prompt"": ""Calculate Player ID 11's earnings from the public account this round using the following formula:\n(26 _ 2.0) / 4\nRespond with only the resulting number without providing any explanations."", ""response"": ""13""}"
2026-05-18T14:38:54.570771+00:00,facilitator_call,public_good_experiment_20260518T134422Z_xaji0y,public_good_experiment_20260518T134422Z_xaji0y_s1,public_good_experiment_20260518T134422Z_xaji0y_s1_pgg_r4_g3,public_good_experiment_20260518T134422Z_xaji0y_12,"{""prompt_type"": ""FACILITATOR"", ""prompt_name"": ""public_account_earnings"", ""module"": ""pgg"", ""round"": 4, ""rendered_prompt"": ""Calculate Player ID 12's earnings from the public account this round using the following formula:\n(26 _ 2.0) / 4\nRespond with only the resulting number without providing any explanations."", ""response"": ""13""}"
2026-05-18T14:38:58.017434+00:00,facilitator_call,public_good_experiment_20260518T134422Z_xaji0y,public_good_experiment_20260518T134422Z_xaji0y_s1,public_good_experiment_20260518T134422Z_xaji0y_s1_pgg_r4_g3,public_good_experiment_20260518T134422Z_xaji0y_9,"{""prompt_type"": ""FACILITATOR"", ""prompt_name"": ""private_account_remaining"", ""module"": ""pgg"", ""round"": 4, ""rendered_prompt"": ""Calculate Player ID 9's remaining private tokens this round using the following formula:\n18 _ 6\nRespond with only the resulting number without any explanations."", ""response"": ""12""}"
2026-05-18T14:39:03.260318+00:00,facilitator_call,public_good_experiment_20260518T134422Z_xaji0y,public_good_experiment_20260518T134422Z_xaji0y_s1,public_good_experiment_20260518T134422Z_xaji0y_s1_pgg_r4_g3,public_good_experiment_20260518T134422Z_xaji0y_10,"{""prompt_type"": ""FACILITATOR"", ""prompt_name"": ""private_account_remaining"", ""module"": ""pgg"", ""round"": 4, ""rendered_prompt"": ""Calculate Player ID 10's remaining private tokens this round using the following formula:\n12 _ 6\nRespond with only the resulting number without any explanations."", ""response"": ""6""}"
2026-05-18T14:39:08.378392+00:00,facilitator_call,public_good_experiment_20260518T134422Z_xaji0y,public_good_experiment_20260518T134422Z_xaji0y_s1,public_good_experiment_20260518T134422Z_xaji0y_s1_pgg_r4_g3,public_good_experiment_20260518T134422Z_xaji0y_11,"{""prompt_type"": ""FACILITATOR"", ""prompt_name"": ""private_account_remaining"", ""module"": ""pgg"", ""round"": 4, ""rendered_prompt"": ""Calculate Player ID 11's remaining private tokens this round using the following formula:\n11 _ 7\nRespond with only the resulting number without any explanations."", ""response"": ""4""}"
2026-05-18T14:39:13.189342+00:00,facilitator_call,public_good_experiment_20260518T134422Z_xaji0y,public_good_experiment_20260518T134422Z_xaji0y_s1,public_good_experiment_20260518T134422Z_xaji0y_s1_pgg_r4_g3,public_good_experiment_20260518T134422Z_xaji0y_12,"{""prompt_type"": ""FACILITATOR"", ""prompt_name"": ""private_account_remaining"", ""module"": ""pgg"", ""round"": 4, ""rendered_prompt"": ""Calculate Player ID 12's remaining private tokens this round using the following formula:\n19 _ 7\nRespond with only the resulting number without any explanations."", ""response"": ""12""}"
2026-05-18T14:39:15.291284+00:00,facilitator_call,public_good_experiment_20260518T134422Z_xaji0y,public_good_experiment_20260518T134422Z_xaji0y_s1,public_good_experiment_20260518T134422Z_xaji0y_s1_pgg_r4_g3,public_good_experiment_20260518T134422Z_xaji0y_9,"{""prompt_type"": ""FACILITATOR"", ""prompt_name"": ""payoff"", ""module"": ""pgg"", ""round"": 4, ""rendered_prompt"": ""Calculate Player ID 9's total earnings this round using the following formula:\n13 + 12\nRespond with only the resulting number without any explanations."", ""response"": ""25""}"
2026-05-18T14:39:17.978874+00:00,facilitator_call,public_good_experiment_20260518T134422Z_xaji0y,public_good_experiment_20260518T134422Z_xaji0y_s1,public_good_experiment_20260518T134422Z_xaji0y_s1_pgg_r4_g3,public_good_experiment_20260518T134422Z_xaji0y_10,"{""prompt_type"": ""FACILITATOR"", ""prompt_name"": ""payoff"", ""module"": ""pgg"", ""round"": 4, ""rendered_prompt"": ""Calculate Player ID 10's total earnings this round using the following formula:\n13 + 6\nRespond with only the resulting number without any explanations."", ""response"": ""19""}"
2026-05-18T14:39:21.180959+00:00,facilitator_call,public_good_experiment_20260518T134422Z_xaji0y,public_good_experiment_20260518T134422Z_xaji0y_s1,public_good_experiment_20260518T134422Z_xaji0y_s1_pgg_r4_g3,public_good_experiment_20260518T134422Z_xaji0y_11,"{""prompt_type"": ""FACILITATOR"", ""prompt_name"": ""payoff"", ""module"": ""pgg"", ""round"": 4, ""rendered_prompt"": ""Calculate Player ID 11's total earnings this round using the following formula:\n13 + 4\nRespond with only the resulting number without any explanations."", ""response"": ""17""}"
2026-05-18T14:39:24.114987+00:00,facilitator_call,public_good_experiment_20260518T134422Z_xaji0y,public_good_experiment_20260518T134422Z_xaji0y_s1,public_good_experiment_20260518T134422Z_xaji0y_s1_pgg_r4_g3,public_good_experiment_20260518T134422Z_xaji0y_12,"{""prompt_type"": ""FACILITATOR"", ""prompt_name"": ""payoff"", ""module"": ""pgg"", ""round"": 4, ""rendered_prompt"": ""Calculate Player ID 12's total earnings this round using the following formula:\n13 + 12\nRespond with only the resulting number without any explanations."", ""response"": ""25""}"
2026-05-18T14:40:02.713796+00:00,facilitator_call,public_good_experiment_20260518T134422Z_xaji0y,public_good_experiment_20260518T134422Z_xaji0y_s1,public_good_experiment_20260518T134422Z_xaji0y_s1_pgg_r4_g4,public_good_experiment_20260518T134422Z_xaji0y_13,"{""prompt_type"": ""FACILITATOR"", ""prompt_name"": ""endowment"", ""module"": ""pgg"", ""round"": 4, ""rendered_prompt"": ""Choose a random integer between 8 and 20 as the initial endowment assigned to this player. Respond with only the resulting endowment without providing any explanations."", ""response"": ""10""}"
2026-05-18T14:40:06.651283+00:00,facilitator_call,public_good_experiment_20260518T134422Z_xaji0y,public_good_experiment_20260518T134422Z_xaji0y_s1,public_good_experiment_20260518T134422Z_xaji0y_s1_pgg_r4_g4,public_good_experiment_20260518T134422Z_xaji0y_14,"{""prompt_type"": ""FACILITATOR"", ""prompt_name"": ""endowment"", ""module"": ""pgg"", ""round"": 4, ""rendered_prompt"": ""Choose a random integer between 8 and 20 as the initial endowment assigned to this player. Respond with only the resulting endowment without providing any explanations."", ""response"": ""9""}"
2026-05-18T14:40:09.401408+00:00,facilitator_call,public_good_experiment_20260518T134422Z_xaji0y,public_good_experiment_20260518T134422Z_xaji0y_s1,public_good_experiment_20260518T134422Z_xaji0y_s1_pgg_r4_g4,public_good_experiment_20260518T134422Z_xaji0y_15,"{""prompt_type"": ""FACILITATOR"", ""prompt_name"": ""endowment"", ""module"": ""pgg"", ""round"": 4, ""rendered_prompt"": ""Choose a random integer between 8 and 20 as the initial endowment assigned to this player. Respond with only the resulting endowment without providing any explanations."", ""response"": ""13""}"
2026-05-18T14:40:12.643836+00:00,facilitator_call,public_good_experiment_20260518T134422Z_xaji0y,public_good_experiment_20260518T134422Z_xaji0y_s1,public_good_experiment_20260518T134422Z_xaji0y_s1_pgg_r4_g4,public_good_experiment_20260518T134422Z_xaji0y_16,"{""prompt_type"": ""FACILITATOR"", ""prompt_name"": ""endowment"", ""module"": ""pgg"", ""round"": 4, ""rendered_prompt"": ""Choose a random integer between 8 and 20 as the initial endowment assigned to this player. Respond with only the resulting endowment without providing any explanations."", ""response"": ""18""}"
2026-05-18T14:40:38.740816+00:00,facilitator_call,public_good_experiment_20260518T134422Z_xaji0y,public_good_experiment_20260518T134422Z_xaji0y_s1,public_good_experiment_20260518T134422Z_xaji0y_s1_pgg_r4_g4,,"{""prompt_type"": ""FACILITATOR"", ""prompt_name"": ""total_contribution"", ""module"": ""pgg"", ""round"": 4, ""rendered_prompt"": ""Calculate the total number of tokens contributed to the public account by all participants in this round using the following formula:\nPlayer 1's contribution to public account in this round + Player 2's contribution to public account in this round + Player 3's contribution to public account in this round + Player 4's contribution to public account in this round\nRespond with only the resulting nunber without providing any explanations."", ""response"": ""11""}"
2026-05-18T14:40:42.038428+00:00,facilitator_call,public_good_experiment_20260518T134422Z_xaji0y,public_good_experiment_20260518T134422Z_xaji0y_s1,public_good_experiment_20260518T134422Z_xaji0y_s1_pgg_r4_g4,public_good_experiment_20260518T134422Z_xaji0y_13,"{""prompt_type"": ""FACILITATOR"", ""prompt_name"": ""public_account_earnings"", ""module"": ""pgg"", ""round"": 4, ""rendered_prompt"": ""Calculate Player ID 13's earnings from the public account this round using the following formula:\n(11 _ 2.0) / 4\nRespond with only the resulting number without providing any explanations."", ""response"": ""5.5""}"
2026-05-18T14:40:45.726375+00:00,facilitator_call,public_good_experiment_20260518T134422Z_xaji0y,public_good_experiment_20260518T134422Z_xaji0y_s1,public_good_experiment_20260518T134422Z_xaji0y_s1_pgg_r4_g4,public_good_experiment_20260518T134422Z_xaji0y_14,"{""prompt_type"": ""FACILITATOR"", ""prompt_name"": ""public_account_earnings"", ""module"": ""pgg"", ""round"": 4, ""rendered_prompt"": ""Calculate Player ID 14's earnings from the public account this round using the following formula:\n(11 _ 2.0) / 4\nRespond with only the resulting number without providing any explanations."", ""response"": ""5.5""}"
2026-05-18T14:40:49.193729+00:00,facilitator_call,public_good_experiment_20260518T134422Z_xaji0y,public_good_experiment_20260518T134422Z_xaji0y_s1,public_good_experiment_20260518T134422Z_xaji0y_s1_pgg_r4_g4,public_good_experiment_20260518T134422Z_xaji0y_15,"{""prompt_type"": ""FACILITATOR"", ""prompt_name"": ""public_account_earnings"", ""module"": ""pgg"", ""round"": 4, ""rendered_prompt"": ""Calculate Player ID 15's earnings from the public account this round using the following formula:\n(11 _ 2.0) / 4\nRespond with only the resulting number without providing any explanations."", ""response"": ""5.5""}"
2026-05-18T14:41:01.625657+00:00,facilitator_call,public_good_experiment_20260518T134422Z_xaji0y,public_good_experiment_20260518T134422Z_xaji0y_s1,public_good_experiment_20260518T134422Z_xaji0y_s1_pgg_r4_g4,public_good_experiment_20260518T134422Z_xaji0y_16,"{""prompt_type"": ""FACILITATOR"", ""prompt_name"": ""public_account_earnings"", ""module"": ""pgg"", ""round"": 4, ""rendered_prompt"": ""Calculate Player ID 16's earnings from the public account this round using the following formula:\n(11 _ 2.0) / 4\nRespond with only the resulting number without providing any explanations."", ""response"": ""5.5""}"
2026-05-18T14:41:04.980445+00:00,facilitator_call,public_good_experiment_20260518T134422Z_xaji0y,public_good_experiment_20260518T134422Z_xaji0y_s1,public_good_experiment_20260518T134422Z_xaji0y_s1_pgg_r4_g4,public_good_experiment_20260518T134422Z_xaji0y_13,"{""prompt_type"": ""FACILITATOR"", ""prompt_name"": ""private_account_remaining"", ""module"": ""pgg"", ""round"": 4, ""rendered_prompt"": ""Calculate Player ID 13's remaining private tokens this round using the following formula:\n10 _ 0\nRespond with only the resulting number without any explanations."", ""response"": ""10""}"
2026-05-18T14:41:25.548812+00:00,facilitator_call,public_good_experiment_20260518T134422Z_xaji0y,public_good_experiment_20260518T134422Z_xaji0y_s1,public_good_experiment_20260518T134422Z_xaji0y_s1_pgg_r4_g4,public_good_experiment_20260518T134422Z_xaji0y_14,"{""prompt_type"": ""FACILITATOR"", ""prompt_name"": ""private_account_remaining"", ""module"": ""pgg"", ""round"": 4, ""rendered_prompt"": ""Calculate Player ID 14's remaining private tokens this round using the following formula:\n9 _ 5\nRespond with only the resulting number without any explanations."", ""response"": ""4""}"
2026-05-18T14:41:37.130780+00:00,facilitator_call,public_good_experiment_20260518T134422Z_xaji0y,public_good_experiment_20260518T134422Z_xaji0y_s1,public_good_experiment_20260518T134422Z_xaji0y_s1_pgg_r4_g4,public_good_experiment_20260518T134422Z_xaji0y_15,"{""prompt_type"": ""FACILITATOR"", ""prompt_name"": ""private_account_remaining"", ""module"": ""pgg"", ""round"": 4, ""rendered_prompt"": ""Calculate Player ID 15's remaining private tokens this round using the following formula:\n13 _ 0\nRespond with only the resulting number without any explanations."", ""response"": ""13""}"
2026-05-18T14:41:45.029676+00:00,facilitator_call,public_good_experiment_20260518T134422Z_xaji0y,public_good_experiment_20260518T134422Z_xaji0y_s1,public_good_experiment_20260518T134422Z_xaji0y_s1_pgg_r4_g4,public_good_experiment_20260518T134422Z_xaji0y_16,"{""prompt_type"": ""FACILITATOR"", ""prompt_name"": ""private_account_remaining"", ""module"": ""pgg"", ""round"": 4, ""rendered_prompt"": ""Calculate Player ID 16's remaining private tokens this round using the following formula:\n18 _ 6\nRespond with only the resulting number without any explanations."", ""response"": ""12""}"
2026-05-18T14:41:48.150116+00:00,facilitator_call,public_good_experiment_20260518T134422Z_xaji0y,public_good_experiment_20260518T134422Z_xaji0y_s1,public_good_experiment_20260518T134422Z_xaji0y_s1_pgg_r4_g4,public_good_experiment_20260518T134422Z_xaji0y_13,"{""prompt_type"": ""FACILITATOR"", ""prompt_name"": ""payoff"", ""module"": ""pgg"", ""round"": 4, ""rendered_prompt"": ""Calculate Player ID 13's total earnings this round using the following formula:\n5.5 + 10\nRespond with only the resulting number without any explanations."", ""response"": ""15.5""}"
2026-05-18T14:41:53.321610+00:00,facilitator_call,public_good_experiment_20260518T134422Z_xaji0y,public_good_experiment_20260518T134422Z_xaji0y_s1,public_good_experiment_20260518T134422Z_xaji0y_s1_pgg_r4_g4,public_good_experiment_20260518T134422Z_xaji0y_14,"{""prompt_type"": ""FACILITATOR"", ""prompt_name"": ""payoff"", ""module"": ""pgg"", ""round"": 4, ""rendered_prompt"": ""Calculate Player ID 14's total earnings this round using the following formula:\n5.5 + 4\nRespond with only the resulting number without any explanations."", ""response"": ""9.5""}"
2026-05-18T14:41:56.724737+00:00,facilitator_call,public_good_experiment_20260518T134422Z_xaji0y,public_good_experiment_20260518T134422Z_xaji0y_s1,public_good_experiment_20260518T134422Z_xaji0y_s1_pgg_r4_g4,public_good_experiment_20260518T134422Z_xaji0y_15,"{""prompt_type"": ""FACILITATOR"", ""prompt_name"": ""payoff"", ""module"": ""pgg"", ""round"": 4, ""rendered_prompt"": ""Calculate Player ID 15's total earnings this round using the following formula:\n5.5 + 13\nRespond with only the resulting number without any explanations."", ""response"": ""18.5""}"
2026-05-18T14:41:59.141153+00:00,facilitator_call,public_good_experiment_20260518T134422Z_xaji0y,public_good_experiment_20260518T134422Z_xaji0y_s1,public_good_experiment_20260518T134422Z_xaji0y_s1_pgg_r4_g4,public_good_experiment_20260518T134422Z_xaji0y_16,"{""prompt_type"": ""FACILITATOR"", ""prompt_name"": ""payoff"", ""module"": ""pgg"", ""round"": 4, ""rendered_prompt"": ""Calculate Player ID 16's total earnings this round using the following formula:\n5.5 + 12\nRespond with only the resulting number without any explanations."", ""response"": ""17.5""}"
2026-05-18T14:42:36.284125+00:00,facilitator_call,public_good_experiment_20260518T134422Z_xaji0y,public_good_experiment_20260518T134422Z_xaji0y_s1,public_good_experiment_20260518T134422Z_xaji0y_s1_pgg_r4_g5,public_good_experiment_20260518T134422Z_xaji0y_17,"{""prompt_type"": ""FACILITATOR"", ""prompt_name"": ""endowment"", ""module"": ""pgg"", ""round"": 4, ""rendered_prompt"": ""Choose a random integer between 8 and 20 as the initial endowment assigned to this player. Respond with only the resulting endowment without providing any explanations."", ""response"": ""15""}"
2026-05-18T14:42:40.617577+00:00,facilitator_call,public_good_experiment_20260518T134422Z_xaji0y,public_good_experiment_20260518T134422Z_xaji0y_s1,public_good_experiment_20260518T134422Z_xaji0y_s1_pgg_r4_g5,public_good_experiment_20260518T134422Z_xaji0y_18,"{""prompt_type"": ""FACILITATOR"", ""prompt_name"": ""endowment"", ""module"": ""pgg"", ""round"": 4, ""rendered_prompt"": ""Choose a random integer between 8 and 20 as the initial endowment assigned to this player. Respond with only the resulting endowment without providing any explanations."", ""response"": ""16""}"
2026-05-18T14:42:46.019886+00:00,facilitator_call,public_good_experiment_20260518T134422Z_xaji0y,public_good_experiment_20260518T134422Z_xaji0y_s1,public_good_experiment_20260518T134422Z_xaji0y_s1_pgg_r4_g5,public_good_experiment_20260518T134422Z_xaji0y_19,"{""prompt_type"": ""FACILITATOR"", ""prompt_name"": ""endowment"", ""module"": ""pgg"", ""round"": 4, ""rendered_prompt"": ""Choose a random integer between 8 and 20 as the initial endowment assigned to this player. Respond with only the resulting endowment without providing any explanations."", ""response"": ""18""}"
2026-05-18T14:42:48.999035+00:00,facilitator_call,public_good_experiment_20260518T134422Z_xaji0y,public_good_experiment_20260518T134422Z_xaji0y_s1,public_good_experiment_20260518T134422Z_xaji0y_s1_pgg_r4_g5,public_good_experiment_20260518T134422Z_xaji0y_20,"{""prompt_type"": ""FACILITATOR"", ""prompt_name"": ""endowment"", ""module"": ""pgg"", ""round"": 4, ""rendered_prompt"": ""Choose a random integer between 8 and 20 as the initial endowment assigned to this player. Respond with only the resulting endowment without providing any explanations."", ""response"": ""14""}"
2026-05-18T14:43:37.695028+00:00,facilitator_call,public_good_experiment_20260518T134422Z_xaji0y,public_good_experiment_20260518T134422Z_xaji0y_s1,public_good_experiment_20260518T134422Z_xaji0y_s1_pgg_r4_g5,,"{""prompt_type"": ""FACILITATOR"", ""prompt_name"": ""total_contribution"", ""module"": ""pgg"", ""round"": 4, ""rendered_prompt"": ""Calculate the total number of tokens contributed to the public account by all participants in this round using the following formula:\nPlayer 1's contribution to public account in this round + Player 2's contribution to public account in this round + Player 3's contribution to public account in this round + Player 4's contribution to public account in this round\nRespond with only the resulting nunber without providing any explanations."", ""response"": ""27""}"
2026-05-18T14:43:41.461206+00:00,facilitator_call,public_good_experiment_20260518T134422Z_xaji0y,public_good_experiment_20260518T134422Z_xaji0y_s1,public_good_experiment_20260518T134422Z_xaji0y_s1_pgg_r4_g5,public_good_experiment_20260518T134422Z_xaji0y_17,"{""prompt_type"": ""FACILITATOR"", ""prompt_name"": ""public_account_earnings"", ""module"": ""pgg"", ""round"": 4, ""rendered_prompt"": ""Calculate Player ID 17's earnings from the public account this round using the following formula:\n(27 _ 2.0) / 4\nRespond with only the resulting number without providing any explanations."", ""response"": ""13.5""}"
2026-05-18T14:43:47.676720+00:00,facilitator_call,public_good_experiment_20260518T134422Z_xaji0y,public_good_experiment_20260518T134422Z_xaji0y_s1,public_good_experiment_20260518T134422Z_xaji0y_s1_pgg_r4_g5,public_good_experiment_20260518T134422Z_xaji0y_18,"{""prompt_type"": ""FACILITATOR"", ""prompt_name"": ""public_account_earnings"", ""module"": ""pgg"", ""round"": 4, ""rendered_prompt"": ""Calculate Player ID 18's earnings from the public account this round using the following formula:\n(27 _ 2.0) / 4\nRespond with only the resulting number without providing any explanations."", ""response"": ""13.5""}"
2026-05-18T14:43:51.809587+00:00,facilitator_call,public_good_experiment_20260518T134422Z_xaji0y,public_good_experiment_20260518T134422Z_xaji0y_s1,public_good_experiment_20260518T134422Z_xaji0y_s1_pgg_r4_g5,public_good_experiment_20260518T134422Z_xaji0y_19,"{""prompt_type"": ""FACILITATOR"", ""prompt_name"": ""public_account_earnings"", ""module"": ""pgg"", ""round"": 4, ""rendered_prompt"": ""Calculate Player ID 19's earnings from the public account this round using the following formula:\n(27 _ 2.0) / 4\nRespond with only the resulting number without providing any explanations."", ""response"": ""13.5""}"
2026-05-18T14:43:55.646060+00:00,facilitator_call,public_good_experiment_20260518T134422Z_xaji0y,public_good_experiment_20260518T134422Z_xaji0y_s1,public_good_experiment_20260518T134422Z_xaji0y_s1_pgg_r4_g5,public_good_experiment_20260518T134422Z_xaji0y_20,"{""prompt_type"": ""FACILITATOR"", ""prompt_name"": ""public_account_earnings"", ""module"": ""pgg"", ""round"": 4, ""rendered_prompt"": ""Calculate Player ID 20's earnings from the public account this round using the following formula:\n(27 _ 2.0) / 4\nRespond with only the resulting number without providing any explanations."", ""response"": ""13.5""}"
2026-05-18T14:43:59.314160+00:00,facilitator_call,public_good_experiment_20260518T134422Z_xaji0y,public_good_experiment_20260518T134422Z_xaji0y_s1,public_good_experiment_20260518T134422Z_xaji0y_s1_pgg_r4_g5,public_good_experiment_20260518T134422Z_xaji0y_17,"{""prompt_type"": ""FACILITATOR"", ""prompt_name"": ""private_account_remaining"", ""module"": ""pgg"", ""round"": 4, ""rendered_prompt"": ""Calculate Player ID 17's remaining private tokens this round using the following formula:\n15 _ 0\nRespond with only the resulting number without any explanations."", ""response"": ""15""}"
2026-05-18T14:44:06.414807+00:00,facilitator_call,public_good_experiment_20260518T134422Z_xaji0y,public_good_experiment_20260518T134422Z_xaji0y_s1,public_good_experiment_20260518T134422Z_xaji0y_s1_pgg_r4_g5,public_good_experiment_20260518T134422Z_xaji0y_18,"{""prompt_type"": ""FACILITATOR"", ""prompt_name"": ""private_account_remaining"", ""module"": ""pgg"", ""round"": 4, ""rendered_prompt"": ""Calculate Player ID 18's remaining private tokens this round using the following formula:\n16 _ 7\nRespond with only the resulting number without any explanations."", ""response"": ""9""}"
2026-05-18T14:44:11.547730+00:00,facilitator_call,public_good_experiment_20260518T134422Z_xaji0y,public_good_experiment_20260518T134422Z_xaji0y_s1,public_good_experiment_20260518T134422Z_xaji0y_s1_pgg_r4_g5,public_good_experiment_20260518T134422Z_xaji0y_19,"{""prompt_type"": ""FACILITATOR"", ""prompt_name"": ""private_account_remaining"", ""module"": ""pgg"", ""round"": 4, ""rendered_prompt"": ""Calculate Player ID 19's remaining private tokens this round using the following formula:\n18 _ 9\nRespond with only the resulting number without any explanations."", ""response"": ""9""}"
2026-05-18T14:44:15.481712+00:00,facilitator_call,public_good_experiment_20260518T134422Z_xaji0y,public_good_experiment_20260518T134422Z_xaji0y_s1,public_good_experiment_20260518T134422Z_xaji0y_s1_pgg_r4_g5,public_good_experiment_20260518T134422Z_xaji0y_20,"{""prompt_type"": ""FACILITATOR"", ""prompt_name"": ""private_account_remaining"", ""module"": ""pgg"", ""round"": 4, ""rendered_prompt"": ""Calculate Player ID 20's remaining private tokens this round using the following formula:\n14 _ 11\nRespond with only the resulting number without any explanations."", ""response"": ""3""}"
2026-05-18T14:44:18.386221+00:00,facilitator_call,public_good_experiment_20260518T134422Z_xaji0y,public_good_experiment_20260518T134422Z_xaji0y_s1,public_good_experiment_20260518T134422Z_xaji0y_s1_pgg_r4_g5,public_good_experiment_20260518T134422Z_xaji0y_17,"{""prompt_type"": ""FACILITATOR"", ""prompt_name"": ""payoff"", ""module"": ""pgg"", ""round"": 4, ""rendered_prompt"": ""Calculate Player ID 17's total earnings this round using the following formula:\n13.5 + 15\nRespond with only the resulting number without any explanations."", ""response"": ""28.5""}"
2026-05-18T14:44:22.354793+00:00,facilitator_call,public_good_experiment_20260518T134422Z_xaji0y,public_good_experiment_20260518T134422Z_xaji0y_s1,public_good_experiment_20260518T134422Z_xaji0y_s1_pgg_r4_g5,public_good_experiment_20260518T134422Z_xaji0y_18,"{""prompt_type"": ""FACILITATOR"", ""prompt_name"": ""payoff"", ""module"": ""pgg"", ""round"": 4, ""rendered_prompt"": ""Calculate Player ID 18's total earnings this round using the following formula:\n13.5 + 9\nRespond with only the resulting number without any explanations."", ""response"": ""22.5""}"
2026-05-18T14:44:27.889152+00:00,facilitator_call,public_good_experiment_20260518T134422Z_xaji0y,public_good_experiment_20260518T134422Z_xaji0y_s1,public_good_experiment_20260518T134422Z_xaji0y_s1_pgg_r4_g5,public_good_experiment_20260518T134422Z_xaji0y_19,"{""prompt_type"": ""FACILITATOR"", ""prompt_name"": ""payoff"", ""module"": ""pgg"", ""round"": 4, ""rendered_prompt"": ""Calculate Player ID 19's total earnings this round using the following formula:\n13.5 + 9\nRespond with only the resulting number without any explanations."", ""response"": ""22.5""}"
2026-05-18T14:44:33.336884+00:00,facilitator_call,public_good_experiment_20260518T134422Z_xaji0y,public_good_experiment_20260518T134422Z_xaji0y_s1,public_good_experiment_20260518T134422Z_xaji0y_s1_pgg_r4_g5,public_good_experiment_20260518T134422Z_xaji0y_20,"{""prompt_type"": ""FACILITATOR"", ""prompt_name"": ""payoff"", ""module"": ""pgg"", ""round"": 4, ""rendered_prompt"": ""Calculate Player ID 20's total earnings this round using the following formula:\n13.5 + 3\nRespond with only the resulting number without any explanations."", ""response"": ""16.5""}"
2026-05-18T14:45:21.936949+00:00,facilitator_call,public_good_experiment_20260518T134422Z_xaji0y,public_good_experiment_20260518T134422Z_xaji0y_s1,public_good_experiment_20260518T134422Z_xaji0y_s1_pgg_r4_g6,public_good_experiment_20260518T134422Z_xaji0y_21,"{""prompt_type"": ""FACILITATOR"", ""prompt_name"": ""endowment"", ""module"": ""pgg"", ""round"": 4, ""rendered_prompt"": ""Choose a random integer between 8 and 20 as the initial endowment assigned to this player. Respond with only the resulting endowment without providing any explanations."", ""response"": ""12""}"
2026-05-18T14:45:28.091100+00:00,facilitator_call,public_good_experiment_20260518T134422Z_xaji0y,public_good_experiment_20260518T134422Z_xaji0y_s1,public_good_experiment_20260518T134422Z_xaji0y_s1_pgg_r4_g6,public_good_experiment_20260518T134422Z_xaji0y_22,"{""prompt_type"": ""FACILITATOR"", ""prompt_name"": ""endowment"", ""module"": ""pgg"", ""round"": 4, ""rendered_prompt"": ""Choose a random integer between 8 and 20 as the initial endowment assigned to this player. Respond with only the resulting endowment without providing any explanations."", ""response"": ""13""}"
2026-05-18T14:45:34.228893+00:00,facilitator_call,public_good_experiment_20260518T134422Z_xaji0y,public_good_experiment_20260518T134422Z_xaji0y_s1,public_good_experiment_20260518T134422Z_xaji0y_s1_pgg_r4_g6,public_good_experiment_20260518T134422Z_xaji0y_23,"{""prompt_type"": ""FACILITATOR"", ""prompt_name"": ""endowment"", ""module"": ""pgg"", ""round"": 4, ""rendered_prompt"": ""Choose a random integer between 8 and 20 as the initial endowment assigned to this player. Respond with only the resulting endowment without providing any explanations."", ""response"": ""12""}"
2026-05-18T14:45:37.964268+00:00,facilitator_call,public_good_experiment_20260518T134422Z_xaji0y,public_good_experiment_20260518T134422Z_xaji0y_s1,public_good_experiment_20260518T134422Z_xaji0y_s1_pgg_r4_g6,public_good_experiment_20260518T134422Z_xaji0y_24,"{""prompt_type"": ""FACILITATOR"", ""prompt_name"": ""endowment"", ""module"": ""pgg"", ""round"": 4, ""rendered_prompt"": ""Choose a random integer between 8 and 20 as the initial endowment assigned to this player. Respond with only the resulting endowment without providing any explanations."", ""response"": ""13""}"
2026-05-18T14:46:31.670700+00:00,facilitator_call,public_good_experiment_20260518T134422Z_xaji0y,public_good_experiment_20260518T134422Z_xaji0y_s1,public_good_experiment_20260518T134422Z_xaji0y_s1_pgg_r4_g6,,"{""prompt_type"": ""FACILITATOR"", ""prompt_name"": ""total_contribution"", ""module"": ""pgg"", ""round"": 4, ""rendered_prompt"": ""Calculate the total number of tokens contributed to the public account by all participants in this round using the following formula:\nPlayer 1's contribution to public account in this round + Player 2's contribution to public account in this round + Player 3's contribution to public account in this round + Player 4's contribution to public account in this round\nRespond with only the resulting nunber without providing any explanations."", ""response"": ""5""}"
2026-05-18T14:46:36.017978+00:00,facilitator_call,public_good_experiment_20260518T134422Z_xaji0y,public_good_experiment_20260518T134422Z_xaji0y_s1,public_good_experiment_20260518T134422Z_xaji0y_s1_pgg_r4_g6,public_good_experiment_20260518T134422Z_xaji0y_21,"{""prompt_type"": ""FACILITATOR"", ""prompt_name"": ""public_account_earnings"", ""module"": ""pgg"", ""round"": 4, ""rendered_prompt"": ""Calculate Player ID 21's earnings from the public account this round using the following formula:\n(5 _ 2.0) / 4\nRespond with only the resulting number without providing any explanations."", ""response"": ""2.5""}"
2026-05-18T14:46:40.208341+00:00,facilitator_call,public_good_experiment_20260518T134422Z_xaji0y,public_good_experiment_20260518T134422Z_xaji0y_s1,public_good_experiment_20260518T134422Z_xaji0y_s1_pgg_r4_g6,public_good_experiment_20260518T134422Z_xaji0y_22,"{""prompt_type"": ""FACILITATOR"", ""prompt_name"": ""public_account_earnings"", ""module"": ""pgg"", ""round"": 4, ""rendered_prompt"": ""Calculate Player ID 22's earnings from the public account this round using the following formula:\n(5 _ 2.0) / 4\nRespond with only the resulting number without providing any explanations."", ""response"": ""2.5""}"
2026-05-18T14:46:46.212305+00:00,facilitator_call,public_good_experiment_20260518T134422Z_xaji0y,public_good_experiment_20260518T134422Z_xaji0y_s1,public_good_experiment_20260518T134422Z_xaji0y_s1_pgg_r4_g6,public_good_experiment_20260518T134422Z_xaji0y_23,"{""prompt_type"": ""FACILITATOR"", ""prompt_name"": ""public_account_earnings"", ""module"": ""pgg"", ""round"": 4, ""rendered_prompt"": ""Calculate Player ID 23's earnings from the public account this round using the following formula:\n(5 _ 2.0) / 4\nRespond with only the resulting number without providing any explanations."", ""response"": ""2.5""}"
2026-05-18T14:46:50.457542+00:00,facilitator_call,public_good_experiment_20260518T134422Z_xaji0y,public_good_experiment_20260518T134422Z_xaji0y_s1,public_good_experiment_20260518T134422Z_xaji0y_s1_pgg_r4_g6,public_good_experiment_20260518T134422Z_xaji0y_24,"{""prompt_type"": ""FACILITATOR"", ""prompt_name"": ""public_account_earnings"", ""module"": ""pgg"", ""round"": 4, ""rendered_prompt"": ""Calculate Player ID 24's earnings from the public account this round using the following formula:\n(5 _ 2.0) / 4\nRespond with only the resulting number without providing any explanations."", ""response"": ""2.5""}"
2026-05-18T14:47:35.365194+00:00,facilitator_call,public_good_experiment_20260518T134422Z_xaji0y,public_good_experiment_20260518T134422Z_xaji0y_s1,public_good_experiment_20260518T134422Z_xaji0y_s1_pgg_r4_g6,public_good_experiment_20260518T134422Z_xaji0y_21,"{""prompt_type"": ""FACILITATOR"", ""prompt_name"": ""private_account_remaining"", ""module"": ""pgg"", ""round"": 4, ""rendered_prompt"": ""Calculate Player ID 21's remaining private tokens this round using the following formula:\n12 _ 0\nRespond with only the resulting number without any explanations."", ""response"": ""12""}"
2026-05-18T14:47:47.687906+00:00,facilitator_call,public_good_experiment_20260518T134422Z_xaji0y,public_good_experiment_20260518T134422Z_xaji0y_s1,public_good_experiment_20260518T134422Z_xaji0y_s1_pgg_r4_g6,public_good_experiment_20260518T134422Z_xaji0y_22,"{""prompt_type"": ""FACILITATOR"", ""prompt_name"": ""private_account_remaining"", ""module"": ""pgg"", ""round"": 4, ""rendered_prompt"": ""Calculate Player ID 22's remaining private tokens this round using the following formula:\n13 _ 2\nRespond with only the resulting number without any explanations."", ""response"": ""11""}"
2026-05-18T14:47:58.023730+00:00,facilitator_call,public_good_experiment_20260518T134422Z_xaji0y,public_good_experiment_20260518T134422Z_xaji0y_s1,public_good_experiment_20260518T134422Z_xaji0y_s1_pgg_r4_g6,public_good_experiment_20260518T134422Z_xaji0y_23,"{""prompt_type"": ""FACILITATOR"", ""prompt_name"": ""private_account_remaining"", ""module"": ""pgg"", ""round"": 4, ""rendered_prompt"": ""Calculate Player ID 23's remaining private tokens this round using the following formula:\n12 _ 0\nRespond with only the resulting number without any explanations."", ""response"": ""12""}"
2026-05-18T14:48:04.725757+00:00,facilitator_call,public_good_experiment_20260518T134422Z_xaji0y,public_good_experiment_20260518T134422Z_xaji0y_s1,public_good_experiment_20260518T134422Z_xaji0y_s1_pgg_r4_g6,public_good_experiment_20260518T134422Z_xaji0y_24,"{""prompt_type"": ""FACILITATOR"", ""prompt_name"": ""private_account_remaining"", ""module"": ""pgg"", ""round"": 4, ""rendered_prompt"": ""Calculate Player ID 24's remaining private tokens this round using the following formula:\n13 _ 3\nRespond with only the resulting number without any explanations."", ""response"": ""10""}"
2026-05-18T14:48:07.409692+00:00,facilitator_call,public_good_experiment_20260518T134422Z_xaji0y,public_good_experiment_20260518T134422Z_xaji0y_s1,public_good_experiment_20260518T134422Z_xaji0y_s1_pgg_r4_g6,public_good_experiment_20260518T134422Z_xaji0y_21,"{""prompt_type"": ""FACILITATOR"", ""prompt_name"": ""payoff"", ""module"": ""pgg"", ""round"": 4, ""rendered_prompt"": ""Calculate Player ID 21's total earnings this round using the following formula:\n2.5 + 12\nRespond with only the resulting number without any explanations."", ""response"": ""14.5""}"
2026-05-18T14:48:10.426295+00:00,facilitator_call,public_good_experiment_20260518T134422Z_xaji0y,public_good_experiment_20260518T134422Z_xaji0y_s1,public_good_experiment_20260518T134422Z_xaji0y_s1_pgg_r4_g6,public_good_experiment_20260518T134422Z_xaji0y_22,"{""prompt_type"": ""FACILITATOR"", ""prompt_name"": ""payoff"", ""module"": ""pgg"", ""round"": 4, ""rendered_prompt"": ""Calculate Player ID 22's total earnings this round using the following formula:\n2.5 + 11\nRespond with only the resulting number without any explanations."", ""response"": ""13.5""}"
2026-05-18T14:48:13.171122+00:00,facilitator_call,public_good_experiment_20260518T134422Z_xaji0y,public_good_experiment_20260518T134422Z_xaji0y_s1,public_good_experiment_20260518T134422Z_xaji0y_s1_pgg_r4_g6,public_good_experiment_20260518T134422Z_xaji0y_23,"{""prompt_type"": ""FACILITATOR"", ""prompt_name"": ""payoff"", ""module"": ""pgg"", ""round"": 4, ""rendered_prompt"": ""Calculate Player ID 23's total earnings this round using the following formula:\n2.5 + 12\nRespond with only the resulting number without any explanations."", ""response"": ""14.5""}"
2026-05-18T14:48:17.424897+00:00,facilitator_call,public_good_experiment_20260518T134422Z_xaji0y,public_good_experiment_20260518T134422Z_xaji0y_s1,public_good_experiment_20260518T134422Z_xaji0y_s1_pgg_r4_g6,public_good_experiment_20260518T134422Z_xaji0y_24,"{""prompt_type"": ""FACILITATOR"", ""prompt_name"": ""payoff"", ""module"": ""pgg"", ""round"": 4, ""rendered_prompt"": ""Calculate Player ID 24's total earnings this round using the following formula:\n2.5 + 10\nRespond with only the resulting number without any explanations."", ""response"": ""12.5""}"
2026-05-18T14:48:56.525880+00:00,facilitator_call,public_good_experiment_20260518T134422Z_xaji0y,public_good_experiment_20260518T134422Z_xaji0y_s1,public_good_experiment_20260518T134422Z_xaji0y_s1_pgg_r5_g1,public_good_experiment_20260518T134422Z_xaji0y_1,"{""prompt_type"": ""FACILITATOR"", ""prompt_name"": ""endowment"", ""module"": ""pgg"", ""round"": 5, ""rendered_prompt"": ""Choose a random integer between 8 and 20 as the initial endowment assigned to this player. Respond with only the resulting endowment without providing any explanations."", ""response"": ""19""}"
2026-05-18T14:49:00.874498+00:00,facilitator_call,public_good_experiment_20260518T134422Z_xaji0y,public_good_experiment_20260518T134422Z_xaji0y_s1,public_good_experiment_20260518T134422Z_xaji0y_s1_pgg_r5_g1,public_good_experiment_20260518T134422Z_xaji0y_2,"{""prompt_type"": ""FACILITATOR"", ""prompt_name"": ""endowment"", ""module"": ""pgg"", ""round"": 5, ""rendered_prompt"": ""Choose a random integer between 8 and 20 as the initial endowment assigned to this player. Respond with only the resulting endowment without providing any explanations."", ""response"": ""16""}"
2026-05-18T14:49:05.708235+00:00,facilitator_call,public_good_experiment_20260518T134422Z_xaji0y,public_good_experiment_20260518T134422Z_xaji0y_s1,public_good_experiment_20260518T134422Z_xaji0y_s1_pgg_r5_g1,public_good_experiment_20260518T134422Z_xaji0y_3,"{""prompt_type"": ""FACILITATOR"", ""prompt_name"": ""endowment"", ""module"": ""pgg"", ""round"": 5, ""rendered_prompt"": ""Choose a random integer between 8 and 20 as the initial endowment assigned to this player. Respond with only the resulting endowment without providing any explanations."", ""response"": ""16""}"
2026-05-18T14:49:09.627620+00:00,facilitator_call,public_good_experiment_20260518T134422Z_xaji0y,public_good_experiment_20260518T134422Z_xaji0y_s1,public_good_experiment_20260518T134422Z_xaji0y_s1_pgg_r5_g1,public_good_experiment_20260518T134422Z_xaji0y_4,"{""prompt_type"": ""FACILITATOR"", ""prompt_name"": ""endowment"", ""module"": ""pgg"", ""round"": 5, ""rendered_prompt"": ""Choose a random integer between 8 and 20 as the initial endowment assigned to this player. Respond with only the resulting endowment without providing any explanations."", ""response"": ""12""}"
2026-05-18T14:49:49.211883+00:00,facilitator_call,public_good_experiment_20260518T134422Z_xaji0y,public_good_experiment_20260518T134422Z_xaji0y_s1,public_good_experiment_20260518T134422Z_xaji0y_s1_pgg_r5_g1,,"{""prompt_type"": ""FACILITATOR"", ""prompt_name"": ""total_contribution"", ""module"": ""pgg"", ""round"": 5, ""rendered_prompt"": ""Calculate the total number of tokens contributed to the public account by all participants in this round using the following formula:\nPlayer 1's contribution to public account in this round + Player 2's contribution to public account in this round + Player 3's contribution to public account in this round + Player 4's contribution to public account in this round\nRespond with only the resulting nunber without providing any explanations."", ""response"": ""25""}"
2026-05-18T14:49:54.928751+00:00,facilitator_call,public_good_experiment_20260518T134422Z_xaji0y,public_good_experiment_20260518T134422Z_xaji0y_s1,public_good_experiment_20260518T134422Z_xaji0y_s1_pgg_r5_g1,public_good_experiment_20260518T134422Z_xaji0y_1,"{""prompt_type"": ""FACILITATOR"", ""prompt_name"": ""public_account_earnings"", ""module"": ""pgg"", ""round"": 5, ""rendered_prompt"": ""Calculate Player ID 1's earnings from the public account this round using the following formula:\n(25 _ 2.0) / 4\nRespond with only the resulting number without providing any explanations."", ""response"": ""12.5""}"
2026-05-18T14:49:58.547160+00:00,facilitator_call,public_good_experiment_20260518T134422Z_xaji0y,public_good_experiment_20260518T134422Z_xaji0y_s1,public_good_experiment_20260518T134422Z_xaji0y_s1_pgg_r5_g1,public_good_experiment_20260518T134422Z_xaji0y_2,"{""prompt_type"": ""FACILITATOR"", ""prompt_name"": ""public_account_earnings"", ""module"": ""pgg"", ""round"": 5, ""rendered_prompt"": ""Calculate Player ID 2's earnings from the public account this round using the following formula:\n(25 _ 2.0) / 4\nRespond with only the resulting number without providing any explanations."", ""response"": ""12.5""}"
2026-05-18T14:50:02.458924+00:00,facilitator_call,public_good_experiment_20260518T134422Z_xaji0y,public_good_experiment_20260518T134422Z_xaji0y_s1,public_good_experiment_20260518T134422Z_xaji0y_s1_pgg_r5_g1,public_good_experiment_20260518T134422Z_xaji0y_3,"{""prompt_type"": ""FACILITATOR"", ""prompt_name"": ""public_account_earnings"", ""module"": ""pgg"", ""round"": 5, ""rendered_prompt"": ""Calculate Player ID 3's earnings from the public account this round using the following formula:\n(25 _ 2.0) / 4\nRespond with only the resulting number without providing any explanations."", ""response"": ""12.5""}"
2026-05-18T14:50:05.982149+00:00,facilitator_call,public_good_experiment_20260518T134422Z_xaji0y,public_good_experiment_20260518T134422Z_xaji0y_s1,public_good_experiment_20260518T134422Z_xaji0y_s1_pgg_r5_g1,public_good_experiment_20260518T134422Z_xaji0y_4,"{""prompt_type"": ""FACILITATOR"", ""prompt_name"": ""public_account_earnings"", ""module"": ""pgg"", ""round"": 5, ""rendered_prompt"": ""Calculate Player ID 4's earnings from the public account this round using the following formula:\n(25 _ 2.0) / 4\nRespond with only the resulting number without providing any explanations."", ""response"": ""12.5""}"
2026-05-18T14:50:14.608222+00:00,facilitator_call,public_good_experiment_20260518T134422Z_xaji0y,public_good_experiment_20260518T134422Z_xaji0y_s1,public_good_experiment_20260518T134422Z_xaji0y_s1_pgg_r5_g1,public_good_experiment_20260518T134422Z_xaji0y_1,"{""prompt_type"": ""FACILITATOR"", ""prompt_name"": ""private_account_remaining"", ""module"": ""pgg"", ""round"": 5, ""rendered_prompt"": ""Calculate Player ID 1's remaining private tokens this round using the following formula:\n19 _ 6\nRespond with only the resulting number without any explanations."", ""response"": ""13""}"
2026-05-18T14:50:21.254192+00:00,facilitator_call,public_good_experiment_20260518T134422Z_xaji0y,public_good_experiment_20260518T134422Z_xaji0y_s1,public_good_experiment_20260518T134422Z_xaji0y_s1_pgg_r5_g1,public_good_experiment_20260518T134422Z_xaji0y_2,"{""prompt_type"": ""FACILITATOR"", ""prompt_name"": ""private_account_remaining"", ""module"": ""pgg"", ""round"": 5, ""rendered_prompt"": ""Calculate Player ID 2's remaining private tokens this round using the following formula:\n16 _ 6\nRespond with only the resulting number without any explanations."", ""response"": ""10""}"
2026-05-18T14:50:26.915536+00:00,facilitator_call,public_good_experiment_20260518T134422Z_xaji0y,public_good_experiment_20260518T134422Z_xaji0y_s1,public_good_experiment_20260518T134422Z_xaji0y_s1_pgg_r5_g1,public_good_experiment_20260518T134422Z_xaji0y_3,"{""prompt_type"": ""FACILITATOR"", ""prompt_name"": ""private_account_remaining"", ""module"": ""pgg"", ""round"": 5, ""rendered_prompt"": ""Calculate Player ID 3's remaining private tokens this round using the following formula:\n16 _ 7\nRespond with only the resulting number without any explanations."", ""response"": ""9""}"
2026-05-18T14:50:34.442395+00:00,facilitator_call,public_good_experiment_20260518T134422Z_xaji0y,public_good_experiment_20260518T134422Z_xaji0y_s1,public_good_experiment_20260518T134422Z_xaji0y_s1_pgg_r5_g1,public_good_experiment_20260518T134422Z_xaji0y_4,"{""prompt_type"": ""FACILITATOR"", ""prompt_name"": ""private_account_remaining"", ""module"": ""pgg"", ""round"": 5, ""rendered_prompt"": ""Calculate Player ID 4's remaining private tokens this round using the following formula:\n12 _ 6\nRespond with only the resulting number without any explanations."", ""response"": ""6""}"
2026-05-18T14:50:37.184562+00:00,facilitator_call,public_good_experiment_20260518T134422Z_xaji0y,public_good_experiment_20260518T134422Z_xaji0y_s1,public_good_experiment_20260518T134422Z_xaji0y_s1_pgg_r5_g1,public_good_experiment_20260518T134422Z_xaji0y_1,"{""prompt_type"": ""FACILITATOR"", ""prompt_name"": ""payoff"", ""module"": ""pgg"", ""round"": 5, ""rendered_prompt"": ""Calculate Player ID 1's total earnings this round using the following formula:\n12.5 + 13\nRespond with only the resulting number without any explanations."", ""response"": ""25.5""}"
2026-05-18T14:50:41.046093+00:00,facilitator_call,public_good_experiment_20260518T134422Z_xaji0y,public_good_experiment_20260518T134422Z_xaji0y_s1,public_good_experiment_20260518T134422Z_xaji0y_s1_pgg_r5_g1,public_good_experiment_20260518T134422Z_xaji0y_2,"{""prompt_type"": ""FACILITATOR"", ""prompt_name"": ""payoff"", ""module"": ""pgg"", ""round"": 5, ""rendered_prompt"": ""Calculate Player ID 2's total earnings this round using the following formula:\n12.5 + 10\nRespond with only the resulting number without any explanations."", ""response"": ""22.5""}"
2026-05-18T14:50:44.995450+00:00,facilitator_call,public_good_experiment_20260518T134422Z_xaji0y,public_good_experiment_20260518T134422Z_xaji0y_s1,public_good_experiment_20260518T134422Z_xaji0y_s1_pgg_r5_g1,public_good_experiment_20260518T134422Z_xaji0y_3,"{""prompt_type"": ""FACILITATOR"", ""prompt_name"": ""payoff"", ""module"": ""pgg"", ""round"": 5, ""rendered_prompt"": ""Calculate Player ID 3's total earnings this round using the following formula:\n12.5 + 9\nRespond with only the resulting number without any explanations."", ""response"": ""21.5""}"
2026-05-18T14:50:48.071934+00:00,facilitator_call,public_good_experiment_20260518T134422Z_xaji0y,public_good_experiment_20260518T134422Z_xaji0y_s1,public_good_experiment_20260518T134422Z_xaji0y_s1_pgg_r5_g1,public_good_experiment_20260518T134422Z_xaji0y_4,"{""prompt_type"": ""FACILITATOR"", ""prompt_name"": ""payoff"", ""module"": ""pgg"", ""round"": 5, ""rendered_prompt"": ""Calculate Player ID 4's total earnings this round using the following formula:\n12.5 + 6\nRespond with only the resulting number without any explanations."", ""response"": ""18.5""}"
2026-05-18T14:51:27.948460+00:00,facilitator_call,public_good_experiment_20260518T134422Z_xaji0y,public_good_experiment_20260518T134422Z_xaji0y_s1,public_good_experiment_20260518T134422Z_xaji0y_s1_pgg_r5_g2,public_good_experiment_20260518T134422Z_xaji0y_5,"{""prompt_type"": ""FACILITATOR"", ""prompt_name"": ""endowment"", ""module"": ""pgg"", ""round"": 5, ""rendered_prompt"": ""Choose a random integer between 8 and 20 as the initial endowment assigned to this player. Respond with only the resulting endowment without providing any explanations."", ""response"": ""12""}"
2026-05-18T14:51:31.349287+00:00,facilitator_call,public_good_experiment_20260518T134422Z_xaji0y,public_good_experiment_20260518T134422Z_xaji0y_s1,public_good_experiment_20260518T134422Z_xaji0y_s1_pgg_r5_g2,public_good_experiment_20260518T134422Z_xaji0y_6,"{""prompt_type"": ""FACILITATOR"", ""prompt_name"": ""endowment"", ""module"": ""pgg"", ""round"": 5, ""rendered_prompt"": ""Choose a random integer between 8 and 20 as the initial endowment assigned to this player. Respond with only the resulting endowment without providing any explanations."", ""response"": ""14""}"
2026-05-18T14:51:35.014761+00:00,facilitator_call,public_good_experiment_20260518T134422Z_xaji0y,public_good_experiment_20260518T134422Z_xaji0y_s1,public_good_experiment_20260518T134422Z_xaji0y_s1_pgg_r5_g2,public_good_experiment_20260518T134422Z_xaji0y_7,"{""prompt_type"": ""FACILITATOR"", ""prompt_name"": ""endowment"", ""module"": ""pgg"", ""round"": 5, ""rendered_prompt"": ""Choose a random integer between 8 and 20 as the initial endowment assigned to this player. Respond with only the resulting endowment without providing any explanations."", ""response"": ""12""}"
2026-05-18T14:51:41.923594+00:00,facilitator_call,public_good_experiment_20260518T134422Z_xaji0y,public_good_experiment_20260518T134422Z_xaji0y_s1,public_good_experiment_20260518T134422Z_xaji0y_s1_pgg_r5_g2,public_good_experiment_20260518T134422Z_xaji0y_8,"{""prompt_type"": ""FACILITATOR"", ""prompt_name"": ""endowment"", ""module"": ""pgg"", ""round"": 5, ""rendered_prompt"": ""Choose a random integer between 8 and 20 as the initial endowment assigned to this player. Respond with only the resulting endowment without providing any explanations."", ""response"": ""12""}"
2026-05-18T14:52:18.774969+00:00,facilitator_call,public_good_experiment_20260518T134422Z_xaji0y,public_good_experiment_20260518T134422Z_xaji0y_s1,public_good_experiment_20260518T134422Z_xaji0y_s1_pgg_r5_g2,,"{""prompt_type"": ""FACILITATOR"", ""prompt_name"": ""total_contribution"", ""module"": ""pgg"", ""round"": 5, ""rendered_prompt"": ""Calculate the total number of tokens contributed to the public account by all participants in this round using the following formula:\nPlayer 1's contribution to public account in this round + Player 2's contribution to public account in this round + Player 3's contribution to public account in this round + Player 4's contribution to public account in this round\nRespond with only the resulting nunber without providing any explanations."", ""response"": ""13""}"
2026-05-18T14:52:22.653418+00:00,facilitator_call,public_good_experiment_20260518T134422Z_xaji0y,public_good_experiment_20260518T134422Z_xaji0y_s1,public_good_experiment_20260518T134422Z_xaji0y_s1_pgg_r5_g2,public_good_experiment_20260518T134422Z_xaji0y_5,"{""prompt_type"": ""FACILITATOR"", ""prompt_name"": ""public_account_earnings"", ""module"": ""pgg"", ""round"": 5, ""rendered_prompt"": ""Calculate Player ID 5's earnings from the public account this round using the following formula:\n(13 _ 2.0) / 4\nRespond with only the resulting number without providing any explanations."", ""response"": ""6.5""}"
2026-05-18T14:52:29.963704+00:00,facilitator_call,public_good_experiment_20260518T134422Z_xaji0y,public_good_experiment_20260518T134422Z_xaji0y_s1,public_good_experiment_20260518T134422Z_xaji0y_s1_pgg_r5_g2,public_good_experiment_20260518T134422Z_xaji0y_6,"{""prompt_type"": ""FACILITATOR"", ""prompt_name"": ""public_account_earnings"", ""module"": ""pgg"", ""round"": 5, ""rendered_prompt"": ""Calculate Player ID 6's earnings from the public account this round using the following formula:\n(13 _ 2.0) / 4\nRespond with only the resulting number without providing any explanations."", ""response"": ""6.5""}"
2026-05-18T14:52:35.157117+00:00,facilitator_call,public_good_experiment_20260518T134422Z_xaji0y,public_good_experiment_20260518T134422Z_xaji0y_s1,public_good_experiment_20260518T134422Z_xaji0y_s1_pgg_r5_g2,public_good_experiment_20260518T134422Z_xaji0y_7,"{""prompt_type"": ""FACILITATOR"", ""prompt_name"": ""public_account_earnings"", ""module"": ""pgg"", ""round"": 5, ""rendered_prompt"": ""Calculate Player ID 7's earnings from the public account this round using the following formula:\n(13 _ 2.0) / 4\nRespond with only the resulting number without providing any explanations."", ""response"": ""6.5""}"
2026-05-18T14:52:39.946651+00:00,facilitator_call,public_good_experiment_20260518T134422Z_xaji0y,public_good_experiment_20260518T134422Z_xaji0y_s1,public_good_experiment_20260518T134422Z_xaji0y_s1_pgg_r5_g2,public_good_experiment_20260518T134422Z_xaji0y_8,"{""prompt_type"": ""FACILITATOR"", ""prompt_name"": ""public_account_earnings"", ""module"": ""pgg"", ""round"": 5, ""rendered_prompt"": ""Calculate Player ID 8's earnings from the public account this round using the following formula:\n(13 _ 2.0) / 4\nRespond with only the resulting number without providing any explanations."", ""response"": ""6.5""}"
2026-05-18T14:52:47.122578+00:00,facilitator_call,public_good_experiment_20260518T134422Z_xaji0y,public_good_experiment_20260518T134422Z_xaji0y_s1,public_good_experiment_20260518T134422Z_xaji0y_s1_pgg_r5_g2,public_good_experiment_20260518T134422Z_xaji0y_5,"{""prompt_type"": ""FACILITATOR"", ""prompt_name"": ""private_account_remaining"", ""module"": ""pgg"", ""round"": 5, ""rendered_prompt"": ""Calculate Player ID 5's remaining private tokens this round using the following formula:\n12 _ 0\nRespond with only the resulting number without any explanations."", ""response"": ""12""}"
2026-05-18T14:52:55.374652+00:00,facilitator_call,public_good_experiment_20260518T134422Z_xaji0y,public_good_experiment_20260518T134422Z_xaji0y_s1,public_good_experiment_20260518T134422Z_xaji0y_s1_pgg_r5_g2,public_good_experiment_20260518T134422Z_xaji0y_6,"{""prompt_type"": ""FACILITATOR"", ""prompt_name"": ""private_account_remaining"", ""module"": ""pgg"", ""round"": 5, ""rendered_prompt"": ""Calculate Player ID 6's remaining private tokens this round using the following formula:\n14 _ 3\nRespond with only the resulting number without any explanations."", ""response"": ""11""}"
2026-05-18T14:53:01.832811+00:00,facilitator_call,public_good_experiment_20260518T134422Z_xaji0y,public_good_experiment_20260518T134422Z_xaji0y_s1,public_good_experiment_20260518T134422Z_xaji0y_s1_pgg_r5_g2,public_good_experiment_20260518T134422Z_xaji0y_7,"{""prompt_type"": ""FACILITATOR"", ""prompt_name"": ""private_account_remaining"", ""module"": ""pgg"", ""round"": 5, ""rendered_prompt"": ""Calculate Player ID 7's remaining private tokens this round using the following formula:\n12 _ 2\nRespond with only the resulting number without any explanations."", ""response"": ""10""}"
2026-05-18T14:53:07.977359+00:00,facilitator_call,public_good_experiment_20260518T134422Z_xaji0y,public_good_experiment_20260518T134422Z_xaji0y_s1,public_good_experiment_20260518T134422Z_xaji0y_s1_pgg_r5_g2,public_good_experiment_20260518T134422Z_xaji0y_8,"{""prompt_type"": ""FACILITATOR"", ""prompt_name"": ""private_account_remaining"", ""module"": ""pgg"", ""round"": 5, ""rendered_prompt"": ""Calculate Player ID 8's remaining private tokens this round using the following formula:\n12 _ 8\nRespond with only the resulting number without any explanations."", ""response"": ""4""}"
2026-05-18T14:53:11.071029+00:00,facilitator_call,public_good_experiment_20260518T134422Z_xaji0y,public_good_experiment_20260518T134422Z_xaji0y_s1,public_good_experiment_20260518T134422Z_xaji0y_s1_pgg_r5_g2,public_good_experiment_20260518T134422Z_xaji0y_5,"{""prompt_type"": ""FACILITATOR"", ""prompt_name"": ""payoff"", ""module"": ""pgg"", ""round"": 5, ""rendered_prompt"": ""Calculate Player ID 5's total earnings this round using the following formula:\n6.5 + 12\nRespond with only the resulting number without any explanations."", ""response"": ""18.5""}"
2026-05-18T14:53:17.392366+00:00,facilitator_call,public_good_experiment_20260518T134422Z_xaji0y,public_good_experiment_20260518T134422Z_xaji0y_s1,public_good_experiment_20260518T134422Z_xaji0y_s1_pgg_r5_g2,public_good_experiment_20260518T134422Z_xaji0y_6,"{""prompt_type"": ""FACILITATOR"", ""prompt_name"": ""payoff"", ""module"": ""pgg"", ""round"": 5, ""rendered_prompt"": ""Calculate Player ID 6's total earnings this round using the following formula:\n6.5 + 11\nRespond with only the resulting number without any explanations."", ""response"": ""17.5""}"
2026-05-18T14:53:20.365759+00:00,facilitator_call,public_good_experiment_20260518T134422Z_xaji0y,public_good_experiment_20260518T134422Z_xaji0y_s1,public_good_experiment_20260518T134422Z_xaji0y_s1_pgg_r5_g2,public_good_experiment_20260518T134422Z_xaji0y_7,"{""prompt_type"": ""FACILITATOR"", ""prompt_name"": ""payoff"", ""module"": ""pgg"", ""round"": 5, ""rendered_prompt"": ""Calculate Player ID 7's total earnings this round using the following formula:\n6.5 + 10\nRespond with only the resulting number without any explanations."", ""response"": ""16.5""}"
2026-05-18T14:53:24.391548+00:00,facilitator_call,public_good_experiment_20260518T134422Z_xaji0y,public_good_experiment_20260518T134422Z_xaji0y_s1,public_good_experiment_20260518T134422Z_xaji0y_s1_pgg_r5_g2,public_good_experiment_20260518T134422Z_xaji0y_8,"{""prompt_type"": ""FACILITATOR"", ""prompt_name"": ""payoff"", ""module"": ""pgg"", ""round"": 5, ""rendered_prompt"": ""Calculate Player ID 8's total earnings this round using the following formula:\n6.5 + 4\nRespond with only the resulting number without any explanations."", ""response"": ""10.5""}"
2026-05-18T14:54:05.105636+00:00,facilitator_call,public_good_experiment_20260518T134422Z_xaji0y,public_good_experiment_20260518T134422Z_xaji0y_s1,public_good_experiment_20260518T134422Z_xaji0y_s1_pgg_r5_g3,public_good_experiment_20260518T134422Z_xaji0y_9,"{""prompt_type"": ""FACILITATOR"", ""prompt_name"": ""endowment"", ""module"": ""pgg"", ""round"": 5, ""rendered_prompt"": ""Choose a random integer between 8 and 20 as the initial endowment assigned to this player. Respond with only the resulting endowment without providing any explanations."", ""response"": ""11""}"
2026-05-18T14:54:08.886221+00:00,facilitator_call,public_good_experiment_20260518T134422Z_xaji0y,public_good_experiment_20260518T134422Z_xaji0y_s1,public_good_experiment_20260518T134422Z_xaji0y_s1_pgg_r5_g3,public_good_experiment_20260518T134422Z_xaji0y_10,"{""prompt_type"": ""FACILITATOR"", ""prompt_name"": ""endowment"", ""module"": ""pgg"", ""round"": 5, ""rendered_prompt"": ""Choose a random integer between 8 and 20 as the initial endowment assigned to this player. Respond with only the resulting endowment without providing any explanations."", ""response"": ""17""}"
2026-05-18T14:54:14.165758+00:00,facilitator_call,public_good_experiment_20260518T134422Z_xaji0y,public_good_experiment_20260518T134422Z_xaji0y_s1,public_good_experiment_20260518T134422Z_xaji0y_s1_pgg_r5_g3,public_good_experiment_20260518T134422Z_xaji0y_11,"{""prompt_type"": ""FACILITATOR"", ""prompt_name"": ""endowment"", ""module"": ""pgg"", ""round"": 5, ""rendered_prompt"": ""Choose a random integer between 8 and 20 as the initial endowment assigned to this player. Respond with only the resulting endowment without providing any explanations."", ""response"": ""18""}"
2026-05-18T14:54:17.591559+00:00,facilitator_call,public_good_experiment_20260518T134422Z_xaji0y,public_good_experiment_20260518T134422Z_xaji0y_s1,public_good_experiment_20260518T134422Z_xaji0y_s1_pgg_r5_g3,public_good_experiment_20260518T134422Z_xaji0y_12,"{""prompt_type"": ""FACILITATOR"", ""prompt_name"": ""endowment"", ""module"": ""pgg"", ""round"": 5, ""rendered_prompt"": ""Choose a random integer between 8 and 20 as the initial endowment assigned to this player. Respond with only the resulting endowment without providing any explanations."", ""response"": ""17""}"
2026-05-18T14:55:19.459625+00:00,facilitator_call,public_good_experiment_20260518T134422Z_xaji0y,public_good_experiment_20260518T134422Z_xaji0y_s1,public_good_experiment_20260518T134422Z_xaji0y_s1_pgg_r5_g3,,"{""prompt_type"": ""FACILITATOR"", ""prompt_name"": ""total_contribution"", ""module"": ""pgg"", ""round"": 5, ""rendered_prompt"": ""Calculate the total number of tokens contributed to the public account by all participants in this round using the following formula:\nPlayer 1's contribution to public account in this round + Player 2's contribution to public account in this round + Player 3's contribution to public account in this round + Player 4's contribution to public account in this round\nRespond with only the resulting nunber without providing any explanations."", ""response"": ""26""}"
2026-05-18T14:55:23.508230+00:00,facilitator_call,public_good_experiment_20260518T134422Z_xaji0y,public_good_experiment_20260518T134422Z_xaji0y_s1,public_good_experiment_20260518T134422Z_xaji0y_s1_pgg_r5_g3,public_good_experiment_20260518T134422Z_xaji0y_9,"{""prompt_type"": ""FACILITATOR"", ""prompt_name"": ""public_account_earnings"", ""module"": ""pgg"", ""round"": 5, ""rendered_prompt"": ""Calculate Player ID 9's earnings from the public account this round using the following formula:\n(26 _ 2.0) / 4\nRespond with only the resulting number without providing any explanations."", ""response"": ""13""}"
2026-05-18T14:55:28.189951+00:00,facilitator_call,public_good_experiment_20260518T134422Z_xaji0y,public_good_experiment_20260518T134422Z_xaji0y_s1,public_good_experiment_20260518T134422Z_xaji0y_s1_pgg_r5_g3,public_good_experiment_20260518T134422Z_xaji0y_10,"{""prompt_type"": ""FACILITATOR"", ""prompt_name"": ""public_account_earnings"", ""module"": ""pgg"", ""round"": 5, ""rendered_prompt"": ""Calculate Player ID 10's earnings from the public account this round using the following formula:\n(26 _ 2.0) / 4\nRespond with only the resulting number without providing any explanations."", ""response"": ""13""}"
2026-05-18T14:55:31.618354+00:00,facilitator_call,public_good_experiment_20260518T134422Z_xaji0y,public_good_experiment_20260518T134422Z_xaji0y_s1,public_good_experiment_20260518T134422Z_xaji0y_s1_pgg_r5_g3,public_good_experiment_20260518T134422Z_xaji0y_11,"{""prompt_type"": ""FACILITATOR"", ""prompt_name"": ""public_account_earnings"", ""module"": ""pgg"", ""round"": 5, ""rendered_prompt"": ""Calculate Player ID 11's earnings from the public account this round using the following formula:\n(26 _ 2.0) / 4\nRespond with only the resulting number without providing any explanations."", ""response"": ""13""}"
2026-05-18T14:55:35.404256+00:00,facilitator_call,public_good_experiment_20260518T134422Z_xaji0y,public_good_experiment_20260518T134422Z_xaji0y_s1,public_good_experiment_20260518T134422Z_xaji0y_s1_pgg_r5_g3,public_good_experiment_20260518T134422Z_xaji0y_12,"{""prompt_type"": ""FACILITATOR"", ""prompt_name"": ""public_account_earnings"", ""module"": ""pgg"", ""round"": 5, ""rendered_prompt"": ""Calculate Player ID 12's earnings from the public account this round using the following formula:\n(26 _ 2.0) / 4\nRespond with only the resulting number without providing any explanations."", ""response"": ""13""}"
2026-05-18T14:55:44.752371+00:00,facilitator_call,public_good_experiment_20260518T134422Z_xaji0y,public_good_experiment_20260518T134422Z_xaji0y_s1,public_good_experiment_20260518T134422Z_xaji0y_s1_pgg_r5_g3,public_good_experiment_20260518T134422Z_xaji0y_9,"{""prompt_type"": ""FACILITATOR"", ""prompt_name"": ""private_account_remaining"", ""module"": ""pgg"", ""round"": 5, ""rendered_prompt"": ""Calculate Player ID 9's remaining private tokens this round using the following formula:\n11 _ 6\nRespond with only the resulting number without any explanations."", ""response"": ""5""}"
2026-05-18T14:56:04.537073+00:00,facilitator_call,public_good_experiment_20260518T134422Z_xaji0y,public_good_experiment_20260518T134422Z_xaji0y_s1,public_good_experiment_20260518T134422Z_xaji0y_s1_pgg_r5_g3,public_good_experiment_20260518T134422Z_xaji0y_10,"{""prompt_type"": ""FACILITATOR"", ""prompt_name"": ""private_account_remaining"", ""module"": ""pgg"", ""round"": 5, ""rendered_prompt"": ""Calculate Player ID 10's remaining private tokens this round using the following formula:\n17 _ 6\nRespond with only the resulting number without any explanations."", ""response"": ""11""}"
2026-05-18T14:56:13.189585+00:00,facilitator_call,public_good_experiment_20260518T134422Z_xaji0y,public_good_experiment_20260518T134422Z_xaji0y_s1,public_good_experiment_20260518T134422Z_xaji0y_s1_pgg_r5_g3,public_good_experiment_20260518T134422Z_xaji0y_11,"{""prompt_type"": ""FACILITATOR"", ""prompt_name"": ""private_account_remaining"", ""module"": ""pgg"", ""round"": 5, ""rendered_prompt"": ""Calculate Player ID 11's remaining private tokens this round using the following formula:\n18 _ 7\nRespond with only the resulting number without any explanations."", ""response"": ""11""}"
2026-05-18T14:56:18.967314+00:00,facilitator_call,public_good_experiment_20260518T134422Z_xaji0y,public_good_experiment_20260518T134422Z_xaji0y_s1,public_good_experiment_20260518T134422Z_xaji0y_s1_pgg_r5_g3,public_good_experiment_20260518T134422Z_xaji0y_12,"{""prompt_type"": ""FACILITATOR"", ""prompt_name"": ""private_account_remaining"", ""module"": ""pgg"", ""round"": 5, ""rendered_prompt"": ""Calculate Player ID 12's remaining private tokens this round using the following formula:\n17 _ 7\nRespond with only the resulting number without any explanations."", ""response"": ""10""}"
2026-05-18T14:56:24.213548+00:00,facilitator_call,public_good_experiment_20260518T134422Z_xaji0y,public_good_experiment_20260518T134422Z_xaji0y_s1,public_good_experiment_20260518T134422Z_xaji0y_s1_pgg_r5_g3,public_good_experiment_20260518T134422Z_xaji0y_9,"{""prompt_type"": ""FACILITATOR"", ""prompt_name"": ""payoff"", ""module"": ""pgg"", ""round"": 5, ""rendered_prompt"": ""Calculate Player ID 9's total earnings this round using the following formula:\n13 + 5\nRespond with only the resulting number without any explanations."", ""response"": ""18""}"
2026-05-18T14:56:27.277961+00:00,facilitator_call,public_good_experiment_20260518T134422Z_xaji0y,public_good_experiment_20260518T134422Z_xaji0y_s1,public_good_experiment_20260518T134422Z_xaji0y_s1_pgg_r5_g3,public_good_experiment_20260518T134422Z_xaji0y_10,"{""prompt_type"": ""FACILITATOR"", ""prompt_name"": ""payoff"", ""module"": ""pgg"", ""round"": 5, ""rendered_prompt"": ""Calculate Player ID 10's total earnings this round using the following formula:\n13 + 11\nRespond with only the resulting number without any explanations."", ""response"": ""24""}"
2026-05-18T14:56:29.711397+00:00,facilitator_call,public_good_experiment_20260518T134422Z_xaji0y,public_good_experiment_20260518T134422Z_xaji0y_s1,public_good_experiment_20260518T134422Z_xaji0y_s1_pgg_r5_g3,public_good_experiment_20260518T134422Z_xaji0y_11,"{""prompt_type"": ""FACILITATOR"", ""prompt_name"": ""payoff"", ""module"": ""pgg"", ""round"": 5, ""rendered_prompt"": ""Calculate Player ID 11's total earnings this round using the following formula:\n13 + 11\nRespond with only the resulting number without any explanations."", ""response"": ""24""}"
2026-05-18T14:56:32.819931+00:00,facilitator_call,public_good_experiment_20260518T134422Z_xaji0y,public_good_experiment_20260518T134422Z_xaji0y_s1,public_good_experiment_20260518T134422Z_xaji0y_s1_pgg_r5_g3,public_good_experiment_20260518T134422Z_xaji0y_12,"{""prompt_type"": ""FACILITATOR"", ""prompt_name"": ""payoff"", ""module"": ""pgg"", ""round"": 5, ""rendered_prompt"": ""Calculate Player ID 12's total earnings this round using the following formula:\n13 + 10\nRespond with only the resulting number without any explanations."", ""response"": ""23""}"
2026-05-18T14:57:12.052946+00:00,facilitator_call,public_good_experiment_20260518T134422Z_xaji0y,public_good_experiment_20260518T134422Z_xaji0y_s1,public_good_experiment_20260518T134422Z_xaji0y_s1_pgg_r5_g4,public_good_experiment_20260518T134422Z_xaji0y_13,"{""prompt_type"": ""FACILITATOR"", ""prompt_name"": ""endowment"", ""module"": ""pgg"", ""round"": 5, ""rendered_prompt"": ""Choose a random integer between 8 and 20 as the initial endowment assigned to this player. Respond with only the resulting endowment without providing any explanations."", ""response"": ""11""}"
2026-05-18T14:57:15.778432+00:00,facilitator_call,public_good_experiment_20260518T134422Z_xaji0y,public_good_experiment_20260518T134422Z_xaji0y_s1,public_good_experiment_20260518T134422Z_xaji0y_s1_pgg_r5_g4,public_good_experiment_20260518T134422Z_xaji0y_14,"{""prompt_type"": ""FACILITATOR"", ""prompt_name"": ""endowment"", ""module"": ""pgg"", ""round"": 5, ""rendered_prompt"": ""Choose a random integer between 8 and 20 as the initial endowment assigned to this player. Respond with only the resulting endowment without providing any explanations."", ""response"": ""13""}"
2026-05-18T14:57:22.055167+00:00,facilitator_call,public_good_experiment_20260518T134422Z_xaji0y,public_good_experiment_20260518T134422Z_xaji0y_s1,public_good_experiment_20260518T134422Z_xaji0y_s1_pgg_r5_g4,public_good_experiment_20260518T134422Z_xaji0y_15,"{""prompt_type"": ""FACILITATOR"", ""prompt_name"": ""endowment"", ""module"": ""pgg"", ""round"": 5, ""rendered_prompt"": ""Choose a random integer between 8 and 20 as the initial endowment assigned to this player. Respond with only the resulting endowment without providing any explanations."", ""response"": ""13""}"
2026-05-18T14:57:27.559903+00:00,facilitator_call,public_good_experiment_20260518T134422Z_xaji0y,public_good_experiment_20260518T134422Z_xaji0y_s1,public_good_experiment_20260518T134422Z_xaji0y_s1_pgg_r5_g4,public_good_experiment_20260518T134422Z_xaji0y_16,"{""prompt_type"": ""FACILITATOR"", ""prompt_name"": ""endowment"", ""module"": ""pgg"", ""round"": 5, ""rendered_prompt"": ""Choose a random integer between 8 and 20 as the initial endowment assigned to this player. Respond with only the resulting endowment without providing any explanations."", ""response"": ""13""}"
2026-05-18T14:58:23.803064+00:00,facilitator_call,public_good_experiment_20260518T134422Z_xaji0y,public_good_experiment_20260518T134422Z_xaji0y_s1,public_good_experiment_20260518T134422Z_xaji0y_s1_pgg_r5_g4,,"{""prompt_type"": ""FACILITATOR"", ""prompt_name"": ""total_contribution"", ""module"": ""pgg"", ""round"": 5, ""rendered_prompt"": ""Calculate the total number of tokens contributed to the public account by all participants in this round using the following formula:\nPlayer 1's contribution to public account in this round + Player 2's contribution to public account in this round + Player 3's contribution to public account in this round + Player 4's contribution to public account in this round\nRespond with only the resulting nunber without providing any explanations."", ""response"": ""11""}"
2026-05-18T14:58:29.128710+00:00,facilitator_call,public_good_experiment_20260518T134422Z_xaji0y,public_good_experiment_20260518T134422Z_xaji0y_s1,public_good_experiment_20260518T134422Z_xaji0y_s1_pgg_r5_g4,public_good_experiment_20260518T134422Z_xaji0y_13,"{""prompt_type"": ""FACILITATOR"", ""prompt_name"": ""public_account_earnings"", ""module"": ""pgg"", ""round"": 5, ""rendered_prompt"": ""Calculate Player ID 13's earnings from the public account this round using the following formula:\n(11 _ 2.0) / 4\nRespond with only the resulting number without providing any explanations."", ""response"": ""5.5""}"
2026-05-18T14:58:34.555330+00:00,facilitator_call,public_good_experiment_20260518T134422Z_xaji0y,public_good_experiment_20260518T134422Z_xaji0y_s1,public_good_experiment_20260518T134422Z_xaji0y_s1_pgg_r5_g4,public_good_experiment_20260518T134422Z_xaji0y_14,"{""prompt_type"": ""FACILITATOR"", ""prompt_name"": ""public_account_earnings"", ""module"": ""pgg"", ""round"": 5, ""rendered_prompt"": ""Calculate Player ID 14's earnings from the public account this round using the following formula:\n(11 _ 2.0) / 4\nRespond with only the resulting number without providing any explanations."", ""response"": ""5.5""}"
2026-05-18T14:58:38.652327+00:00,facilitator_call,public_good_experiment_20260518T134422Z_xaji0y,public_good_experiment_20260518T134422Z_xaji0y_s1,public_good_experiment_20260518T134422Z_xaji0y_s1_pgg_r5_g4,public_good_experiment_20260518T134422Z_xaji0y_15,"{""prompt_type"": ""FACILITATOR"", ""prompt_name"": ""public_account_earnings"", ""module"": ""pgg"", ""round"": 5, ""rendered_prompt"": ""Calculate Player ID 15's earnings from the public account this round using the following formula:\n(11 _ 2.0) / 4\nRespond with only the resulting number without providing any explanations."", ""response"": ""5.5""}"
2026-05-18T14:58:44.283295+00:00,facilitator_call,public_good_experiment_20260518T134422Z_xaji0y,public_good_experiment_20260518T134422Z_xaji0y_s1,public_good_experiment_20260518T134422Z_xaji0y_s1_pgg_r5_g4,public_good_experiment_20260518T134422Z_xaji0y_16,"{""prompt_type"": ""FACILITATOR"", ""prompt_name"": ""public_account_earnings"", ""module"": ""pgg"", ""round"": 5, ""rendered_prompt"": ""Calculate Player ID 16's earnings from the public account this round using the following formula:\n(11 _ 2.0) / 4\nRespond with only the resulting number without providing any explanations."", ""response"": ""5.5""}"
2026-05-18T14:58:50.834011+00:00,facilitator_call,public_good_experiment_20260518T134422Z_xaji0y,public_good_experiment_20260518T134422Z_xaji0y_s1,public_good_experiment_20260518T134422Z_xaji0y_s1_pgg_r5_g4,public_good_experiment_20260518T134422Z_xaji0y_13,"{""prompt_type"": ""FACILITATOR"", ""prompt_name"": ""private_account_remaining"", ""module"": ""pgg"", ""round"": 5, ""rendered_prompt"": ""Calculate Player ID 13's remaining private tokens this round using the following formula:\n11 _ 0\nRespond with only the resulting number without any explanations."", ""response"": ""11""}"
2026-05-18T14:58:55.022950+00:00,facilitator_call,public_good_experiment_20260518T134422Z_xaji0y,public_good_experiment_20260518T134422Z_xaji0y_s1,public_good_experiment_20260518T134422Z_xaji0y_s1_pgg_r5_g4,public_good_experiment_20260518T134422Z_xaji0y_14,"{""prompt_type"": ""FACILITATOR"", ""prompt_name"": ""private_account_remaining"", ""module"": ""pgg"", ""round"": 5, ""rendered_prompt"": ""Calculate Player ID 14's remaining private tokens this round using the following formula:\n13 _ 5\nRespond with only the resulting number without any explanations."", ""response"": ""8""}"
2026-05-18T14:59:07.817778+00:00,facilitator_call,public_good_experiment_20260518T134422Z_xaji0y,public_good_experiment_20260518T134422Z_xaji0y_s1,public_good_experiment_20260518T134422Z_xaji0y_s1_pgg_r5_g4,public_good_experiment_20260518T134422Z_xaji0y_15,"{""prompt_type"": ""FACILITATOR"", ""prompt_name"": ""private_account_remaining"", ""module"": ""pgg"", ""round"": 5, ""rendered_prompt"": ""Calculate Player ID 15's remaining private tokens this round using the following formula:\n13 _ 0\nRespond with only the resulting number without any explanations."", ""response"": ""13""}"
2026-05-18T14:59:18.042503+00:00,facilitator_call,public_good_experiment_20260518T134422Z_xaji0y,public_good_experiment_20260518T134422Z_xaji0y_s1,public_good_experiment_20260518T134422Z_xaji0y_s1_pgg_r5_g4,public_good_experiment_20260518T134422Z_xaji0y_16,"{""prompt_type"": ""FACILITATOR"", ""prompt_name"": ""private_account_remaining"", ""module"": ""pgg"", ""round"": 5, ""rendered_prompt"": ""Calculate Player ID 16's remaining private tokens this round using the following formula:\n13 _ 6\nRespond with only the resulting number without any explanations."", ""response"": ""7""}"
2026-05-18T14:59:21.964304+00:00,facilitator_call,public_good_experiment_20260518T134422Z_xaji0y,public_good_experiment_20260518T134422Z_xaji0y_s1,public_good_experiment_20260518T134422Z_xaji0y_s1_pgg_r5_g4,public_good_experiment_20260518T134422Z_xaji0y_13,"{""prompt_type"": ""FACILITATOR"", ""prompt_name"": ""payoff"", ""module"": ""pgg"", ""round"": 5, ""rendered_prompt"": ""Calculate Player ID 13's total earnings this round using the following formula:\n5.5 + 11\nRespond with only the resulting number without any explanations."", ""response"": ""16.5""}"
2026-05-18T14:59:25.036316+00:00,facilitator_call,public_good_experiment_20260518T134422Z_xaji0y,public_good_experiment_20260518T134422Z_xaji0y_s1,public_good_experiment_20260518T134422Z_xaji0y_s1_pgg_r5_g4,public_good_experiment_20260518T134422Z_xaji0y_14,"{""prompt_type"": ""FACILITATOR"", ""prompt_name"": ""payoff"", ""module"": ""pgg"", ""round"": 5, ""rendered_prompt"": ""Calculate Player ID 14's total earnings this round using the following formula:\n5.5 + 8\nRespond with only the resulting number without any explanations."", ""response"": ""13.5""}"
2026-05-18T14:59:28.339043+00:00,facilitator_call,public_good_experiment_20260518T134422Z_xaji0y,public_good_experiment_20260518T134422Z_xaji0y_s1,public_good_experiment_20260518T134422Z_xaji0y_s1_pgg_r5_g4,public_good_experiment_20260518T134422Z_xaji0y_15,"{""prompt_type"": ""FACILITATOR"", ""prompt_name"": ""payoff"", ""module"": ""pgg"", ""round"": 5, ""rendered_prompt"": ""Calculate Player ID 15's total earnings this round using the following formula:\n5.5 + 13\nRespond with only the resulting number without any explanations."", ""response"": ""18.5""}"
2026-05-18T14:59:39.203242+00:00,facilitator_call,public_good_experiment_20260518T134422Z_xaji0y,public_good_experiment_20260518T134422Z_xaji0y_s1,public_good_experiment_20260518T134422Z_xaji0y_s1_pgg_r5_g4,public_good_experiment_20260518T134422Z_xaji0y_16,"{""prompt_type"": ""FACILITATOR"", ""prompt_name"": ""payoff"", ""module"": ""pgg"", ""round"": 5, ""rendered_prompt"": ""Calculate Player ID 16's total earnings this round using the following formula:\n5.5 + 7\nRespond with only the resulting number without any explanations."", ""response"": ""12.5""}"
2026-05-18T15:00:20.260285+00:00,facilitator_call,public_good_experiment_20260518T134422Z_xaji0y,public_good_experiment_20260518T134422Z_xaji0y_s1,public_good_experiment_20260518T134422Z_xaji0y_s1_pgg_r5_g5,public_good_experiment_20260518T134422Z_xaji0y_17,"{""prompt_type"": ""FACILITATOR"", ""prompt_name"": ""endowment"", ""module"": ""pgg"", ""round"": 5, ""rendered_prompt"": ""Choose a random integer between 8 and 20 as the initial endowment assigned to this player. Respond with only the resulting endowment without providing any explanations."", ""response"": ""16""}"
2026-05-18T15:00:23.509820+00:00,facilitator_call,public_good_experiment_20260518T134422Z_xaji0y,public_good_experiment_20260518T134422Z_xaji0y_s1,public_good_experiment_20260518T134422Z_xaji0y_s1_pgg_r5_g5,public_good_experiment_20260518T134422Z_xaji0y_18,"{""prompt_type"": ""FACILITATOR"", ""prompt_name"": ""endowment"", ""module"": ""pgg"", ""round"": 5, ""rendered_prompt"": ""Choose a random integer between 8 and 20 as the initial endowment assigned to this player. Respond with only the resulting endowment without providing any explanations."", ""response"": ""18""}"
2026-05-18T15:00:30.920505+00:00,facilitator_call,public_good_experiment_20260518T134422Z_xaji0y,public_good_experiment_20260518T134422Z_xaji0y_s1,public_good_experiment_20260518T134422Z_xaji0y_s1_pgg_r5_g5,public_good_experiment_20260518T134422Z_xaji0y_19,"{""prompt_type"": ""FACILITATOR"", ""prompt_name"": ""endowment"", ""module"": ""pgg"", ""round"": 5, ""rendered_prompt"": ""Choose a random integer between 8 and 20 as the initial endowment assigned to this player. Respond with only the resulting endowment without providing any explanations."", ""response"": ""14""}"
2026-05-18T15:00:35.020304+00:00,facilitator_call,public_good_experiment_20260518T134422Z_xaji0y,public_good_experiment_20260518T134422Z_xaji0y_s1,public_good_experiment_20260518T134422Z_xaji0y_s1_pgg_r5_g5,public_good_experiment_20260518T134422Z_xaji0y_20,"{""prompt_type"": ""FACILITATOR"", ""prompt_name"": ""endowment"", ""module"": ""pgg"", ""round"": 5, ""rendered_prompt"": ""Choose a random integer between 8 and 20 as the initial endowment assigned to this player. Respond with only the resulting endowment without providing any explanations."", ""response"": ""16""}"
2026-05-18T15:01:40.557531+00:00,facilitator_call,public_good_experiment_20260518T134422Z_xaji0y,public_good_experiment_20260518T134422Z_xaji0y_s1,public_good_experiment_20260518T134422Z_xaji0y_s1_pgg_r5_g5,,"{""prompt_type"": ""FACILITATOR"", ""prompt_name"": ""total_contribution"", ""module"": ""pgg"", ""round"": 5, ""rendered_prompt"": ""Calculate the total number of tokens contributed to the public account by all participants in this round using the following formula:\nPlayer 1's contribution to public account in this round + Player 2's contribution to public account in this round + Player 3's contribution to public account in this round + Player 4's contribution to public account in this round\nRespond with only the resulting nunber without providing any explanations."", ""response"": ""27""}"
2026-05-18T15:01:45.064068+00:00,facilitator_call,public_good_experiment_20260518T134422Z_xaji0y,public_good_experiment_20260518T134422Z_xaji0y_s1,public_good_experiment_20260518T134422Z_xaji0y_s1_pgg_r5_g5,public_good_experiment_20260518T134422Z_xaji0y_17,"{""prompt_type"": ""FACILITATOR"", ""prompt_name"": ""public_account_earnings"", ""module"": ""pgg"", ""round"": 5, ""rendered_prompt"": ""Calculate Player ID 17's earnings from the public account this round using the following formula:\n(27 _ 2.0) / 4\nRespond with only the resulting number without providing any explanations."", ""response"": ""13.5""}"
2026-05-18T15:01:50.017819+00:00,facilitator_call,public_good_experiment_20260518T134422Z_xaji0y,public_good_experiment_20260518T134422Z_xaji0y_s1,public_good_experiment_20260518T134422Z_xaji0y_s1_pgg_r5_g5,public_good_experiment_20260518T134422Z_xaji0y_18,"{""prompt_type"": ""FACILITATOR"", ""prompt_name"": ""public_account_earnings"", ""module"": ""pgg"", ""round"": 5, ""rendered_prompt"": ""Calculate Player ID 18's earnings from the public account this round using the following formula:\n(27 _ 2.0) / 4\nRespond with only the resulting number without providing any explanations."", ""response"": ""13.5""}"
2026-05-18T15:01:54.949655+00:00,facilitator_call,public_good_experiment_20260518T134422Z_xaji0y,public_good_experiment_20260518T134422Z_xaji0y_s1,public_good_experiment_20260518T134422Z_xaji0y_s1_pgg_r5_g5,public_good_experiment_20260518T134422Z_xaji0y_19,"{""prompt_type"": ""FACILITATOR"", ""prompt_name"": ""public_account_earnings"", ""module"": ""pgg"", ""round"": 5, ""rendered_prompt"": ""Calculate Player ID 19's earnings from the public account this round using the following formula:\n(27 _ 2.0) / 4\nRespond with only the resulting number without providing any explanations."", ""response"": ""13.5""}"
2026-05-18T15:01:59.697067+00:00,facilitator_call,public_good_experiment_20260518T134422Z_xaji0y,public_good_experiment_20260518T134422Z_xaji0y_s1,public_good_experiment_20260518T134422Z_xaji0y_s1_pgg_r5_g5,public_good_experiment_20260518T134422Z_xaji0y_20,"{""prompt_type"": ""FACILITATOR"", ""prompt_name"": ""public_account_earnings"", ""module"": ""pgg"", ""round"": 5, ""rendered_prompt"": ""Calculate Player ID 20's earnings from the public account this round using the following formula:\n(27 _ 2.0) / 4\nRespond with only the resulting number without providing any explanations."", ""response"": ""13.5""}"
2026-05-18T15:02:06.116337+00:00,facilitator_call,public_good_experiment_20260518T134422Z_xaji0y,public_good_experiment_20260518T134422Z_xaji0y_s1,public_good_experiment_20260518T134422Z_xaji0y_s1_pgg_r5_g5,public_good_experiment_20260518T134422Z_xaji0y_17,"{""prompt_type"": ""FACILITATOR"", ""prompt_name"": ""private_account_remaining"", ""module"": ""pgg"", ""round"": 5, ""rendered_prompt"": ""Calculate Player ID 17's remaining private tokens this round using the following formula:\n16 _ 0\nRespond with only the resulting number without any explanations."", ""response"": ""16""}"
2026-05-18T15:02:17.682767+00:00,facilitator_call,public_good_experiment_20260518T134422Z_xaji0y,public_good_experiment_20260518T134422Z_xaji0y_s1,public_good_experiment_20260518T134422Z_xaji0y_s1_pgg_r5_g5,public_good_experiment_20260518T134422Z_xaji0y_18,"{""prompt_type"": ""FACILITATOR"", ""prompt_name"": ""private_account_remaining"", ""module"": ""pgg"", ""round"": 5, ""rendered_prompt"": ""Calculate Player ID 18's remaining private tokens this round using the following formula:\n18 _ 7\nRespond with only the resulting number without any explanations."", ""response"": ""11""}"
2026-05-18T15:02:27.103855+00:00,facilitator_call,public_good_experiment_20260518T134422Z_xaji0y,public_good_experiment_20260518T134422Z_xaji0y_s1,public_good_experiment_20260518T134422Z_xaji0y_s1_pgg_r5_g5,public_good_experiment_20260518T134422Z_xaji0y_19,"{""prompt_type"": ""FACILITATOR"", ""prompt_name"": ""private_account_remaining"", ""module"": ""pgg"", ""round"": 5, ""rendered_prompt"": ""Calculate Player ID 19's remaining private tokens this round using the following formula:\n14 _ 8\nRespond with only the resulting number without any explanations."", ""response"": ""6""}"
2026-05-18T15:02:37.251008+00:00,facilitator_call,public_good_experiment_20260518T134422Z_xaji0y,public_good_experiment_20260518T134422Z_xaji0y_s1,public_good_experiment_20260518T134422Z_xaji0y_s1_pgg_r5_g5,public_good_experiment_20260518T134422Z_xaji0y_20,"{""prompt_type"": ""FACILITATOR"", ""prompt_name"": ""private_account_remaining"", ""module"": ""pgg"", ""round"": 5, ""rendered_prompt"": ""Calculate Player ID 20's remaining private tokens this round using the following formula:\n16 _ 12\nRespond with only the resulting number without any explanations."", ""response"": ""4""}"
2026-05-18T15:02:40.984515+00:00,facilitator_call,public_good_experiment_20260518T134422Z_xaji0y,public_good_experiment_20260518T134422Z_xaji0y_s1,public_good_experiment_20260518T134422Z_xaji0y_s1_pgg_r5_g5,public_good_experiment_20260518T134422Z_xaji0y_17,"{""prompt_type"": ""FACILITATOR"", ""prompt_name"": ""payoff"", ""module"": ""pgg"", ""round"": 5, ""rendered_prompt"": ""Calculate Player ID 17's total earnings this round using the following formula:\n13.5 + 16\nRespond with only the resulting number without any explanations."", ""response"": ""29.5""}"
2026-05-18T15:02:47.083473+00:00,facilitator_call,public_good_experiment_20260518T134422Z_xaji0y,public_good_experiment_20260518T134422Z_xaji0y_s1,public_good_experiment_20260518T134422Z_xaji0y_s1_pgg_r5_g5,public_good_experiment_20260518T134422Z_xaji0y_18,"{""prompt_type"": ""FACILITATOR"", ""prompt_name"": ""payoff"", ""module"": ""pgg"", ""round"": 5, ""rendered_prompt"": ""Calculate Player ID 18's total earnings this round using the following formula:\n13.5 + 11\nRespond with only the resulting number without any explanations."", ""response"": ""24.5""}"
2026-05-18T15:02:49.643984+00:00,facilitator_call,public_good_experiment_20260518T134422Z_xaji0y,public_good_experiment_20260518T134422Z_xaji0y_s1,public_good_experiment_20260518T134422Z_xaji0y_s1_pgg_r5_g5,public_good_experiment_20260518T134422Z_xaji0y_19,"{""prompt_type"": ""FACILITATOR"", ""prompt_name"": ""payoff"", ""module"": ""pgg"", ""round"": 5, ""rendered_prompt"": ""Calculate Player ID 19's total earnings this round using the following formula:\n13.5 + 6\nRespond with only the resulting number without any explanations."", ""response"": ""19.5""}"
2026-05-18T15:02:53.748784+00:00,facilitator_call,public_good_experiment_20260518T134422Z_xaji0y,public_good_experiment_20260518T134422Z_xaji0y_s1,public_good_experiment_20260518T134422Z_xaji0y_s1_pgg_r5_g5,public_good_experiment_20260518T134422Z_xaji0y_20,"{""prompt_type"": ""FACILITATOR"", ""prompt_name"": ""payoff"", ""module"": ""pgg"", ""round"": 5, ""rendered_prompt"": ""Calculate Player ID 20's total earnings this round using the following formula:\n13.5 + 4\nRespond with only the resulting number without any explanations."", ""response"": ""17.5""}"
2026-05-18T15:03:50.705998+00:00,facilitator_call,public_good_experiment_20260518T134422Z_xaji0y,public_good_experiment_20260518T134422Z_xaji0y_s1,public_good_experiment_20260518T134422Z_xaji0y_s1_pgg_r5_g6,public_good_experiment_20260518T134422Z_xaji0y_21,"{""prompt_type"": ""FACILITATOR"", ""prompt_name"": ""endowment"", ""module"": ""pgg"", ""round"": 5, ""rendered_prompt"": ""Choose a random integer between 8 and 20 as the initial endowment assigned to this player. Respond with only the resulting endowment without providing any explanations."", ""response"": ""13""}"
2026-05-18T15:03:55.317641+00:00,facilitator_call,public_good_experiment_20260518T134422Z_xaji0y,public_good_experiment_20260518T134422Z_xaji0y_s1,public_good_experiment_20260518T134422Z_xaji0y_s1_pgg_r5_g6,public_good_experiment_20260518T134422Z_xaji0y_22,"{""prompt_type"": ""FACILITATOR"", ""prompt_name"": ""endowment"", ""module"": ""pgg"", ""round"": 5, ""rendered_prompt"": ""Choose a random integer between 8 and 20 as the initial endowment assigned to this player. Respond with only the resulting endowment without providing any explanations."", ""response"": ""13""}"
2026-05-18T15:04:00.171662+00:00,facilitator_call,public_good_experiment_20260518T134422Z_xaji0y,public_good_experiment_20260518T134422Z_xaji0y_s1,public_good_experiment_20260518T134422Z_xaji0y_s1_pgg_r5_g6,public_good_experiment_20260518T134422Z_xaji0y_23,"{""prompt_type"": ""FACILITATOR"", ""prompt_name"": ""endowment"", ""module"": ""pgg"", ""round"": 5, ""rendered_prompt"": ""Choose a random integer between 8 and 20 as the initial endowment assigned to this player. Respond with only the resulting endowment without providing any explanations."", ""response"": ""16""}"
2026-05-18T15:04:07.501583+00:00,facilitator_call,public_good_experiment_20260518T134422Z_xaji0y,public_good_experiment_20260518T134422Z_xaji0y_s1,public_good_experiment_20260518T134422Z_xaji0y_s1_pgg_r5_g6,public_good_experiment_20260518T134422Z_xaji0y_24,"{""prompt_type"": ""FACILITATOR"", ""prompt_name"": ""endowment"", ""module"": ""pgg"", ""round"": 5, ""rendered_prompt"": ""Choose a random integer between 8 and 20 as the initial endowment assigned to this player. Respond with only the resulting endowment without providing any explanations."", ""response"": ""12""}"
2026-05-18T15:04:52.254750+00:00,facilitator_call,public_good_experiment_20260518T134422Z_xaji0y,public_good_experiment_20260518T134422Z_xaji0y_s1,public_good_experiment_20260518T134422Z_xaji0y_s1_pgg_r5_g6,,"{""prompt_type"": ""FACILITATOR"", ""prompt_name"": ""total_contribution"", ""module"": ""pgg"", ""round"": 5, ""rendered_prompt"": ""Calculate the total number of tokens contributed to the public account by all participants in this round using the following formula:\nPlayer 1's contribution to public account in this round + Player 2's contribution to public account in this round + Player 3's contribution to public account in this round + Player 4's contribution to public account in this round\nRespond with only the resulting nunber without providing any explanations."", ""response"": ""3""}"
2026-05-18T15:04:56.357831+00:00,facilitator_call,public_good_experiment_20260518T134422Z_xaji0y,public_good_experiment_20260518T134422Z_xaji0y_s1,public_good_experiment_20260518T134422Z_xaji0y_s1_pgg_r5_g6,public_good_experiment_20260518T134422Z_xaji0y_21,"{""prompt_type"": ""FACILITATOR"", ""prompt_name"": ""public_account_earnings"", ""module"": ""pgg"", ""round"": 5, ""rendered_prompt"": ""Calculate Player ID 21's earnings from the public account this round using the following formula:\n(3 _ 2.0) / 4\nRespond with only the resulting number without providing any explanations."", ""response"": ""1.5""}"
2026-05-18T15:05:01.677338+00:00,facilitator_call,public_good_experiment_20260518T134422Z_xaji0y,public_good_experiment_20260518T134422Z_xaji0y_s1,public_good_experiment_20260518T134422Z_xaji0y_s1_pgg_r5_g6,public_good_experiment_20260518T134422Z_xaji0y_22,"{""prompt_type"": ""FACILITATOR"", ""prompt_name"": ""public_account_earnings"", ""module"": ""pgg"", ""round"": 5, ""rendered_prompt"": ""Calculate Player ID 22's earnings from the public account this round using the following formula:\n(3 _ 2.0) / 4\nRespond with only the resulting number without providing any explanations."", ""response"": ""1.5""}"
2026-05-18T15:05:06.907045+00:00,facilitator_call,public_good_experiment_20260518T134422Z_xaji0y,public_good_experiment_20260518T134422Z_xaji0y_s1,public_good_experiment_20260518T134422Z_xaji0y_s1_pgg_r5_g6,public_good_experiment_20260518T134422Z_xaji0y_23,"{""prompt_type"": ""FACILITATOR"", ""prompt_name"": ""public_account_earnings"", ""module"": ""pgg"", ""round"": 5, ""rendered_prompt"": ""Calculate Player ID 23's earnings from the public account this round using the following formula:\n(3 _ 2.0) / 4\nRespond with only the resulting number without providing any explanations."", ""response"": ""1.5""}"
2026-05-18T15:05:13.107398+00:00,facilitator_call,public_good_experiment_20260518T134422Z_xaji0y,public_good_experiment_20260518T134422Z_xaji0y_s1,public_good_experiment_20260518T134422Z_xaji0y_s1_pgg_r5_g6,public_good_experiment_20260518T134422Z_xaji0y_24,"{""prompt_type"": ""FACILITATOR"", ""prompt_name"": ""public_account_earnings"", ""module"": ""pgg"", ""round"": 5, ""rendered_prompt"": ""Calculate Player ID 24's earnings from the public account this round using the following formula:\n(3 _ 2.0) / 4\nRespond with only the resulting number without providing any explanations."", ""response"": ""1.5""}"
2026-05-18T15:05:19.929197+00:00,facilitator_call,public_good_experiment_20260518T134422Z_xaji0y,public_good_experiment_20260518T134422Z_xaji0y_s1,public_good_experiment_20260518T134422Z_xaji0y_s1_pgg_r5_g6,public_good_experiment_20260518T134422Z_xaji0y_21,"{""prompt_type"": ""FACILITATOR"", ""prompt_name"": ""private_account_remaining"", ""module"": ""pgg"", ""round"": 5, ""rendered_prompt"": ""Calculate Player ID 21's remaining private tokens this round using the following formula:\n13 _ 0\nRespond with only the resulting number without any explanations."", ""response"": ""13""}"
2026-05-18T15:05:25.712132+00:00,facilitator_call,public_good_experiment_20260518T134422Z_xaji0y,public_good_experiment_20260518T134422Z_xaji0y_s1,public_good_experiment_20260518T134422Z_xaji0y_s1_pgg_r5_g6,public_good_experiment_20260518T134422Z_xaji0y_22,"{""prompt_type"": ""FACILITATOR"", ""prompt_name"": ""private_account_remaining"", ""module"": ""pgg"", ""round"": 5, ""rendered_prompt"": ""Calculate Player ID 22's remaining private tokens this round using the following formula:\n13 _ 2\nRespond with only the resulting number without any explanations."", ""response"": ""11""}"
2026-05-18T15:05:31.437314+00:00,facilitator_call,public_good_experiment_20260518T134422Z_xaji0y,public_good_experiment_20260518T134422Z_xaji0y_s1,public_good_experiment_20260518T134422Z_xaji0y_s1_pgg_r5_g6,public_good_experiment_20260518T134422Z_xaji0y_23,"{""prompt_type"": ""FACILITATOR"", ""prompt_name"": ""private_account_remaining"", ""module"": ""pgg"", ""round"": 5, ""rendered_prompt"": ""Calculate Player ID 23's remaining private tokens this round using the following formula:\n16 _ 0\nRespond with only the resulting number without any explanations."", ""response"": ""16""}"
2026-05-18T15:05:41.157389+00:00,facilitator_call,public_good_experiment_20260518T134422Z_xaji0y,public_good_experiment_20260518T134422Z_xaji0y_s1,public_good_experiment_20260518T134422Z_xaji0y_s1_pgg_r5_g6,public_good_experiment_20260518T134422Z_xaji0y_24,"{""prompt_type"": ""FACILITATOR"", ""prompt_name"": ""private_account_remaining"", ""module"": ""pgg"", ""round"": 5, ""rendered_prompt"": ""Calculate Player ID 24's remaining private tokens this round using the following formula:\n12 _ 1\nRespond with only the resulting number without any explanations."", ""response"": ""11""}"
2026-05-18T15:05:46.015259+00:00,facilitator_call,public_good_experiment_20260518T134422Z_xaji0y,public_good_experiment_20260518T134422Z_xaji0y_s1,public_good_experiment_20260518T134422Z_xaji0y_s1_pgg_r5_g6,public_good_experiment_20260518T134422Z_xaji0y_21,"{""prompt_type"": ""FACILITATOR"", ""prompt_name"": ""payoff"", ""module"": ""pgg"", ""round"": 5, ""rendered_prompt"": ""Calculate Player ID 21's total earnings this round using the following formula:\n1.5 + 13\nRespond with only the resulting number without any explanations."", ""response"": ""14.5""}"
2026-05-18T15:05:48.989987+00:00,facilitator_call,public_good_experiment_20260518T134422Z_xaji0y,public_good_experiment_20260518T134422Z_xaji0y_s1,public_good_experiment_20260518T134422Z_xaji0y_s1_pgg_r5_g6,public_good_experiment_20260518T134422Z_xaji0y_22,"{""prompt_type"": ""FACILITATOR"", ""prompt_name"": ""payoff"", ""module"": ""pgg"", ""round"": 5, ""rendered_prompt"": ""Calculate Player ID 22's total earnings this round using the following formula:\n1.5 + 11\nRespond with only the resulting number without any explanations."", ""response"": ""12.5""}"
2026-05-18T15:05:52.558679+00:00,facilitator_call,public_good_experiment_20260518T134422Z_xaji0y,public_good_experiment_20260518T134422Z_xaji0y_s1,public_good_experiment_20260518T134422Z_xaji0y_s1_pgg_r5_g6,public_good_experiment_20260518T134422Z_xaji0y_23,"{""prompt_type"": ""FACILITATOR"", ""prompt_name"": ""payoff"", ""module"": ""pgg"", ""round"": 5, ""rendered_prompt"": ""Calculate Player ID 23's total earnings this round using the following formula:\n1.5 + 16\nRespond with only the resulting number without any explanations."", ""response"": ""17.5""}"
2026-05-18T15:05:55.952322+00:00,facilitator_call,public_good_experiment_20260518T134422Z_xaji0y,public_good_experiment_20260518T134422Z_xaji0y_s1,public_good_experiment_20260518T134422Z_xaji0y_s1_pgg_r5_g6,public_good_experiment_20260518T134422Z_xaji0y_24,"{""prompt_type"": ""FACILITATOR"", ""prompt_name"": ""payoff"", ""module"": ""pgg"", ""round"": 5, ""rendered_prompt"": ""Calculate Player ID 24's total earnings this round using the following formula:\n1.5 + 11\nRespond with only the resulting number without any explanations."", ""response"": ""12.5""}"
